,Unnamed: 0,id,producer,title,tracks,type,associated_labels,name,bit_rate,composer,duration,genre_top,genres,genres_all,license,number,tags.2,title.1
271,1,1680.0,,Favorite Works,2.0,Album,,Paul Pitman,256000.0,Robert Schumann,164.0,Classical,[5],[5],Public Domain,6.0,[],"Preludes, Book 2 - "
272,2,1680.0,,Favorite Works,2.0,Album,,Paul Pitman,256000.0,Robert Schumann,236.0,Classical,[5],[5],Public Domain,4.0,[],"Preludes, Book 2 - La puerta del Vino"
444,3,1883.0,,'Percussion' As Percussion,16.0,Album,,Jarrod Fowler,256000.0,,240.0,Experimental,[32],"[32, 38]",Creative Commons Attribution,3.0,[],Introduction: (Re)percussions
445,4,1883.0,,'Percussion' As Percussion,16.0,Album,,Jarrod Fowler,256000.0,,180.0,Experimental,[32],"[32, 38]",Creative Commons Attribution,4.0,[],The End of Senseless Beating
446,5,1883.0,,'Percussion' As Percussion,16.0,Album,,Jarrod Fowler,256000.0,,10.0,Experimental,[32],"[32, 38]",Creative Commons Attribution,5.0,[],Knocking the Subject
447,6,1883.0,,'Percussion' As Percussion,16.0,Album,,Jarrod Fowler,256000.0,,237.0,Experimental,[32],"[32, 38]",Creative Commons Attribution,11.0,[],Index
448,7,1883.0,,'Percussion' As Percussion,16.0,Album,,Jarrod Fowler,256000.0,,23.0,Experimental,[32],"[32, 38]",Creative Commons Attribution,9.0,[],Notes
449,8,1883.0,,'Percussion' As Percussion,16.0,Album,,Jarrod Fowler,256000.0,,300.0,Experimental,[32],"[32, 38]",Creative Commons Attribution,6.0,[],Different Strokes for Different Folks
450,9,1883.0,,'Percussion' As Percussion,16.0,Album,,Jarrod Fowler,256000.0,,70.0,Experimental,[32],"[32, 38]",Creative Commons Attribution,7.0,[],Sound of the City:  A Musician is Being Beaten
451,10,1883.0,,'Percussion' As Percussion,16.0,Album,,Jarrod Fowler,256000.0,,10.0,Experimental,[32],"[32, 38]",Creative Commons Attribution,12.0,[],Afterword
452,11,1883.0,,'Percussion' As Percussion,16.0,Album,,Jarrod Fowler,256000.0,,16.0,Experimental,[32],"[32, 38]",Creative Commons Attribution,10.0,[],Works Cited
453,12,1883.0,,'Percussion' As Percussion,16.0,Album,,Jarrod Fowler,256000.0,,10.0,Experimental,[32],"[32, 38]",Creative Commons Attribution,8.0,[],A Drum of One's Own
454,13,1883.0,,'Percussion' As Percussion,16.0,Album,,Jarrod Fowler,256000.0,,300.0,Experimental,[32],"[32, 38]",Creative Commons Attribution,2.0,[],Preface
455,14,1883.0,,'Percussion' As Percussion,16.0,Album,,Jarrod Fowler,256000.0,,5.0,Experimental,[32],"[32, 38]",Creative Commons Attribution,1.0,[],Acknowledgements
502,15,2100.0,Brian Turner,Live at WFMU on Brian Turner's Show on 4/10/2007 (w/ Sikhara),2.0,Radio Program,"CIP, Cold Spring, Die Stadt, Soleilmoon, Tzadik Records, Subterranean, Touch Records, Spettro Records",Z'EV,256000.0,,2213.0,Experimental,"[1, 38]","[1, 38]",Public Domain,0.0,[],(full set)
519,16,2124.0,,w00t,3.0,Album,,Bob Ostertag,160000.0,,3018.0,Experimental,"[1, 38]","[1, 38]",Creative Commons Attribution,1.0,[],w00t
794,17,2469.0,,Beethoven's Sonata No. 1 In F Minor,4.0,Album,,Daniel Veesey,320000.0,Ludwig van Beethoven,322.0,Classical,[5],[5],Public Domain,1.0,[],"Sonata No. 1 in F Minor, Op. 2 No. 1 - I. Allegro"
795,18,2469.0,,Beethoven's Sonata No. 1 In F Minor,4.0,Album,,Daniel Veesey,320000.0,Ludwig van Beethoven,340.0,Classical,[5],[5],Public Domain,2.0,[],"Sonata No. 1 in F Minor, Op. 2 No. 1 - II. Adagio"
796,19,2469.0,,Beethoven's Sonata No. 1 In F Minor,4.0,Album,,Daniel Veesey,320000.0,Ludwig van Beethoven,181.0,Classical,[5],[5],Public Domain,3.0,[],"Sonata No. 1 in F Minor, Op. 2 No. 1 - III. Menuetto Allegretto"
797,20,2469.0,,Beethoven's Sonata No. 1 In F Minor,4.0,Album,,Daniel Veesey,320000.0,Ludwig van Beethoven,446.0,Classical,[5],[5],Public Domain,4.0,[],"Sonata No. 1 in F Minor, Op. 2 No. 1 - IV. Prestissimo"
798,21,2470.0,,Beethoven's Sonata No. 32 in C Minor,2.0,Album,,Daniel Veesey,320000.0,,553.0,Classical,[5],[5],Public Domain,1.0,[],"Sonata No. 32 in C Minor, Op. 111 - I. Maestoso - Allegro con brio ed appassionato"
799,22,2470.0,,Beethoven's Sonata No. 32 in C Minor,2.0,Album,,Daniel Veesey,320000.0,,1179.0,Classical,[5],[5],Public Domain,2.0,[],"Sonata No. 32 in C Minor, Op. 111 - II. Arietta Adagio molto semplice e cantabile"
800,23,2471.0,,Mussorgsky's Pictures at an Exhibition,15.0,Album,,Skidmore College Orchestra,256000.0,Modest Mussorgsky,101.0,Classical,[5],[5],Public Domain,1.0,[],Promenade Allegro giusto nel modo russico senza allegrezza ma
801,24,2471.0,,Mussorgsky's Pictures at an Exhibition,15.0,Album,,Skidmore College Orchestra,256000.0,Modest Mussorgsky,163.0,Classical,[5],[5],Public Domain,2.0,[],I. Gnomus Vivo
802,25,2471.0,,Mussorgsky's Pictures at an Exhibition,15.0,Album,,Skidmore College Orchestra,256000.0,Modest Mussorgsky,58.0,Classical,[5],[5],Public Domain,3.0,[],Promenade Moderato comodo e con delicatezza
803,26,2471.0,,Mussorgsky's Pictures at an Exhibition,15.0,Album,,Skidmore College Orchestra,256000.0,Modest Mussorgsky,286.0,Classical,[5],[5],Public Domain,4.0,[],II. Il vecchio castello Andante
804,27,2471.0,,Mussorgsky's Pictures at an Exhibition,15.0,Album,,Skidmore College Orchestra,256000.0,Modest Mussorgsky,31.0,Classical,[5],[5],Public Domain,5.0,[],Promenade Moderato non tanto pesante
805,28,2471.0,,Mussorgsky's Pictures at an Exhibition,15.0,Album,,Skidmore College Orchestra,256000.0,Modest Mussorgsky,63.0,Classical,[5],[5],Public Domain,6.0,[],III. Tuileries Allegretto non troppo capriccioso
806,29,2471.0,,Mussorgsky's Pictures at an Exhibition,15.0,Album,,Skidmore College Orchestra,256000.0,Modest Mussorgsky,140.0,Classical,[5],[5],Public Domain,7.0,[],IV. Bydlo Sempre moderato pesante
807,30,2471.0,,Mussorgsky's Pictures at an Exhibition,15.0,Album,,Skidmore College Orchestra,256000.0,Modest Mussorgsky,42.0,Classical,[5],[5],Public Domain,8.0,[],Promenade Tranquillo
808,31,2471.0,,Mussorgsky's Pictures at an Exhibition,15.0,Album,,Skidmore College Orchestra,256000.0,Modest Mussorgsky,80.0,Classical,[5],[5],Public Domain,9.0,[],V. Ballet des poussins dans leurs coques Scherzino. Vivo leggiero
809,32,2471.0,,Mussorgsky's Pictures at an Exhibition,15.0,Album,,Skidmore College Orchestra,256000.0,Modest Mussorgsky,130.0,Classical,[5],[5],Public Domain,10.0,[],VI. Samuel Goldenberg and Schmuyle Andante
810,33,2471.0,,Mussorgsky's Pictures at an Exhibition,15.0,Album,,Skidmore College Orchestra,256000.0,Modest Mussorgsky,100.0,Classical,[5],[5],Public Domain,11.0,[],VII. Limoges. Le March? Allegretto vivo sempre scherzando
811,34,2471.0,,Mussorgsky's Pictures at an Exhibition,15.0,Album,,Skidmore College Orchestra,256000.0,Modest Mussorgsky,113.0,Classical,[5],[5],Public Domain,12.0,[],VIII. Catacombae. Sepulcrum romanum Largo
812,35,2471.0,,Mussorgsky's Pictures at an Exhibition,15.0,Album,,Skidmore College Orchestra,256000.0,Modest Mussorgsky,112.0,Classical,[5],[5],Public Domain,13.0,[],Cum mortuis in lingua mortua Andante non troppo con lamento
813,36,2471.0,,Mussorgsky's Pictures at an Exhibition,15.0,Album,,Skidmore College Orchestra,256000.0,Modest Mussorgsky,212.0,Classical,[5],[5],Public Domain,14.0,[],IX. La Cabane sur des pattes de poule Allegro con brio feroce An
814,37,2471.0,,Mussorgsky's Pictures at an Exhibition,15.0,Album,,Skidmore College Orchestra,256000.0,Modest Mussorgsky,329.0,Classical,[5],[5],Public Domain,15.0,[],X. La grande porte de Kiev Allegro alla breve. Maestoso. Con gran
857,38,2645.0,,2005 Stayin Alive InstruMentals,7.0,Album,,BOPD,192000.0,,176.0,Hip-Hop,[21],[21],Creative Commons Attribution,0.0,[],6.6.05
858,39,2645.0,,2005 Stayin Alive InstruMentals,7.0,Album,,BOPD,192000.0,,214.0,Hip-Hop,[21],[21],Creative Commons Attribution,0.0,[],aint no thing
859,40,2645.0,,2005 Stayin Alive InstruMentals,7.0,Album,,BOPD,192000.0,,110.0,Hip-Hop,[21],[21],Creative Commons Attribution,0.0,[],2.17.05
860,41,2645.0,,2005 Stayin Alive InstruMentals,7.0,Album,,BOPD,192000.0,,109.0,Hip-Hop,[21],[21],Creative Commons Attribution,0.0,[],2.18.05 dai
861,42,2645.0,,2005 Stayin Alive InstruMentals,7.0,Album,,BOPD,192000.0,,235.0,Hip-Hop,[21],[21],Creative Commons Attribution,0.0,[],1.26 beat1
862,43,2645.0,,2005 Stayin Alive InstruMentals,7.0,Album,,BOPD,192000.0,,172.0,Hip-Hop,[21],[21],Creative Commons Attribution,0.0,[],2.12.05 elevator
863,44,2645.0,,2005 Stayin Alive InstruMentals,7.0,Album,,BOPD,192000.0,,114.0,Hip-Hop,[21],[21],Creative Commons Attribution,0.0,[],2.2.05
932,45,2749.0,,netBloc Vol. 20: music to accompany the world traveller,10.0,Album,,Music Komite,320000.0,,171.0,Electronic,[236],"[236, 15]",Creative Commons Attribution,9.0,[],Elles
946,46,2807.0,,Muzio Clementi's Sonatina No. 2 in G Major,0.0,,,Aaron Dunn,320000.0,,145.0,Classical,[5],[5],Public Domain,0.0,[],Sonatina No. 2 in G Major  - III. Allegro
947,47,2809.0,,"Bach's Aria, Goldberg Variations, BWV. 988",0.0,,,Aaron Dunn,320000.0,,145.0,Classical,[5],[5],Public Domain,0.0,['contrapuntus'],"Goldberg Variations, BWV. 988 - Aria"
948,48,2806.0,,Sonata No. 1,0.0,,,Aaron Dunn,256000.0,,165.0,Classical,[5],[5],Public Domain,0.0,[],Sonata No. 1 - Movement 1
949,49,2806.0,,Sonata No. 1,0.0,,,Aaron Dunn,256000.0,,163.0,Classical,[5],[5],Public Domain,0.0,[],Sonata No. 1 - Movement 2
950,50,2805.0,,Muzio Clementi's Sonatina No. 1 in C Major,0.0,,,Aaron Dunn,320000.0,,96.0,Classical,[5],[5],Public Domain,0.0,[],Sonatina No. 1 in C Major - I. Allegro
951,51,2805.0,,Muzio Clementi's Sonatina No. 1 in C Major,0.0,,,Aaron Dunn,320000.0,,97.0,Classical,[5],[5],Public Domain,0.0,[],Sonatina No. 1 in C Major - II. Andante
952,52,2805.0,,Muzio Clementi's Sonatina No. 1 in C Major,0.0,,,Aaron Dunn,320000.0,,73.0,Classical,[5],[5],Public Domain,0.0,[],Sonatina No. 1 in C Major - III. Vivace
953,53,2808.0,,Bach's Minuet,0.0,,,Aaron Dunn,320000.0,,50.0,Classical,[5],[5],Public Domain,0.0,[],Minuet - Notebook for Anna Magdalena
955,54,2803.0,,Tomás Luis de Victoria's Unus Ex Discipulis Meis,0.0,Album,,Anonymous Choir,96000.0,,121.0,Classical,[5],[5],Public Domain,0.0,[],Unus Ex Discipulis Meis
956,55,2801.0,,Tomás Luis de Victoria's Amicus Meus,0.0,Album,,Anonymous Choir,96000.0,,166.0,Classical,[5],[5],Public Domain,0.0,[],Amicus Meus
957,56,2802.0,,Tomás Luis de Victoria's Caligaverunt Oculi Mei,0.0,Album,,Anonymous Choir,96000.0,,178.0,Classical,[5],[5],Public Domain,0.0,[],Caligaverunt Oculi Mei
958,57,2800.0,,Giovanni Croce's Cantato Domino,0.0,Album,,Anonymous Choir,96000.0,,134.0,Classical,[5],[5],Public Domain,0.0,[],Cantate Domino
959,58,2799.0,,Antonio Lotti's Missa,0.0,Album,,Anonymous Choir,96000.0,,174.0,Classical,[5],[5],Public Domain,0.0,[],Antonio Lotti's Missa (4v. C maj) - Kyrie
960,59,2796.0,,Mozart's Piano Sonata in B-flat Major,0.0,Album,,Brendan Kinsella,128000.0,,398.0,Classical,[5],[5],Public Domain,0.0,[],"Mozart - Piano Sonata in B-flat major, III. Allegretto Grazioso"
961,60,2795.0,,Bach's Aria Variata,0.0,Album,,Brendan Kinsella,128000.0,,427.0,Classical,[5],[5],Public Domain,1.0,"['piano', 'bach', 'classical', 'baroque']","Bach - Aria Variata, BWV 989 Variation no.1"
962,61,2795.0,,Bach's Aria Variata,0.0,Album,,Brendan Kinsella,128000.0,,230.0,Classical,[5],[5],Public Domain,2.0,"['piano', 'bach', 'classical', 'baroque']","Bach - Aria Variata, BVW. 989 - Variation No. 2"
963,62,2795.0,,Bach's Aria Variata,0.0,Album,,Brendan Kinsella,128000.0,,141.0,Classical,[5],[5],Public Domain,3.0,"['piano', 'bach', 'classical', 'baroque']","Bach - Aria Variata, BVW. 989 - Variation No. 3"
964,63,2797.0,,Mozart's Sonata No. 13 in B-flat Major,0.0,Album,,Brendan Kinsella,128000.0,,333.0,Classical,[5],[5],Public Domain,0.0,[],"Mozart - Sonata No. 13 In B Flat Major, K.333 - I. Allegro"
965,64,2797.0,,Mozart's Sonata No. 13 in B-flat Major,0.0,Album,,Brendan Kinsella,128000.0,,376.0,Classical,[5],[5],Public Domain,0.0,[],"Mozart - Sonata No. 13 In B Flat Major, K.333 - II. Andante Cantabile"
966,65,2794.0,,Beethoven's Sonata No. 31 in A Flat Major,0.0,Album,,Carlos Gardels,256000.0,,394.0,Classical,[5],[5],Public Domain,0.0,[],"Beethoven - Sonata No. 31 in A Flat Major, Op. 110 - I, Moderato cantabile molto espressivo"
967,66,2793.0,,Bach's Book I: Prelude and Fugue No. 8 in E Flat Minor,1.0,Album,,Carlos Gardels,256000.0,,214.0,Classical,[5],[5],Public Domain,1.0,[],"Bach - Book I: Prelude and Fugue No. 8 in E Flat Minor, BWV 853, Prelude"
968,67,2792.0,,"Franz Schubert's Fantasy in C major ""Wanderer""",0.0,Album,,Daniel Blanch,64000.0,,369.0,Classical,[5],[5],Public Domain,0.0,"['franz peter schubert', 'classical', 'piano']","Franz Schubert -  Fantasy in C major D.760 (op.15) ""Wanderer"" - I. Allegro con fuoco ma non troppo"
969,68,2792.0,,"Franz Schubert's Fantasy in C major ""Wanderer""",0.0,Album,,Daniel Blanch,64000.0,,429.0,Classical,[5],[5],Public Domain,0.0,"['franz peter schubert', 'classical', 'piano']","Franz Schubert - Fantasy in C major D.760 (op.15) ""Wanderer"" - II. Adagio"
970,69,2792.0,,"Franz Schubert's Fantasy in C major ""Wanderer""",0.0,Album,,Daniel Blanch,64000.0,,302.0,Classical,[5],[5],Public Domain,0.0,"['franz peter schubert', 'classical', 'piano']","Franz Schubert - Fantasy in C major D.760 (op.15) ""Wanderer"" - III. Presto"
971,70,2792.0,,"Franz Schubert's Fantasy in C major ""Wanderer""",0.0,Album,,Daniel Blanch,64000.0,,227.0,Classical,[5],[5],Public Domain,0.0,"['franz peter schubert', 'classical', 'piano']","Franz Schubert - Fantasy in C major D.760 (op.15) ""Wanderer"" - IV. Allegro"
972,71,2786.0,,Beethoven's Sonata No. 11 in B Flat Major,6.0,Album,,Daniel Veesey,320000.0,,402.0,Classical,[5],[5],Public Domain,4.0,[],Sonata No. 11 in B Flat Major  Op. 22 - IV. Rondo Allegretto
973,72,2786.0,,Beethoven's Sonata No. 11 in B Flat Major,6.0,Album,,Daniel Veesey,320000.0,,451.0,Classical,[5],[5],Public Domain,1.0,[],Sonata No. 11 in B Flat Major  Op. 22 - I. Allegro con brio
974,73,2786.0,,Beethoven's Sonata No. 11 in B Flat Major,6.0,Album,,Daniel Veesey,320000.0,,198.0,Classical,[5],[5],Public Domain,3.0,[],Sonata No. 11 in B Flat Major  Op. 22 - III. Minuetto
975,74,2786.0,,Beethoven's Sonata No. 11 in B Flat Major,6.0,Album,,Daniel Veesey,320000.0,,646.0,Classical,[5],[5],Public Domain,2.0,[],Sonata No. 11 in B Flat Major  Op. 22 - II. Adagio con molta espressione
976,75,2787.0,,Beethoven's Sonata No. 5 in C Minor,3.0,Album,,Daniel Veesey,320000.0,,346.0,Classical,[5],[5],Public Domain,0.0,[],"Sonata No. 05 in C Minor, Op. 10 No. 1 - I. Allegro molto e con brio"
977,76,2787.0,,Beethoven's Sonata No. 5 in C Minor,3.0,Album,,Daniel Veesey,320000.0,,514.0,Classical,[5],[5],Public Domain,0.0,[],"Sonata No. 05 in C Minor, Op. 10 No. 1 - II. Adagio molto"
978,77,2787.0,,Beethoven's Sonata No. 5 in C Minor,3.0,Album,,Daniel Veesey,320000.0,,270.0,Classical,[5],[5],Public Domain,0.0,[],"Sonata No. 05 in C Minor, Op. 10 No. 1 - III. Finale Prestissimo"
979,78,2791.0,,Beethoven's Sonata No. 7 in D Major,5.0,Album,,Daniel Veesey,320000.0,,180.0,Classical,[5],[5],Public Domain,0.0,[],"Sonata No. 07 in D Major, Op. 10 No. 3 - III. Menuetto Allegro"
980,79,2791.0,,Beethoven's Sonata No. 7 in D Major,5.0,Album,,Daniel Veesey,320000.0,,250.0,Classical,[5],[5],Public Domain,0.0,[],"Sonata No. 07 in D Major, Op. 10 No. 3 - IV. Rondo Allegro"
981,80,2791.0,,Beethoven's Sonata No. 7 in D Major,5.0,Album,,Daniel Veesey,320000.0,,402.0,Classical,[5],[5],Public Domain,0.0,[],"Sonata No. 07 in D Major, Op. 10 No. 3 - I. Presto"
982,81,2791.0,,Beethoven's Sonata No. 7 in D Major,5.0,Album,,Daniel Veesey,320000.0,,411.0,Classical,[5],[5],Public Domain,0.0,[],"Sonata No. 07 in D Major, Op. 10 No. 3 - II. Largo e mesto"
983,82,2810.0,,Beethoven's Sonata No. 8 in C Minor Pathetique,3.0,Album,,Daniel Veesey,320000.0,,269.0,Classical,[5],[5],Public Domain,3.0,[],"Sonata 8, 'Pathetique' - III. Rondo Allegro"
984,83,2810.0,,Beethoven's Sonata No. 8 in C Minor Pathetique,3.0,Album,,Daniel Veesey,320000.0,,384.0,Classical,[5],[5],Public Domain,1.0,[],"Sonata 8, 'Pathetique' - I. Grave - Allegro di molto e con brio"
985,84,2810.0,,Beethoven's Sonata No. 8 in C Minor Pathetique,3.0,Album,,Daniel Veesey,320000.0,,380.0,Classical,[5],[5],Public Domain,2.0,[],"Sonata 8, 'Pathetique' - II. Adagio cantabile"
986,85,2811.0,,Beethoven's Sonata No. 13 in E Flat Major,4.0,Album,,Daniel Veesey,320000.0,,341.0,Classical,[5],[5],Public Domain,0.0,"['piano', 'beethoven', 'classical', 'romanticism']","Sonata No. 13 in E Flat Major, Op. 27 No. 1 - IV. Allegro vivace - Tempo I - Presto"
987,86,2811.0,,Beethoven's Sonata No. 13 in E Flat Major,4.0,Album,,Daniel Veesey,320000.0,,360.0,Classical,[5],[5],Public Domain,0.0,"['piano', 'beethoven', 'classical', 'romanticism']","Sonata No. 13 in E Flat Major, Op. 27 No. 1 - I. Andante - Allegro - Tempo I"
988,87,2811.0,,Beethoven's Sonata No. 13 in E Flat Major,4.0,Album,,Daniel Veesey,320000.0,,135.0,Classical,[5],[5],Public Domain,0.0,"['piano', 'beethoven', 'classical', 'romanticism']","Sonata No. 13 in E Flat Major, Op. 27 No. 1 - II. Allegro molto e vivace"
989,88,2811.0,,Beethoven's Sonata No. 13 in E Flat Major,4.0,Album,,Daniel Veesey,320000.0,,209.0,Classical,[5],[5],Public Domain,0.0,"['piano', 'beethoven', 'classical', 'romanticism']","Sonata No. 13 in E Flat Major, Op. 27 No. 1 - III. Adagio con espressione"
990,89,2812.0,,Beethoven's Sonata No. 19 in G Minor,2.0,Album,,Daniel Veesey,160000.0,,221.0,Classical,[5],[5],Public Domain,0.0,[],"Sonata No. 19 in G Minor, Op. 49 No. 1 - II. Rondo  Allegro"
991,90,2812.0,,Beethoven's Sonata No. 19 in G Minor,2.0,Album,,Daniel Veesey,160000.0,,276.0,Classical,[5],[5],Public Domain,0.0,[],"Sonata No. 19 in G Minor, Op. 49 No. 1 - I. Andante"
1003,91,2875.0,,Beethoven's Sonata No. 20 in G Major,2.0,Album,,Daniel Veesey,320000.0,,237.0,Classical,[5],[5],Public Domain,0.0,[],"Sonata No. 20 in G Major, Op. 49 No. 2 - II. Tempo di menuetto"
1004,92,2875.0,,Beethoven's Sonata No. 20 in G Major,2.0,Album,,Daniel Veesey,320000.0,,298.0,Classical,[5],[5],Public Domain,0.0,[],"Sonata No. 20 in G Major, Op. 49 No. 2 - I. Allegro ma non troppo"
1005,93,2879.0,,Beethoven's Sonata No. 22 in F Major,2.0,Album,,Daniel Veesey,320000.0,,382.0,Classical,[5],[5],Public Domain,0.0,[],"Sonata No. 22 in F Major, Op. 54 - II. Allegretto"
1006,94,2879.0,,Beethoven's Sonata No. 22 in F Major,2.0,Album,,Daniel Veesey,320000.0,,374.0,Classical,[5],[5],Public Domain,0.0,[],"Sonata No. 22 in F Major, Op. 54 - I. In tempo dun Menuetto"
1008,95,2881.0,,Beethoven's Sonata No. 15 in D Major,4.0,Album,,Karine Gilanyan,160000.0,,398.0,Classical,[5],[5],Public Domain,0.0,"['classical', 'beethoven', 'piano', 'romanticism']","Beethoven - Piano Sonata nr.15 in D major op.28 ""Pastoral"" - I. Allegro"
1009,96,2881.0,,Beethoven's Sonata No. 15 in D Major,4.0,Album,,Karine Gilanyan,160000.0,,423.0,Classical,[5],[5],Public Domain,0.0,"['classical', 'beethoven', 'piano', 'romanticism']","Beethoven - Piano Sonata nr.15 in D major op.28 ""Pastoral"" - II. Andante"
1010,97,2881.0,,Beethoven's Sonata No. 15 in D Major,4.0,Album,,Karine Gilanyan,160000.0,,118.0,Classical,[5],[5],Public Domain,0.0,"['classical', 'beethoven', 'piano', 'romanticism']","Beethoven - Piano Sonata nr.15 in D major op.28 ""Pastoral"" - III. Scherzo. Allegro Vivace"
1011,98,2881.0,,Beethoven's Sonata No. 15 in D Major,4.0,Album,,Karine Gilanyan,160000.0,,297.0,Classical,[5],[5],Public Domain,0.0,"['classical', 'beethoven', 'piano', 'romanticism']","Beethoven - Piano Sonata nr.15 in D major op.28 ""Pastoral"" - IV. Rondo. Allegro ma non troppo"
1013,99,2884.0,,"Beethoven's Sonata No. 21 in C Major-""Waldstein'""",4.0,Album,,Michael Hawley,256000.0,,205.0,Classical,[5],[5],Public Domain,2.0,"['classical', 'romanticism', 'piano', 'beethoven', 'romantic era']","Sonata 'Waldstein', Op. 53 - II. Introduzione-Adagio molto"
1014,100,2884.0,,"Beethoven's Sonata No. 21 in C Major-""Waldstein'""",4.0,Album,,Michael Hawley,256000.0,,580.0,Classical,[5],[5],Public Domain,3.0,"['classical', 'romanticism', 'piano', 'beethoven', 'romantic era']","Sonata 'Waldstein', Op. 53 - III. Rondo-Allegretto moderato"
1015,101,2884.0,,"Beethoven's Sonata No. 21 in C Major-""Waldstein'""",4.0,Album,,Michael Hawley,256000.0,,651.0,Classical,[5],[5],Public Domain,1.0,"['classical', 'romanticism', 'piano', 'beethoven', 'romantic era']","Sonata No. 21 in C Major 'Waldstein', Op. 53 - I. Allegro con brio"
1016,102,2886.0,,"Edvard Grieg's Anitras Dance, Peer Gint Suite",1.0,Album,,Free Tim,128000.0,,207.0,Classical,[5],[5],Public Domain,33.0,[],Grieg's Anitra's Dance
1017,103,2889.0,,Franz Schubert's Ave Maria,1.0,Album,,Free Tim,128000.0,,326.0,Classical,[5],[5],Public Domain,0.0,[],Schubert's Ave Maria
1018,104,2891.0,,Sousa's Thunderer March,1.0,Album,,Free Tim,128000.0,,157.0,Classical,[5],[5],Public Domain,0.0,[],Sousa's Thunderer March
1019,105,2893.0,,Vivaldi's Spring from the Four Seasons,1.0,Album,,Free Tim,128000.0,,185.0,Classical,[5],[5],Public Domain,0.0,[],Vivaldo's Spring from the Four Seasons-Allegro
1020,106,2894.0,,Muzio Clementi's Sonata in G Minor-Didone Abbandonata,4.0,Album,,Nathan Eckel,130954.0,,315.0,Classical,[5],[5],Public Domain,2.0,[],"Sonata in G Minor, ""Didone Abbandonata"" op.50 no.3 - II. Adagio dolente"
1021,107,2894.0,,Muzio Clementi's Sonata in G Minor-Didone Abbandonata,4.0,Album,,Nathan Eckel,133534.0,,376.0,Classical,[5],[5],Public Domain,3.0,[],"Sonata in G Minor, ""Didone Abbandonata"" op.50 no.3 - III. Allegro agitato, e con disperazione"
1022,108,2894.0,,Muzio Clementi's Sonata in G Minor-Didone Abbandonata,4.0,Album,,Nathan Eckel,131550.0,,730.0,Classical,[5],[5],Public Domain,1.0,[],"Sonata in G Minor, ""Didone Abbandonata"" op.50 no.3 - I. Introduzione: Largo patetico e sostenuto - I. Allegro, ma con espressione"
1023,109,2895.0,,"Mozart's Rondo No. 3 in A minor, K. 511",1.0,Album,,David H. Porter,256000.0,,6.0,Classical,[5],[5],Public Domain,0.0,[],"Mozart's Rondo No. 3 in A Minor, K. 511"
1024,110,2896.0,,"Franz Schubert's Sonata in B Flat, D. 960",4.0,Album,,David H. Porter,256000.0,,6.0,Classical,[5],[5],Public Domain,0.0,"['classical', 'franz peter schubert', 'piano']","Schubert's Sonata in B Flat, D. 960 - I. Molto moderato.mp3"
1025,111,2896.0,,"Franz Schubert's Sonata in B Flat, D. 960",4.0,Album,,David H. Porter,256000.0,,482.0,Classical,[5],[5],Public Domain,0.0,"['classical', 'franz peter schubert', 'piano']","Schubert's Sonata in B Flat, D. 960 - II. Andante sostenuto"
1026,112,2896.0,,"Franz Schubert's Sonata in B Flat, D. 960",4.0,Album,,David H. Porter,256000.0,,220.0,Classical,[5],[5],Public Domain,0.0,"['classical', 'franz peter schubert', 'piano']","Schubert's Sonata in B Flat, D. 960 - III. Scherzo (Allegro vivace con delicatezza)"
1223,113,3338.0,,netBloc Vol. 22: Life on Ceres,11.0,Album,,Ambienteer,320000.0,,188.0,Electronic,[15],[15],Creative Commons Attribution,4.0,[],Ecclesia
1300,114,3554.0,,PraNatArthi haram,2.0,Album,,Veena Raja Rao and Veena Gopala Rao,192000.0,Mysore Vasudevacharya,402.0,International,"[86, 174]","[2, 174, 86]",Public Domain,1.0,[],Pranatarthi Haram
1301,115,3555.0,,Tribute to Veena Raja Rao,1.0,Album,,Veena Kinhal,128000.0,,273.0,International,"[86, 174]","[2, 174, 86]",Public Domain,1.0,[],Haratanaya Sree
1441,116,3893.0,Brian Turner,Live at WFMU on Brian Turner's show 7/21/2009,1.0,Radio Program,"Parts Unknown, S-S Records, Xerox Music",Billy Bao,256000.0,,2320.0,,"[1, 53]","[1, 38, 12, 45, 53]",Public Domain,1.0,[],Urban Disease
1518,117,4208.0,,"Paris, 2nd December 2007",3.0,Live Performance,,Volcano the Bear,160000.0,,2006.0,,"[1, 17, 38, 250]","[1, 250, 38, 17]",Creative Commons Attribution,0.0,[],vtb-paris pt 1
1519,118,4208.0,,"Paris, 2nd December 2007",3.0,Live Performance,,Volcano the Bear,160000.0,,1776.0,,"[1, 17, 38, 250]","[1, 250, 38, 17]",Creative Commons Attribution,0.0,[],vtb-paris pt 2
1679,119,4553.0,,Antique Phonograph Music Program 03/23/1999,15.0,Album,,Alice Lloyd,256000.0,,139.0,Old-Time / Historic,[8],[8],CC0 1.0 Universal,0.0,[],Young Men Lodgers
1680,120,13964.0,,Revitalize Music Contest,36.0,Album,,Billy Merson,256000.0,,159.0,,[],[],CC0 1.0 Universal,0.0,[],The Spaniard That Blighted My Life
1681,121,4553.0,,Antique Phonograph Music Program 03/23/1999,15.0,Album,,Billy Merson,256000.0,,136.0,Old-Time / Historic,[8],[8],CC0 1.0 Universal,0.0,[],They Can't Find Kelly
1682,122,4553.0,,Antique Phonograph Music Program 03/23/1999,15.0,Album,,Florie Ford,256000.0,,175.0,Old-Time / Historic,[8],[8],CC0 1.0 Universal,0.0,[],How'd You Like To Spoon With Me?
1683,123,4553.0,,Antique Phonograph Music Program 03/23/1999,15.0,Album,,Florrie Ford,256000.0,,178.0,Old-Time / Historic,[8],[8],CC0 1.0 Universal,0.0,[],"Ca Bages, Ca Beans, Car Rots"
1684,124,4553.0,,Antique Phonograph Music Program 03/23/1999,15.0,Album,,Florrie Ford,256000.0,,168.0,Old-Time / Historic,[8],[8],CC0 1.0 Universal,0.0,[],We've Got A Jazz Band Here
1685,125,4553.0,,Antique Phonograph Music Program 03/23/1999,15.0,Album,,Frank Curtis,256000.0,,172.0,Old-Time / Historic,[8],[8],CC0 1.0 Universal,0.0,[],If They Bury Alexander's Band
1686,126,4553.0,,Antique Phonograph Music Program 03/23/1999,15.0,Album,,Frank Curtis,256000.0,,172.0,Old-Time / Historic,[8],[8],CC0 1.0 Universal,0.0,[],The Ragtime Curate
1687,127,4553.0,,Antique Phonograph Music Program 03/23/1999,15.0,Album,,G.H. Elliot,256000.0,,193.0,Old-Time / Historic,[8],[8],CC0 1.0 Universal,0.0,[],Hello Susie Green
1688,128,4553.0,,Antique Phonograph Music Program 03/23/1999,15.0,Album,,G.H. Elliott,256000.0,,163.0,Old-Time / Historic,[8],[8],CC0 1.0 Universal,0.0,[],I'm Certainly Living A Ragtime Life
1689,129,4553.0,,Antique Phonograph Music Program 03/23/1999,15.0,Album,,Jay Laurier,256000.0,,187.0,Old-Time / Historic,[8],[8],CC0 1.0 Universal,0.0,[],Don't Let 'Em Scrap The British Navy
1690,130,4553.0,,Antique Phonograph Music Program 03/23/1999,15.0,Album,,Miss Venie Temple,256000.0,,170.0,Old-Time / Historic,[8],[8],CC0 1.0 Universal,0.0,[],Poor Adam Was My Father
1691,131,4553.0,,Antique Phonograph Music Program 03/23/1999,15.0,Album,,Robert Nash,256000.0,,189.0,Old-Time / Historic,[8],[8],CC0 1.0 Universal,0.0,[],Take Me Up With You Dearie
1692,132,4553.0,,Antique Phonograph Music Program 03/23/1999,15.0,Album,,Rose Hayes,256000.0,,152.0,Old-Time / Historic,[8],[8],CC0 1.0 Universal,0.0,[],Mary Used To Love A Sailor
1693,133,4553.0,,Antique Phonograph Music Program 03/23/1999,15.0,Album,,Sam Stern,256000.0,,182.0,Old-Time / Historic,[8],[8],CC0 1.0 Universal,0.0,[],Sam Stern - Nobody
1694,134,4553.0,,Antique Phonograph Music Program 03/23/1999,15.0,Album,,Sam Stern,256000.0,,174.0,Old-Time / Historic,[8],[8],CC0 1.0 Universal,0.0,[],"You Take Da Steamboat, I Take Da Train"
1945,135,4869.0,,Purity and Danger,7.0,Album,"Proot, Animal Fact, Selva Elettrica",Katapulto,256000.0,,289.0,Pop,[76],"[10, 76]",Public Domain,7.0,[],zero rhythm dollar boy
1946,136,4869.0,,Purity and Danger,7.0,Album,"Proot, Animal Fact, Selva Elettrica",Katapulto,256000.0,,154.0,Pop,[76],"[10, 76]",Public Domain,6.0,[],gospellioza
1947,137,4869.0,,Purity and Danger,7.0,Album,"Proot, Animal Fact, Selva Elettrica",Katapulto,256000.0,,260.0,Pop,[76],"[10, 76]",Public Domain,5.0,[],purity & danger
1948,138,4869.0,,Purity and Danger,7.0,Album,"Proot, Animal Fact, Selva Elettrica",Katapulto,256000.0,,137.0,Pop,[76],"[10, 76]",Public Domain,4.0,[],karaoke megablast
1949,139,4869.0,,Purity and Danger,7.0,Album,"Proot, Animal Fact, Selva Elettrica",Katapulto,256000.0,,208.0,Pop,[76],"[10, 76]",Public Domain,3.0,[],danse macabre
1950,140,4869.0,,Purity and Danger,7.0,Album,"Proot, Animal Fact, Selva Elettrica",Katapulto,256000.0,,216.0,Pop,[76],"[10, 76]",Public Domain,2.0,[],kolorowe wody
1951,141,4869.0,,Purity and Danger,7.0,Album,"Proot, Animal Fact, Selva Elettrica",Katapulto,224000.0,,264.0,Pop,[76],"[10, 76]",Public Domain,1.0,[],philcollins takes your hand
2543,142,5347.0,,Free Beats Sel. 3,15.0,Album,,Black Ant,128000.0,,123.0,Hip-Hop,[21],[21],Creative Commons Attribution,12.0,['hip-hop'],"6,49"
2544,143,5347.0,,Free Beats Sel. 3,15.0,Album,,Black Ant,128000.0,,38.0,Hip-Hop,[21],[21],Creative Commons Attribution,3.0,['hip-hop'],8bit2 3
2545,144,5347.0,,Free Beats Sel. 3,15.0,Album,,Black Ant,128000.0,,123.0,Hip-Hop,[21],[21],Creative Commons Attribution,13.0,['hip-hop'],1982
2546,145,5347.0,,Free Beats Sel. 3,15.0,Album,,Black Ant,128000.0,,163.0,Hip-Hop,[21],[21],Creative Commons Attribution,4.0,['hip-hop'],Black Ant
2547,146,5347.0,,Free Beats Sel. 3,15.0,Album,,Black Ant,128000.0,,141.0,Hip-Hop,[21],[21],Creative Commons Attribution,7.0,['hip-hop'],Boomerang
2548,147,5347.0,,Free Beats Sel. 3,15.0,Album,,Black Ant,128000.0,,125.0,Hip-Hop,[21],[21],Creative Commons Attribution,15.0,['hip-hop'],D8M3
2549,148,5347.0,,Free Beats Sel. 3,15.0,Album,,Black Ant,128000.0,,128.0,Hip-Hop,[21],[21],Creative Commons Attribution,6.0,['hip-hop'],fACEMELTERmp3
2550,149,5347.0,,Free Beats Sel. 3,15.0,Album,,Black Ant,128000.0,,143.0,Hip-Hop,[21],[21],Creative Commons Attribution,1.0,['hip-hop'],Fater Lee
2551,150,5347.0,,Free Beats Sel. 3,15.0,Album,,Black Ant,128000.0,,105.0,Hip-Hop,[21],[21],Creative Commons Attribution,11.0,['hip-hop'],government funded weed
2552,151,5347.0,,Free Beats Sel. 3,15.0,Album,,Black Ant,128000.0,,143.0,Hip-Hop,[21],[21],Creative Commons Attribution,8.0,['hip-hop'],Michael Vendette
2553,152,5347.0,,Free Beats Sel. 3,15.0,Album,,Black Ant,128000.0,,142.0,Hip-Hop,[21],[21],Creative Commons Attribution,14.0,['hip-hop'],Underdog
2554,153,5347.0,,Free Beats Sel. 3,15.0,Album,,Black Ant,128000.0,,83.0,Hip-Hop,[21],[21],Creative Commons Attribution,2.0,['hip-hop'],Oh K.
2555,154,5347.0,,Free Beats Sel. 3,15.0,Album,,Black Ant,128000.0,,150.0,Hip-Hop,[21],[21],Creative Commons Attribution,5.0,['hip-hop'],Self Explainitory
2556,155,5347.0,,Free Beats Sel. 3,15.0,Album,,Black Ant,128000.0,,89.0,Hip-Hop,[21],[21],Creative Commons Attribution,10.0,['hip-hop'],5 Piece
2557,156,5347.0,,Free Beats Sel. 3,15.0,Album,,Black Ant,128000.0,,83.0,Hip-Hop,[21],[21],Creative Commons Attribution,9.0,['hip-hop'],Christmas Eve 2009
3086,157,6138.0,,ccMixter,1.0,Album,,DoKashiteru,160000.0,,254.0,Electronic,[15],[15],Creative Commons Attribution,0.0,[],Our Slanted Voices (ft. Colin Mutchler)
3100,158,6156.0,,Nfamoudou-Boudougou,13.0,Live Performance," Doronko Records
",Breuss Arrizabalaga Quintet,192000.0,,150.0,Jazz,"[4, 74]","[74, 4]",Public Domain,1.0,"['spain', 'instrumental', 'breuss arrizabalaga quintet', 'free jazz', 'jazz']",The Dark Side Of Frigiliana
3101,159,6156.0,,Nfamoudou-Boudougou,13.0,Live Performance," Doronko Records
",Breuss Arrizabalaga Quintet,192000.0,,293.0,Jazz,"[4, 74]","[74, 4]",Public Domain,2.0,"['spain', 'instrumental', 'breuss arrizabalaga quintet', 'free jazz', 'jazz']",Tsurugi
3102,160,6156.0,,Nfamoudou-Boudougou,13.0,Live Performance," Doronko Records
",Breuss Arrizabalaga Quintet,192000.0,,362.0,Jazz,"[4, 74]","[74, 4]",Public Domain,3.0,"['spain', 'instrumental', 'breuss arrizabalaga quintet', 'free jazz', 'jazz']",Zubaida
3103,161,6156.0,,Nfamoudou-Boudougou,13.0,Live Performance," Doronko Records
",Breuss Arrizabalaga Quintet,192000.0,,94.0,Jazz,"[4, 74]","[74, 4]",Public Domain,4.0,"['spain', 'instrumental', 'breuss arrizabalaga quintet', 'free jazz', 'jazz']",Pensamiento
3104,162,6156.0,,Nfamoudou-Boudougou,13.0,Live Performance," Doronko Records
",Breuss Arrizabalaga Quintet,192000.0,,312.0,Jazz,"[4, 74]","[74, 4]",Public Domain,5.0,"['spain', 'instrumental', 'breuss arrizabalaga quintet', 'free jazz', 'jazz']",Mount Fuji
3105,163,6156.0,,Nfamoudou-Boudougou,13.0,Live Performance," Doronko Records
",Breuss Arrizabalaga Quintet,192000.0,,404.0,Jazz,"[4, 74]","[74, 4]",Public Domain,6.0,"['spain', 'instrumental', 'breuss arrizabalaga quintet', 'free jazz', 'jazz']",They Dwell On Other Planes
3106,164,6156.0,,Nfamoudou-Boudougou,13.0,Live Performance," Doronko Records
",Breuss Arrizabalaga Quintet,192000.0,,330.0,Jazz,"[4, 74]","[74, 4]",Public Domain,7.0,"['spain', 'instrumental', 'breuss arrizabalaga quintet', 'free jazz', 'jazz']",Nfamoudou-Boudougou
3107,165,6156.0,,Nfamoudou-Boudougou,13.0,Live Performance," Doronko Records
",Breuss Arrizabalaga Quintet,192000.0,,624.0,Jazz,"[4, 74]","[74, 4]",Public Domain,8.0,"['spain', 'instrumental', 'breuss arrizabalaga quintet', 'free jazz', 'jazz']",Cherenzig
3108,166,6156.0,,Nfamoudou-Boudougou,13.0,Live Performance," Doronko Records
",Breuss Arrizabalaga Quintet,192000.0,,360.0,Jazz,"[4, 74]","[74, 4]",Public Domain,9.0,"['spain', 'instrumental', 'breuss arrizabalaga quintet', 'free jazz', 'jazz']",Tiempo Espacial
3109,167,6156.0,,Nfamoudou-Boudougou,13.0,Live Performance," Doronko Records
",Breuss Arrizabalaga Quintet,192000.0,,84.0,Jazz,"[4, 74]","[74, 4]",Public Domain,10.0,"['spain', 'instrumental', 'breuss arrizabalaga quintet', 'free jazz', 'jazz']",Ghosts
3458,168,6467.0,Classwar Karaoke,Classwar Karaoke - 0010 Survey,35.0,Album,,Gurdonark,320000.0,,197.0,Experimental,"[1, 38, 41, 247]","[1, 247, 38, 41]",Creative Commons Attribution,14.0,[],Walk through Trees
3706,169,6803.0,,netBloc Vol. 29: Fantastic! Incredible! Stupendous!,12.0,Album,,Mach FoX,320000.0,,288.0,,[],[],Public Domain,3.0,[],A Void (Edit)
3843,170,6908.0,,Bad Panda #25,1.0,Album,,Ben Stepner,320000.0,,2479.0,Experimental,[47],"[38, 47]",Creative Commons Attribution,0.0,[],Islands
3854,171,6731.0,,LMM 3.3 - Learning Music with the Students at KIPP LA College Prep,4.0,Album,Community Pool Tapes,Learning Music,320000.0,,184.0,,"[17, 76, 362]","[17, 10, 76, 362]",Creative Commons Attribution,1.0,[],Countoff
3904,172,7026.0,,The Ghost of Reality,1.0,Album,POGUS,"If, Bwana",160000.0,,560.0,,"[1, 15, 32, 38]","[32, 1, 38, 15]",Creative Commons Attribution,0.0,[],Too Too
3937,173,7163.0,,se,3.0,Album,"Not Not Fun<br>
Sleeping Giant Glossolalia",Lame Drivers,256000.0,,68.0,,"[27, 38, 296]","[38, 296, 12, 15, 27]",Creative Commons Attribution,2.0,[],Silent Fire
3938,174,7163.0,,se,3.0,Album,"Not Not Fun<br>
Sleeping Giant Glossolalia",Lame Drivers,256000.0,,75.0,,"[27, 38, 296]","[38, 296, 12, 15, 27]",Creative Commons Attribution,1.0,[],Universe Osmosis
3939,175,7163.0,,se,3.0,Album,"Not Not Fun<br>
Sleeping Giant Glossolalia",Lame Drivers,256000.0,,100.0,,"[27, 38, 296]","[38, 296, 12, 15, 27]",Creative Commons Attribution,3.0,[],Bhangra outro
3984,176,7223.0,Classwar Karaoke,Classwar Karaoke - 0011 Survey,27.0,Album,,Gurdonark,320000.0,,192.0,Experimental,"[1, 30, 38, 186, 247]","[1, 38, 247, 186, 30]",Creative Commons Attribution,15.0,[],Sadness
4012,177,5743.0,,Phantom Power,7.0,Album,"Permanent Records, Lost Space Records, Pan y Rosas Discos",Black Math,192000.0,,143.0,,"[10, 12, 15, 76, 88, 314]","[10, 12, 76, 15, 88, 314]",Creative Commons Attribution,1.0,"['black math', 'omd', 'gainesville', 'new wave', 'goth', 'siouxsie and the banshees', 'chicago', 'counterfeit unrealities', 'depeche mode', 'reverb', 'pop']",This Love's Got to Change
4013,178,5743.0,,Phantom Power,7.0,Album,"Permanent Records, Lost Space Records, Pan y Rosas Discos",Black Math,192000.0,,124.0,,"[10, 12, 15, 76, 88, 314]","[10, 12, 76, 15, 88, 314]",Creative Commons Attribution,3.0,"['black math', 'omd', 'gainesville', 'new wave', 'goth', 'siouxsie and the banshees', 'chicago', 'counterfeit unrealities', 'depeche mode', 'reverb', 'pop']",Suck City
4014,179,7356.0,Marko-V,War,5.0,Album,,Salakapakka Sound System,320000.0,,600.0,,"[15, 32, 47, 107, 247]","[32, 38, 107, 47, 15, 1235, 247]",Creative Commons Attribution,1.0,[],Class war
4015,180,7356.0,Marko-V,War,5.0,Album,,Salakapakka Sound System,320000.0,,393.0,,"[15, 32, 47, 107, 247]","[32, 38, 107, 47, 15, 1235, 247]",Creative Commons Attribution,2.0,[],Race war
4016,181,7356.0,Marko-V,War,5.0,Album,,Salakapakka Sound System,320000.0,,390.0,,"[15, 32, 47, 107, 247]","[32, 38, 107, 47, 15, 1235, 247]",Creative Commons Attribution,3.0,[],Information war
4017,182,7356.0,Marko-V,War,5.0,Album,,Salakapakka Sound System,320000.0,,242.0,,"[15, 32, 47, 107, 247]","[32, 38, 107, 47, 15, 1235, 247]",Creative Commons Attribution,4.0,[],Gang war
4018,183,7356.0,Marko-V,War,5.0,Album,,Salakapakka Sound System,320000.0,,856.0,,"[15, 32, 47, 107, 247]","[32, 38, 107, 47, 15, 1235, 247]",Creative Commons Attribution,5.0,[],World war 3
4035,184,7366.0,,Albert Beger Elctroacoustic Band: Peacemaker,1.0,Album,,Albert Beger,320000.0,Albert Beger,640.0,,"[1, 4, 38, 74]","[1, 74, 4, 38]",Creative Commons Attribution,4.0,[],Nigun
4134,185,7474.0,,Through A Glass Darkly,1.0,Album,,Doc,234706.0,,662.0,Electronic,[42],"[42, 15]",Creative Commons Attribution,1.0,[],Through A Glass Darkly
4154,186,7514.0,Lee Rosevere,Red Danube,1.0,Album,,Lee Rosevere,320000.0,Strauss,235.0,,"[5, 15, 42, 107, 184]","[5, 42, 107, 15, 1235, 184]",Public Domain,1.0,[],Red Danube
4186,187,7603.0,,Slam Funk,12.0,Album,,Broke For Free,320000.0,,335.0,,"[15, 21, 296]","[296, 21, 15]",Creative Commons Attribution,12.0,['tracks to sync'],Our Ego [Feat. Different Visitor]
4187,188,7603.0,,Slam Funk,12.0,Album,,Broke For Free,320000.0,,307.0,,"[15, 21, 296]","[296, 21, 15]",Creative Commons Attribution,11.0,['tracks to sync'],Simple Hop
4188,189,7603.0,,Slam Funk,12.0,Album,,Broke For Free,320000.0,,255.0,,"[15, 21, 296]","[296, 21, 15]",Creative Commons Attribution,10.0,['tracks to sync'],Covered In Oil
4189,190,7603.0,,Slam Funk,12.0,Album,,Broke For Free,320000.0,,296.0,,"[15, 21, 296]","[296, 21, 15]",Creative Commons Attribution,9.0,['tracks to sync'],Drop of Water In the Ocean
4190,191,7603.0,,Slam Funk,12.0,Album,,Broke For Free,320000.0,,208.0,,"[15, 21, 296]","[296, 21, 15]",Creative Commons Attribution,8.0,['tracks to sync'],Living In Reverse
4191,192,7603.0,,Slam Funk,12.0,Album,,Broke For Free,320000.0,,246.0,,"[15, 21, 296]","[296, 21, 15]",Creative Commons Attribution,7.0,['tracks to sync'],At The Count
4192,193,7603.0,,Slam Funk,12.0,Album,,Broke For Free,320000.0,,271.0,,"[15, 21, 296]","[296, 21, 15]",Creative Commons Attribution,6.0,['tracks to sync'],High School Snaps
4193,194,7603.0,,Slam Funk,12.0,Album,,Broke For Free,320000.0,,268.0,,"[15, 21, 296]","[296, 21, 15]",Creative Commons Attribution,5.0,['tracks to sync'],Hella
4194,195,7603.0,,Slam Funk,12.0,Album,,Broke For Free,320000.0,,263.0,,"[15, 21, 296]","[296, 21, 15]",Creative Commons Attribution,4.0,['tracks to sync'],Caught In The Beat
4195,196,7603.0,,Slam Funk,12.0,Album,,Broke For Free,320000.0,,357.0,,"[15, 21, 296]","[296, 21, 15]",Creative Commons Attribution,3.0,['tracks to sync'],The Great
4196,197,7603.0,,Slam Funk,12.0,Album,,Broke For Free,320000.0,,275.0,,"[15, 21, 296]","[296, 21, 15]",Creative Commons Attribution,2.0,['tracks to sync'],Calm The Fuck Down
4197,198,7603.0,,Slam Funk,12.0,Album,,Broke For Free,320000.0,,310.0,,"[15, 21, 296]","[296, 21, 15]",Creative Commons Attribution,1.0,['tracks to sync'],Nothing Like Captain Crunch
4198,199,7503.0,,Calling All Fiends,33.0,Album,,Limonadiac,192000.0,,152.0,Instrumental,"[18, 107]","[107, 18, 1235]",Public Domain,2.0,"['terror', '8m2stereo', 'horror', 'x-tokyo-river-god', 'the waiters', 'sublinear', 'shirley and spinoza', 'pharmacom', 'mr fab and his bag of heads', 'lenkei', 'grant', 'bureaucratica', 'soundscape', 'halloween', 'weirdomusic', 'the threshold people', 'stealing orchestra', 'roymond', 'not daniel johnston with daniel johnston', 'mark harvey', 'lee rosevere', 'click click click', 'brian and harlan', 'soundtrack', 'ton ruckert', 'urban inbreed', 'the dvds', 'splogman', 'rain station', 'nigel simmons', 'limonadiac', 'jeffrey letterly', 'cauhaus']",A Dyslexic Dumb Dead Voice
4204,200,7611.0,,Music to Summon the Spirits,5.0,Album,,Illinois Brass Band,174124.0,,196.0,Classical,[5],[5],Creative Commons Attribution,5.0,"['holst', 'bach', 'douglas', 'de falla', 'wright', 'classical', 'halloween']","Douglas, Mephistopheles"
4205,201,7611.0,,Music to Summon the Spirits,5.0,Album,,Illinois Brass Band,179992.0,,325.0,Classical,[5],[5],Creative Commons Attribution,6.0,"['holst', 'bach', 'douglas', 'de falla', 'wright', 'classical', 'halloween']","Holst, Uranus"
4206,202,7611.0,,Music to Summon the Spirits,5.0,Album,,Illinois Brass Band,173700.0,,209.0,Classical,[5],[5],Creative Commons Attribution,9.0,"['holst', 'bach', 'douglas', 'de falla', 'wright', 'classical', 'halloween']","De Falla, Ritual Fire Dance"
4207,203,7611.0,,Music to Summon the Spirits,5.0,Album,,Illinois Brass Band,174152.0,,254.0,Classical,[5],[5],Creative Commons Attribution,2.0,"['holst', 'bach', 'douglas', 'de falla', 'wright', 'classical', 'halloween']","Bach, Toccata and Fugue in D Minor"
4208,204,7611.0,,Music to Summon the Spirits,5.0,Album,,Illinois Brass Band,177108.0,,729.0,Classical,[5],[5],Creative Commons Attribution,4.0,"['holst', 'bach', 'douglas', 'de falla', 'wright', 'classical', 'halloween']","Wright, Tam O'Shanter's Ride"
4314,205,7760.0,,Classwar Karaoke - 0012 Survey,34.0,Album,,Gurdonark,320000.0,,190.0,Experimental,"[1, 30, 38, 41, 247]","[1, 38, 41, 247, 30]",Creative Commons Attribution,15.0,[],Berries
4315,206,7762.0,,"This Is The End, Beautiful Friend",36.0,Album,,File Under Toner,187337.0,,79.0,Experimental,"[30, 125]","[38, 125, 30]",Public Domain,1.0,[],"the beginning, actually"
4316,207,7762.0,,"This Is The End, Beautiful Friend",36.0,Album,,File Under Toner,195742.0,,111.0,Experimental,"[30, 125]","[38, 125, 30]",Public Domain,2.0,[],favorites
4317,208,7762.0,,"This Is The End, Beautiful Friend",36.0,Album,,File Under Toner,212199.0,,140.0,Experimental,"[30, 125]","[38, 125, 30]",Public Domain,3.0,[],and who gives a shit
4318,209,7762.0,,"This Is The End, Beautiful Friend",36.0,Album,,File Under Toner,207931.0,,118.0,Experimental,"[30, 125]","[38, 125, 30]",Public Domain,4.0,[],speedmetal machine music
4319,210,7762.0,,"This Is The End, Beautiful Friend",36.0,Album,,File Under Toner,200746.0,,57.0,Experimental,"[30, 125]","[38, 125, 30]",Public Domain,5.0,[],let me die in your footsteps
4320,211,7762.0,,"This Is The End, Beautiful Friend",36.0,Album,,File Under Toner,208702.0,,104.0,Experimental,"[30, 125]","[38, 125, 30]",Public Domain,6.0,[],surf ace noise
4321,212,7762.0,,"This Is The End, Beautiful Friend",36.0,Album,,File Under Toner,223287.0,,57.0,Experimental,"[30, 125]","[38, 125, 30]",Public Domain,7.0,[],thrillerphonics
4322,213,7762.0,,"This Is The End, Beautiful Friend",36.0,Album,,File Under Toner,224750.0,,169.0,Experimental,"[30, 125]","[38, 125, 30]",Public Domain,8.0,[],magic
4323,214,7762.0,,"This Is The End, Beautiful Friend",36.0,Album,,File Under Toner,234559.0,,102.0,Experimental,"[30, 125]","[38, 125, 30]",Public Domain,9.0,[],high fidelity
4324,215,7762.0,,"This Is The End, Beautiful Friend",36.0,Album,,File Under Toner,217519.0,,83.0,Experimental,"[30, 125]","[38, 125, 30]",Public Domain,10.0,[],party
4325,216,7762.0,,"This Is The End, Beautiful Friend",36.0,Album,,File Under Toner,207366.0,,57.0,Experimental,"[30, 125]","[38, 125, 30]",Public Domain,11.0,[],orgy
4326,217,7762.0,,"This Is The End, Beautiful Friend",36.0,Album,,File Under Toner,231652.0,,131.0,Experimental,"[30, 125]","[38, 125, 30]",Public Domain,12.0,[],sex machine
4327,218,7762.0,,"This Is The End, Beautiful Friend",36.0,Album,,File Under Toner,198324.0,,73.0,Experimental,"[30, 125]","[38, 125, 30]",Public Domain,13.0,[],justified
4328,219,7762.0,,"This Is The End, Beautiful Friend",36.0,Album,,File Under Toner,226550.0,,142.0,Experimental,"[30, 125]","[38, 125, 30]",Public Domain,14.0,[],moi non plus
4329,220,7762.0,,"This Is The End, Beautiful Friend",36.0,Album,,File Under Toner,206745.0,,149.0,Experimental,"[30, 125]","[38, 125, 30]",Public Domain,15.0,[],fahr far fun
4330,221,7762.0,,"This Is The End, Beautiful Friend",36.0,Album,,File Under Toner,210992.0,,63.0,Experimental,"[30, 125]","[38, 125, 30]",Public Domain,16.0,[],name that tune
4331,222,7762.0,,"This Is The End, Beautiful Friend",36.0,Album,,File Under Toner,219971.0,,110.0,Experimental,"[30, 125]","[38, 125, 30]",Public Domain,17.0,[],howlin' wolf
4332,223,7762.0,,"This Is The End, Beautiful Friend",36.0,Album,,File Under Toner,255178.0,,80.0,Experimental,"[30, 125]","[38, 125, 30]",Public Domain,18.0,[],sardana
4333,224,7762.0,,"This Is The End, Beautiful Friend",36.0,Album,,File Under Toner,216636.0,,52.0,Experimental,"[30, 125]","[38, 125, 30]",Public Domain,19.0,[],harmonica
4334,225,7762.0,,"This Is The End, Beautiful Friend",36.0,Album,,File Under Toner,222943.0,,102.0,Experimental,"[30, 125]","[38, 125, 30]",Public Domain,20.0,[],violins
4335,226,7762.0,,"This Is The End, Beautiful Friend",36.0,Album,,File Under Toner,236544.0,,104.0,Experimental,"[30, 125]","[38, 125, 30]",Public Domain,21.0,[],fly me to the moon
4336,227,7762.0,,"This Is The End, Beautiful Friend",36.0,Album,,File Under Toner,230739.0,,100.0,Experimental,"[30, 125]","[38, 125, 30]",Public Domain,22.0,[],hello dolly
4337,228,7762.0,,"This Is The End, Beautiful Friend",36.0,Album,,File Under Toner,221533.0,,98.0,Experimental,"[30, 125]","[38, 125, 30]",Public Domain,23.0,[],rock around the click
4338,229,7762.0,,"This Is The End, Beautiful Friend",36.0,Album,,File Under Toner,231111.0,,130.0,Experimental,"[30, 125]","[38, 125, 30]",Public Domain,24.0,[],la valse Ã  mille echos
4339,230,7762.0,,"This Is The End, Beautiful Friend",36.0,Album,,File Under Toner,190134.0,,88.0,Experimental,"[30, 125]","[38, 125, 30]",Public Domain,26.0,[],typewriting
4340,231,7762.0,,"This Is The End, Beautiful Friend",36.0,Album,,File Under Toner,208315.0,,65.0,Experimental,"[30, 125]","[38, 125, 30]",Public Domain,27.0,[],si los curas
4341,232,7762.0,,"This Is The End, Beautiful Friend",36.0,Album,,File Under Toner,211242.0,,113.0,Experimental,"[30, 125]","[38, 125, 30]",Public Domain,28.0,[],horses
4342,233,7762.0,,"This Is The End, Beautiful Friend",36.0,Album,,File Under Toner,266886.0,,80.0,Experimental,"[30, 125]","[38, 125, 30]",Public Domain,29.0,[],take me to the movies
4343,234,7762.0,,"This Is The End, Beautiful Friend",36.0,Album,,File Under Toner,216129.0,,114.0,Experimental,"[30, 125]","[38, 125, 30]",Public Domain,30.0,[],look ma no hands
4344,235,7762.0,,"This Is The End, Beautiful Friend",36.0,Album,,File Under Toner,223599.0,,58.0,Experimental,"[30, 125]","[38, 125, 30]",Public Domain,31.0,[],(not) only a beatle song
4345,236,7762.0,,"This Is The End, Beautiful Friend",36.0,Album,,File Under Toner,204373.0,,79.0,Experimental,"[30, 125]","[38, 125, 30]",Public Domain,32.0,[],greyish
4346,237,7762.0,,"This Is The End, Beautiful Friend",36.0,Album,,File Under Toner,208814.0,,93.0,Experimental,"[30, 125]","[38, 125, 30]",Public Domain,33.0,[],pink remedy
4347,238,7762.0,,"This Is The End, Beautiful Friend",36.0,Album,,File Under Toner,209427.0,,83.0,Experimental,"[30, 125]","[38, 125, 30]",Public Domain,34.0,[],ego
4348,239,7762.0,,"This Is The End, Beautiful Friend",36.0,Album,,File Under Toner,207052.0,,30.0,Experimental,"[30, 125]","[38, 125, 30]",Public Domain,35.0,[],bonus track
4349,240,7762.0,,"This Is The End, Beautiful Friend",36.0,Album,,File Under Toner,206900.0,,339.0,Experimental,"[30, 125]","[38, 125, 30]",Public Domain,36.0,[],"whip me, christy"
4352,241,7799.0,,Ghost Solos,8.0,Album,,Lucas Gonze,320000.0,,621.0,,"[8, 17, 137]","[8, 17, 137, 9]",CC0 1.0 Universal,0.0,[],Ghost Solos
4353,242,7799.0,,Ghost Solos,8.0,Album,,Lucas Gonze,320000.0,,135.0,,"[8, 17, 137]","[8, 17, 137, 9]",CC0 1.0 Universal,5.0,[],"Dodworth's Five Step (October 22, 2010)"
4354,243,7799.0,,Ghost Solos,8.0,Album,,Edison Talking Doll,320000.0,,17.0,,"[8, 17, 137]","[8, 17, 137, 9]",CC0 1.0 Universal,4.0,[],Little Jack Horner
4355,244,7799.0,,Ghost Solos,8.0,Album,,Lucas Gonze,320000.0,,97.0,,"[8, 17, 137]","[8, 17, 137, 9]",CC0 1.0 Universal,3.0,[],"Horace Weston's Old Time Jig, March 3 2010"
4356,245,7799.0,,Ghost Solos,8.0,Album,,Lucas Gonze,320000.0,,131.0,,"[8, 17, 137]","[8, 17, 137, 9]",CC0 1.0 Universal,1.0,[],Death Valley Waltz
4357,246,7799.0,,Ghost Solos,8.0,Album,,Lucas Gonze,320000.0,,79.0,,"[8, 17, 137]","[8, 17, 137, 9]",CC0 1.0 Universal,7.0,[],Frog In The Well
4358,247,7799.0,,Ghost Solos,8.0,Album,,Lucas Gonze,320000.0,,149.0,,"[8, 17, 137]","[8, 17, 137, 9]",CC0 1.0 Universal,6.0,[],Talk About Suffering
4359,248,7799.0,,Ghost Solos,8.0,Album,,George P. Watson,128000.0,,178.0,,"[8, 17, 137]","[8, 17, 137, 9]",CC0 1.0 Universal,2.0,[],Emmet's Cuckoo Song
4381,249,7872.0,,Effects of Elevation,3.0,Album,,Revolution Void,319580.0,,311.0,,"[4, 15, 542]","[4, 21, 542, 15]",Creative Commons Attribution,1.0,[],Effects of Elevation
4382,250,7872.0,,Effects of Elevation,3.0,Album,,Revolution Void,320168.0,,443.0,,"[4, 15, 542]","[4, 21, 542, 15]",Creative Commons Attribution,2.0,[],Effects of Elevation (Citizen
4383,251,7872.0,,Effects of Elevation,3.0,Album,,Revolution Void,319562.0,,398.0,,"[4, 15, 542]","[4, 21, 542, 15]",Creative Commons Attribution,3.0,[],Effects of Elevation (Sevenles
4384,252,7876.0,,The Politics of Desire,10.0,Album,,Revolution Void,317387.0,,360.0,,"[4, 15, 811]","[811, 4, 21, 15]",Creative Commons Attribution,1.0,"['hip-hop', 'jazz', 'hip hop beats', 'revolution void', 'hip hop']",Line of Flight
4385,253,7876.0,,The Politics of Desire,10.0,Album,,Revolution Void,320271.0,,236.0,,"[4, 15, 811]","[811, 4, 21, 15]",Creative Commons Attribution,2.0,"['hip-hop', 'jazz', 'hip hop beats', 'revolution void', 'hip hop']",Time Flux
4386,254,7876.0,,The Politics of Desire,10.0,Album,,Revolution Void,320024.0,,223.0,,"[4, 15, 811]","[811, 4, 21, 15]",Creative Commons Attribution,3.0,"['hip-hop', 'jazz', 'hip hop beats', 'revolution void', 'hip hop']",Someone Else's Memories
4387,255,7876.0,,The Politics of Desire,10.0,Album,,Revolution Void,319182.0,,290.0,,"[4, 15, 811]","[811, 4, 21, 15]",Creative Commons Attribution,4.0,"['hip-hop', 'jazz', 'hip hop beats', 'revolution void', 'hip hop']",Tree Tenants
4388,256,7876.0,,The Politics of Desire,10.0,Album,,Revolution Void,318516.0,,404.0,,"[4, 15, 811]","[811, 4, 21, 15]",Creative Commons Attribution,5.0,"['hip-hop', 'jazz', 'hip hop beats', 'revolution void', 'hip hop']",Telluric Undercurrent
4389,257,7876.0,,The Politics of Desire,10.0,Album,,Revolution Void,319841.0,,307.0,,"[4, 15, 811]","[811, 4, 21, 15]",Creative Commons Attribution,6.0,"['hip-hop', 'jazz', 'hip hop beats', 'revolution void', 'hip hop']",Outer Orbit
4390,258,7876.0,,The Politics of Desire,10.0,Album,,Revolution Void,319710.0,,249.0,,"[4, 15, 811]","[811, 4, 21, 15]",Creative Commons Attribution,7.0,"['hip-hop', 'jazz', 'hip hop beats', 'revolution void', 'hip hop']",How Exciting
4391,259,7876.0,,The Politics of Desire,10.0,Album,,Revolution Void,319359.0,,312.0,,"[4, 15, 811]","[811, 4, 21, 15]",Creative Commons Attribution,8.0,"['hip-hop', 'jazz', 'hip hop beats', 'revolution void', 'hip hop']",The Simulation Hypothesis
4392,260,7876.0,,The Politics of Desire,10.0,Album,,Revolution Void,318400.0,,137.0,,"[4, 15, 811]","[811, 4, 21, 15]",Creative Commons Attribution,9.0,"['hip-hop', 'jazz', 'hip hop beats', 'revolution void', 'hip hop']",The Narrative Changes
4393,261,7876.0,,The Politics of Desire,10.0,Album,,Revolution Void,319289.0,,246.0,,"[4, 15, 811]","[811, 4, 21, 15]",Creative Commons Attribution,10.0,"['hip-hop', 'jazz', 'hip hop beats', 'revolution void', 'hip hop']",Scattered Knowledge
4405,262,7879.0,,Disco High,3.0,Album,,UltraCat,320626.0,,276.0,Electronic,"[15, 182]","[182, 15]",Creative Commons Attribution,1.0,[],Disco High
4406,263,7879.0,,Disco High,3.0,Album,,UltraCat,310501.0,,246.0,Electronic,"[15, 182]","[182, 15]",Creative Commons Attribution,3.0,[],Unexpected Little Happenings
4407,264,7908.0,,Olivetti Prodest,12.0,Album,,Pierlo,320000.0,,216.0,,"[15, 19, 236, 296]","[296, 236, 14, 15, 19]",Creative Commons Attribution,1.0,"['upitup', 'electronica', 'pierlo', 'idm', 'upfree', 'disco', 'funky']",Deleuze
4408,265,7908.0,,Olivetti Prodest,12.0,Album,,Pierlo,320000.0,,218.0,,"[15, 19, 236, 296]","[296, 236, 14, 15, 19]",Creative Commons Attribution,2.0,"['upitup', 'electronica', 'pierlo', 'idm', 'upfree', 'disco', 'funky']",Profi 70s
4409,266,7908.0,,Olivetti Prodest,12.0,Album,,Pierlo,320000.0,,204.0,,"[15, 19, 236, 296]","[296, 236, 14, 15, 19]",Creative Commons Attribution,3.0,"['upitup', 'electronica', 'pierlo', 'idm', 'upfree', 'disco', 'funky']",BMX Hero
4410,267,7908.0,,Olivetti Prodest,12.0,Album,,Pierlo,320000.0,,105.0,,"[15, 19, 236, 296]","[296, 236, 14, 15, 19]",Creative Commons Attribution,4.0,"['upitup', 'electronica', 'pierlo', 'idm', 'upfree', 'disco', 'funky']",Intrusion
4411,268,7908.0,,Olivetti Prodest,12.0,Album,,Pierlo,320000.0,,133.0,,"[15, 19, 236, 296]","[296, 236, 14, 15, 19]",Creative Commons Attribution,5.0,"['upitup', 'electronica', 'pierlo', 'idm', 'upfree', 'disco', 'funky']",San Diego Cruisin
4412,269,7908.0,,Olivetti Prodest,12.0,Album,,Pierlo,320000.0,,65.0,,"[15, 19, 236, 296]","[296, 236, 14, 15, 19]",Creative Commons Attribution,6.0,"['upitup', 'electronica', 'pierlo', 'idm', 'upfree', 'disco', 'funky']",Gibbon
4413,270,7908.0,,Olivetti Prodest,12.0,Album,,Pierlo,320000.0,,128.0,,"[15, 19, 236, 296]","[296, 236, 14, 15, 19]",Creative Commons Attribution,7.0,"['upitup', 'electronica', 'pierlo', 'idm', 'upfree', 'disco', 'funky']",Venga Bus
4414,271,7908.0,,Olivetti Prodest,12.0,Album,,Pierlo,320000.0,,193.0,,"[15, 19, 236, 296]","[296, 236, 14, 15, 19]",Creative Commons Attribution,8.0,"['upitup', 'electronica', 'pierlo', 'idm', 'upfree', 'disco', 'funky']",King of The Kitchen
4415,272,7908.0,,Olivetti Prodest,12.0,Album,,Pierlo,320000.0,,158.0,,"[15, 19, 236, 296]","[296, 236, 14, 15, 19]",Creative Commons Attribution,9.0,"['upitup', 'electronica', 'pierlo', 'idm', 'upfree', 'disco', 'funky']",Xor
4416,273,7908.0,,Olivetti Prodest,12.0,Album,,Pierlo,320000.0,,269.0,,"[15, 19, 236, 296]","[296, 236, 14, 15, 19]",Creative Commons Attribution,10.0,"['upitup', 'electronica', 'pierlo', 'idm', 'upfree', 'disco', 'funky']",Barbarian
4417,274,7908.0,,Olivetti Prodest,12.0,Album,,Pierlo,320000.0,,160.0,,"[15, 19, 236, 296]","[296, 236, 14, 15, 19]",Creative Commons Attribution,11.0,"['upitup', 'electronica', 'pierlo', 'idm', 'upfree', 'disco', 'funky']",Skyroads
4418,275,7908.0,,Olivetti Prodest,12.0,Album,,Pierlo,320000.0,,174.0,,"[15, 19, 236, 296]","[296, 236, 14, 15, 19]",Creative Commons Attribution,12.0,"['upitup', 'electronica', 'pierlo', 'idm', 'upfree', 'disco', 'funky']",Ocramancer
4696,276,8295.0,,Directionless EP,6.0,Album,,Broke For Free,320000.0,,158.0,Electronic,"[15, 184]","[184, 15]",Creative Commons Attribution,6.0,"['trip hop', 'tracks to sync', 'stellar']",Only Instrumental
4697,277,8295.0,,Directionless EP,6.0,Album,,Broke For Free,320000.0,,198.0,Electronic,"[15, 184]","[184, 15]",Creative Commons Attribution,5.0,"['trip hop', 'tracks to sync', 'stellar']",Mell's Parade
4698,278,8295.0,,Directionless EP,6.0,Album,,Broke For Free,320000.0,,323.0,Electronic,"[15, 184]","[184, 15]",Creative Commons Attribution,4.0,"['trip hop', 'tracks to sync', 'stellar']",My Luck
4699,279,8295.0,,Directionless EP,6.0,Album,,Broke For Free,320000.0,,223.0,Electronic,"[15, 184]","[184, 15]",Creative Commons Attribution,3.0,"['trip hop', 'tracks to sync', 'stellar']",Day Bird
4700,280,8295.0,,Directionless EP,6.0,Album,,Broke For Free,320000.0,,188.0,Electronic,"[15, 184]","[184, 15]",Creative Commons Attribution,2.0,"['trip hop', 'tracks to sync', 'stellar']",My Always Mood
4701,281,8295.0,,Directionless EP,6.0,Album,,Broke For Free,320000.0,,194.0,Electronic,"[15, 184]","[184, 15]",Creative Commons Attribution,1.0,"['trip hop', 'tracks to sync', 'stellar']",Night Owl
4789,282,8698.0,,Party in Space,14.0,Album,,Charlie Burgess,321320.0,,112.0,Experimental,[360],"[360, 38, 6]",Public Domain,4.0,"['kid-friendly', 'childrens music', 'outer space', 'space', 'kazoomzoom', 'children', 'for kids', 'various artists kazoomzoom']",The Great Big Ice Cream Sundae From Outer Space
4802,283,8700.0,,Trafic Tonalité,3.0,Album,,Marcus Obst,220384.0,,1304.0,,"[15, 30, 42]","[38, 42, 30, 15]",Creative Commons Attribution,1.0,[],Trafic Tonalité
4803,284,8700.0,,Trafic Tonalité,3.0,Album,,Marcus Obst,223192.0,,653.0,,"[15, 30, 42]","[38, 42, 30, 15]",Creative Commons Attribution,2.0,[],Trafic Tonalité - Drone (Bonus)
4804,285,8700.0,,Trafic Tonalité,3.0,Album,,Marcus Obst,255484.0,,554.0,,"[15, 30, 42]","[38, 42, 30, 15]",Creative Commons Attribution,3.0,[],Trafic Tonalité - Sequenceur (Bonus)
4962,286,9016.0,,Resistor Anthems,10.0,Album,,Eric Skiff,257001.0,,114.0,Electronic,"[15, 240, 297]","[240, 297, 15]",Creative Commons Attribution,1.0,[],A Night Of Dizzy Spells
4963,287,9016.0,,Resistor Anthems,10.0,Album,,Eric Skiff,245674.0,,189.0,Electronic,"[15, 240, 297]","[240, 297, 15]",Creative Commons Attribution,2.0,[],Underclocked (underunderclocked mix)
4964,288,9016.0,,Resistor Anthems,10.0,Album,,Eric Skiff,261512.0,,123.0,Electronic,"[15, 240, 297]","[240, 297, 15]",Creative Commons Attribution,3.0,[],Chibi Ninja
4965,289,9016.0,,Resistor Anthems,10.0,Album,,Eric Skiff,264715.0,,177.0,Electronic,"[15, 240, 297]","[240, 297, 15]",Creative Commons Attribution,4.0,[],All of Us
4966,290,9016.0,,Resistor Anthems,10.0,Album,,Eric Skiff,246093.0,,199.0,Electronic,"[15, 240, 297]","[240, 297, 15]",Creative Commons Attribution,5.0,[],Come and Find Me
4967,291,9016.0,,Resistor Anthems,10.0,Album,,Eric Skiff,265538.0,,140.0,Electronic,"[15, 240, 297]","[240, 297, 15]",Creative Commons Attribution,6.0,[],Searching
4968,292,9016.0,,Resistor Anthems,10.0,Album,,Eric Skiff,258613.0,,141.0,Electronic,"[15, 240, 297]","[240, 297, 15]",Creative Commons Attribution,7.0,[],We're the Resistors
4969,293,9016.0,,Resistor Anthems,10.0,Album,,Eric Skiff,268470.0,,192.0,Electronic,"[15, 240, 297]","[240, 297, 15]",Creative Commons Attribution,8.0,[],Ascending
4970,294,9016.0,,Resistor Anthems,10.0,Album,,Eric Skiff,245756.0,,209.0,Electronic,"[15, 240, 297]","[240, 297, 15]",Creative Commons Attribution,9.0,[],Come and Find Me - B mix
4971,295,9016.0,,Resistor Anthems,10.0,Album,,Eric Skiff,253749.0,,196.0,Electronic,"[15, 240, 297]","[240, 297, 15]",Creative Commons Attribution,10.0,[],Arpanauts
4995,296,9218.0,,Russian Dating,7.0,Album,,Luciano Foglia,192000.0,,104.0,,"[1, 15, 38]","[1, 38, 15]",Creative Commons Attribution,3.0,[],Naturally to you
4996,297,9218.0,,Russian Dating,7.0,Album,,Luciano Foglia,192000.0,,260.0,,"[1, 15, 38]","[1, 38, 15]",Creative Commons Attribution,2.0,[],Become a Magnet
4997,298,9218.0,,Russian Dating,7.0,Album,,Luciano Foglia,192000.0,,222.0,,"[1, 15, 38]","[1, 38, 15]",Creative Commons Attribution,6.0,[],Fractionation
4998,299,9218.0,,Russian Dating,7.0,Album,,Luciano Foglia,192000.0,,376.0,,"[1, 15, 38]","[1, 38, 15]",Creative Commons Attribution,4.0,[],Only please yourself
4999,300,9218.0,,Russian Dating,7.0,Album,,Luciano Foglia,192000.0,,348.0,,"[1, 15, 38]","[1, 38, 15]",Creative Commons Attribution,5.0,[],Be a tease
5000,301,9218.0,,Russian Dating,7.0,Album,,Luciano Foglia,192000.0,,160.0,,"[1, 15, 38]","[1, 38, 15]",Creative Commons Attribution,1.0,[],Use hypnosis
5003,302,9294.0,,Chapelle 59,2.0,Album,,Chapelle 59,232188.0,,350.0,,[],[],Creative Commons Attribution,1.0,['chapelle 59'],Bring Me A Beer
5004,303,9294.0,,Chapelle 59,2.0,Album,,Chapelle 59,244139.0,,294.0,,[],[],Creative Commons Attribution,2.0,['chapelle 59'],Metal This Morning
5005,304,9295.0,,Live In Lyon,7.0,Live Performance,,Chapelle 59,274750.0,,333.0,,"[12, 250]","[250, 12, 38]",Creative Commons Attribution,1.0,['chapelle 59'],Cinquième
5006,305,9295.0,,Live In Lyon,7.0,Live Performance,,Chapelle 59,267418.0,,354.0,,"[12, 250]","[250, 12, 38]",Creative Commons Attribution,3.0,['chapelle 59'],Troisième
5007,306,9295.0,,Live In Lyon,7.0,Live Performance,,Chapelle 59,276529.0,,455.0,,"[12, 250]","[250, 12, 38]",Creative Commons Attribution,4.0,['chapelle 59'],Seconde
5008,307,9295.0,,Live In Lyon,7.0,Live Performance,,Chapelle 59,276648.0,,476.0,,"[12, 250]","[250, 12, 38]",Creative Commons Attribution,5.0,['chapelle 59'],Première
5009,308,9295.0,,Live In Lyon,7.0,Live Performance,,Chapelle 59,265008.0,,295.0,,"[12, 250]","[250, 12, 38]",Creative Commons Attribution,6.0,['chapelle 59'],Terminale
5010,309,9295.0,,Live In Lyon,7.0,Live Performance,,Chapelle 59,270502.0,,793.0,,"[12, 250]","[250, 12, 38]",Creative Commons Attribution,2.0,['chapelle 59'],Quatrième
5042,310,9613.0,,Funk Sampler,1.0,Album,,Kevin MacLeod,320000.0,,75.0,Soul-RnB,[19],"[19, 14]",Creative Commons Attribution,2.0,[],Private Eye
5043,311,9613.0,,Funk Sampler,1.0,Album,,Kevin MacLeod,320000.0,,37.0,Soul-RnB,[19],"[19, 14]",Creative Commons Attribution,3.0,[],There It Is
5044,312,9613.0,,Funk Sampler,1.0,Album,,Kevin MacLeod,320000.0,,192.0,Soul-RnB,[19],"[19, 14]",Creative Commons Attribution,1.0,[],Aces High
5045,313,9614.0,,Blues Sampler,8.0,Album,,Kevin MacLeod,320000.0,,221.0,Blues,[3],[3],Creative Commons Attribution,4.0,['httpsbacarat168com'],DD Groove
5046,314,9614.0,,Blues Sampler,8.0,Album,,Kevin MacLeod,320000.0,,120.0,Blues,[3],[3],Creative Commons Attribution,6.0,['httpsbacarat168com'],Hustle
5047,315,9614.0,,Blues Sampler,8.0,Album,,Kevin MacLeod,320000.0,,120.0,Blues,[3],[3],Creative Commons Attribution,7.0,['httpsbacarat168com'],Dirt Rhodes
5048,316,9614.0,,Blues Sampler,8.0,Album,,Kevin MacLeod,320000.0,,228.0,Blues,[3],[3],Creative Commons Attribution,8.0,['httpsbacarat168com'],Slow Burn
5049,317,9615.0,,Classical Sampler,59.0,Album,,Kevin MacLeod,256000.0,,353.0,Classical,[5],[5],Creative Commons Attribution,0.0,"['1dance', 'erik satie', 'strauss', 'satie', 'beethoven', 'bizet', 'rossini', 'wagner', 'brass', 'holst', 'march', 'saint-saens', 'fugue', 'js bach', 'bach', 'johann sebastian bach', 'classical']",J. S. Bach: Chomatic Fuge BWV 930
5050,318,9615.0,,Classical Sampler,59.0,Album,,Kevin MacLeod,256000.0,,401.0,Classical,[5],[5],Creative Commons Attribution,0.0,"['1dance', 'erik satie', 'strauss', 'satie', 'beethoven', 'bizet', 'rossini', 'wagner', 'brass', 'holst', 'march', 'saint-saens', 'fugue', 'js bach', 'bach', 'johann sebastian bach', 'classical']",J. S. Bach: Chromatic Fantasia BWV 930
5051,319,9615.0,,Classical Sampler,59.0,Album,,Kevin MacLeod,192000.0,,237.0,Classical,[5],[5],Creative Commons Attribution,0.0,"['1dance', 'erik satie', 'strauss', 'satie', 'beethoven', 'bizet', 'rossini', 'wagner', 'brass', 'holst', 'march', 'saint-saens', 'fugue', 'js bach', 'bach', 'johann sebastian bach', 'classical']",J. S. Bach: Sheep May Safely Graze - BWV 208
5052,320,9615.0,,Classical Sampler,59.0,Album,,Kevin MacLeod,256000.0,,95.0,Classical,[5],[5],Creative Commons Attribution,0.0,"['1dance', 'erik satie', 'strauss', 'satie', 'beethoven', 'bizet', 'rossini', 'wagner', 'brass', 'holst', 'march', 'saint-saens', 'fugue', 'js bach', 'bach', 'johann sebastian bach', 'classical']",Divertissement
5053,321,9615.0,,Classical Sampler,59.0,Album,,Kevin MacLeod,263873.0,,355.0,Classical,[5],[5],Creative Commons Attribution,0.0,"['1dance', 'erik satie', 'strauss', 'satie', 'beethoven', 'bizet', 'rossini', 'wagner', 'brass', 'holst', 'march', 'saint-saens', 'fugue', 'js bach', 'bach', 'johann sebastian bach', 'classical']",Canon in D Major
5054,322,9615.0,,Classical Sampler,59.0,Album,,Kevin MacLeod,262075.0,,152.0,Classical,[5],[5],Creative Commons Attribution,0.0,"['1dance', 'erik satie', 'strauss', 'satie', 'beethoven', 'bizet', 'rossini', 'wagner', 'brass', 'holst', 'march', 'saint-saens', 'fugue', 'js bach', 'bach', 'johann sebastian bach', 'classical']",Gustov Holst: Thaxted
5055,323,9615.0,,Classical Sampler,59.0,Album,,Kevin MacLeod,320000.0,,22.0,Classical,[5],[5],Creative Commons Attribution,0.0,"['1dance', 'erik satie', 'strauss', 'satie', 'beethoven', 'bizet', 'rossini', 'wagner', 'brass', 'holst', 'march', 'saint-saens', 'fugue', 'js bach', 'bach', 'johann sebastian bach', 'classical']",Running Fanfare
5056,324,9615.0,,Classical Sampler,59.0,Album,,Kevin MacLeod,320000.0,,128.0,Classical,[5],[5],Creative Commons Attribution,0.0,"['1dance', 'erik satie', 'strauss', 'satie', 'beethoven', 'bizet', 'rossini', 'wagner', 'brass', 'holst', 'march', 'saint-saens', 'fugue', 'js bach', 'bach', 'johann sebastian bach', 'classical']",J. S. Bach: Cello Suite #1 in G (on Dulcimer) - Prelude
5057,325,9615.0,,Classical Sampler,59.0,Album,,Kevin MacLeod,320000.0,,78.0,Classical,[5],[5],Creative Commons Attribution,0.0,"['1dance', 'erik satie', 'strauss', 'satie', 'beethoven', 'bizet', 'rossini', 'wagner', 'brass', 'holst', 'march', 'saint-saens', 'fugue', 'js bach', 'bach', 'johann sebastian bach', 'classical']",Sonatina
5058,326,9615.0,,Classical Sampler,59.0,Album,,Kevin MacLeod,320000.0,,521.0,Classical,[5],[5],Creative Commons Attribution,0.0,"['1dance', 'erik satie', 'strauss', 'satie', 'beethoven', 'bizet', 'rossini', 'wagner', 'brass', 'holst', 'march', 'saint-saens', 'fugue', 'js bach', 'bach', 'johann sebastian bach', 'classical']",J. S. Bach: Toccata and Fugue in D Minor
5059,327,9615.0,,Classical Sampler,59.0,Album,,Kevin MacLeod,320000.0,,44.0,Classical,[5],[5],Creative Commons Attribution,0.0,"['1dance', 'erik satie', 'strauss', 'satie', 'beethoven', 'bizet', 'rossini', 'wagner', 'brass', 'holst', 'march', 'saint-saens', 'fugue', 'js bach', 'bach', 'johann sebastian bach', 'classical']",Lift Motif
5060,328,9615.0,,Classical Sampler,59.0,Album,,Kevin MacLeod,320000.0,,102.0,Classical,[5],[5],Creative Commons Attribution,0.0,"['1dance', 'erik satie', 'strauss', 'satie', 'beethoven', 'bizet', 'rossini', 'wagner', 'brass', 'holst', 'march', 'saint-saens', 'fugue', 'js bach', 'bach', 'johann sebastian bach', 'classical']",Wagner: Bridal Chorus - piano
5061,329,9615.0,,Classical Sampler,59.0,Album,,Kevin MacLeod,320000.0,,139.0,Classical,[5],[5],Creative Commons Attribution,0.0,"['1dance', 'erik satie', 'strauss', 'satie', 'beethoven', 'bizet', 'rossini', 'wagner', 'brass', 'holst', 'march', 'saint-saens', 'fugue', 'js bach', 'bach', 'johann sebastian bach', 'classical']",Wagner: Bridal Chorus
5062,330,9615.0,,Classical Sampler,59.0,Album,,Kevin MacLeod,320000.0,,41.0,Classical,[5],[5],Creative Commons Attribution,0.0,"['1dance', 'erik satie', 'strauss', 'satie', 'beethoven', 'bizet', 'rossini', 'wagner', 'brass', 'holst', 'march', 'saint-saens', 'fugue', 'js bach', 'bach', 'johann sebastian bach', 'classical']",Tiny Fugue
5063,331,9615.0,,Classical Sampler,59.0,Album,,Kevin MacLeod,320000.0,,92.0,Classical,[5],[5],Creative Commons Attribution,0.0,"['1dance', 'erik satie', 'strauss', 'satie', 'beethoven', 'bizet', 'rossini', 'wagner', 'brass', 'holst', 'march', 'saint-saens', 'fugue', 'js bach', 'bach', 'johann sebastian bach', 'classical']",Mourning Song
5064,332,9615.0,,Classical Sampler,59.0,Album,,Kevin MacLeod,320000.0,,87.0,Classical,[5],[5],Creative Commons Attribution,0.0,"['1dance', 'erik satie', 'strauss', 'satie', 'beethoven', 'bizet', 'rossini', 'wagner', 'brass', 'holst', 'march', 'saint-saens', 'fugue', 'js bach', 'bach', 'johann sebastian bach', 'classical']",A Little Faith
5065,333,9615.0,,Classical Sampler,59.0,Album,,Kevin MacLeod,320000.0,,84.0,Classical,[5],[5],Creative Commons Attribution,0.0,"['1dance', 'erik satie', 'strauss', 'satie', 'beethoven', 'bizet', 'rossini', 'wagner', 'brass', 'holst', 'march', 'saint-saens', 'fugue', 'js bach', 'bach', 'johann sebastian bach', 'classical']",Trio for Piano Violin and Viola
5066,334,9615.0,,Classical Sampler,59.0,Album,,Kevin MacLeod,320000.0,,56.0,Classical,[5],[5],Creative Commons Attribution,0.0,"['1dance', 'erik satie', 'strauss', 'satie', 'beethoven', 'bizet', 'rossini', 'wagner', 'brass', 'holst', 'march', 'saint-saens', 'fugue', 'js bach', 'bach', 'johann sebastian bach', 'classical']",The Rule
5067,335,9615.0,,Classical Sampler,59.0,Album,,Kevin MacLeod,320000.0,,278.0,Classical,[5],[5],Creative Commons Attribution,0.0,"['1dance', 'erik satie', 'strauss', 'satie', 'beethoven', 'bizet', 'rossini', 'wagner', 'brass', 'holst', 'march', 'saint-saens', 'fugue', 'js bach', 'bach', 'johann sebastian bach', 'classical']",Blue Feather
5068,336,9615.0,,Classical Sampler,59.0,Album,,Kevin MacLeod,320000.0,,122.0,Classical,[5],[5],Creative Commons Attribution,0.0,"['1dance', 'erik satie', 'strauss', 'satie', 'beethoven', 'bizet', 'rossini', 'wagner', 'brass', 'holst', 'march', 'saint-saens', 'fugue', 'js bach', 'bach', 'johann sebastian bach', 'classical']",W. A. Mozart: Divertimento K131
5069,337,9615.0,,Classical Sampler,59.0,Album,,Kevin MacLeod,320000.0,,278.0,Classical,[5],[5],Creative Commons Attribution,0.0,"['1dance', 'erik satie', 'strauss', 'satie', 'beethoven', 'bizet', 'rossini', 'wagner', 'brass', 'holst', 'march', 'saint-saens', 'fugue', 'js bach', 'bach', 'johann sebastian bach', 'classical']",Snow Drop
5070,338,9615.0,,Classical Sampler,59.0,Album,,Kevin MacLeod,320000.0,,20.0,Classical,[5],[5],Creative Commons Attribution,0.0,"['1dance', 'erik satie', 'strauss', 'satie', 'beethoven', 'bizet', 'rossini', 'wagner', 'brass', 'holst', 'march', 'saint-saens', 'fugue', 'js bach', 'bach', 'johann sebastian bach', 'classical']",Camille Saint-Saëns: Danse Macabre - Xylophone
5071,339,9615.0,,Classical Sampler,59.0,Album,,Kevin MacLeod,320000.0,,21.0,Classical,[5],[5],Creative Commons Attribution,0.0,"['1dance', 'erik satie', 'strauss', 'satie', 'beethoven', 'bizet', 'rossini', 'wagner', 'brass', 'holst', 'march', 'saint-saens', 'fugue', 'js bach', 'bach', 'johann sebastian bach', 'classical']",Camille Saint-Saëns: Danse Macabre - Sad Part
5072,340,9615.0,,Classical Sampler,59.0,Album,,Kevin MacLeod,320000.0,,28.0,Classical,[5],[5],Creative Commons Attribution,0.0,"['1dance', 'erik satie', 'strauss', 'satie', 'beethoven', 'bizet', 'rossini', 'wagner', 'brass', 'holst', 'march', 'saint-saens', 'fugue', 'js bach', 'bach', 'johann sebastian bach', 'classical']",Camille Saint-Saëns: Danse Macabre - Light Dance
5073,341,9615.0,,Classical Sampler,59.0,Album,,Kevin MacLeod,320000.0,,26.0,Classical,[5],[5],Creative Commons Attribution,0.0,"['1dance', 'erik satie', 'strauss', 'satie', 'beethoven', 'bizet', 'rossini', 'wagner', 'brass', 'holst', 'march', 'saint-saens', 'fugue', 'js bach', 'bach', 'johann sebastian bach', 'classical']",Camille Saint-Saëns: Danse Macabre - Busy Strings
5074,342,9615.0,,Classical Sampler,59.0,Album,,Kevin MacLeod,320000.0,,32.0,Classical,[5],[5],Creative Commons Attribution,0.0,"['1dance', 'erik satie', 'strauss', 'satie', 'beethoven', 'bizet', 'rossini', 'wagner', 'brass', 'holst', 'march', 'saint-saens', 'fugue', 'js bach', 'bach', 'johann sebastian bach', 'classical']",Camille Saint-Saëns: Danse Macabre - Isolated Harp
5075,343,9615.0,,Classical Sampler,59.0,Album,,Kevin MacLeod,320000.0,,73.0,Classical,[5],[5],Creative Commons Attribution,0.0,"['1dance', 'erik satie', 'strauss', 'satie', 'beethoven', 'bizet', 'rossini', 'wagner', 'brass', 'holst', 'march', 'saint-saens', 'fugue', 'js bach', 'bach', 'johann sebastian bach', 'classical']",Ghost Dance
5076,344,9615.0,,Classical Sampler,59.0,Album,,Kevin MacLeod,320000.0,,62.0,Classical,[5],[5],Creative Commons Attribution,0.0,"['1dance', 'erik satie', 'strauss', 'satie', 'beethoven', 'bizet', 'rossini', 'wagner', 'brass', 'holst', 'march', 'saint-saens', 'fugue', 'js bach', 'bach', 'johann sebastian bach', 'classical']",Schmetterling
5077,345,9615.0,,Classical Sampler,59.0,Album,,Kevin MacLeod,320000.0,,247.0,Classical,[5],[5],Creative Commons Attribution,0.0,"['1dance', 'erik satie', 'strauss', 'satie', 'beethoven', 'bizet', 'rossini', 'wagner', 'brass', 'holst', 'march', 'saint-saens', 'fugue', 'js bach', 'bach', 'johann sebastian bach', 'classical']",Georges Bizet: Habanera
5078,346,9615.0,,Classical Sampler,59.0,Album,,Kevin MacLeod,320000.0,,119.0,Classical,[5],[5],Creative Commons Attribution,0.0,"['1dance', 'erik satie', 'strauss', 'satie', 'beethoven', 'bizet', 'rossini', 'wagner', 'brass', 'holst', 'march', 'saint-saens', 'fugue', 'js bach', 'bach', 'johann sebastian bach', 'classical']",P. I. Tchaikovsky: Dance of the Sugar Plum Fairy
5079,347,9615.0,,Classical Sampler,59.0,Album,,Kevin MacLeod,320000.0,,128.0,Classical,[5],[5],Creative Commons Attribution,0.0,"['1dance', 'erik satie', 'strauss', 'satie', 'beethoven', 'bizet', 'rossini', 'wagner', 'brass', 'holst', 'march', 'saint-saens', 'fugue', 'js bach', 'bach', 'johann sebastian bach', 'classical']",Ludwig van Beethoven: Sinfonia Number 5
5080,348,9615.0,,Classical Sampler,59.0,Album,,Kevin MacLeod,320000.0,,85.0,Classical,[5],[5],Creative Commons Attribution,0.0,"['1dance', 'erik satie', 'strauss', 'satie', 'beethoven', 'bizet', 'rossini', 'wagner', 'brass', 'holst', 'march', 'saint-saens', 'fugue', 'js bach', 'bach', 'johann sebastian bach', 'classical']",Gioachino Rossini: Ranz des Vaches
5081,349,9615.0,,Classical Sampler,59.0,Album,,Kevin MacLeod,320000.0,,50.0,Classical,[5],[5],Creative Commons Attribution,0.0,"['1dance', 'erik satie', 'strauss', 'satie', 'beethoven', 'bizet', 'rossini', 'wagner', 'brass', 'holst', 'march', 'saint-saens', 'fugue', 'js bach', 'bach', 'johann sebastian bach', 'classical']",Consort for Brass
5082,350,9615.0,,Classical Sampler,59.0,Album,,Kevin MacLeod,320000.0,,86.0,Classical,[5],[5],Creative Commons Attribution,0.0,"['1dance', 'erik satie', 'strauss', 'satie', 'beethoven', 'bizet', 'rossini', 'wagner', 'brass', 'holst', 'march', 'saint-saens', 'fugue', 'js bach', 'bach', 'johann sebastian bach', 'classical']",Richard Strauss: Also Sprach Zarathustra
5083,351,9615.0,,Classical Sampler,59.0,Album,,Kevin MacLeod,320000.0,,61.0,Classical,[5],[5],Creative Commons Attribution,0.0,"['1dance', 'erik satie', 'strauss', 'satie', 'beethoven', 'bizet', 'rossini', 'wagner', 'brass', 'holst', 'march', 'saint-saens', 'fugue', 'js bach', 'bach', 'johann sebastian bach', 'classical']",Traditional: Song of the Volga Boatmen
5084,352,9615.0,,Classical Sampler,59.0,Album,,Kevin MacLeod,320000.0,,210.0,Classical,[5],[5],Creative Commons Attribution,0.0,"['1dance', 'erik satie', 'strauss', 'satie', 'beethoven', 'bizet', 'rossini', 'wagner', 'brass', 'holst', 'march', 'saint-saens', 'fugue', 'js bach', 'bach', 'johann sebastian bach', 'classical']",The Endless
5085,353,9615.0,,Classical Sampler,59.0,Album,,Kevin MacLeod,320000.0,,175.0,Classical,[5],[5],Creative Commons Attribution,0.0,"['1dance', 'erik satie', 'strauss', 'satie', 'beethoven', 'bizet', 'rossini', 'wagner', 'brass', 'holst', 'march', 'saint-saens', 'fugue', 'js bach', 'bach', 'johann sebastian bach', 'classical']",Relent
5086,354,9615.0,,Classical Sampler,59.0,Album,,Kevin MacLeod,320000.0,,144.0,Classical,[5],[5],Creative Commons Attribution,0.0,"['1dance', 'erik satie', 'strauss', 'satie', 'beethoven', 'bizet', 'rossini', 'wagner', 'brass', 'holst', 'march', 'saint-saens', 'fugue', 'js bach', 'bach', 'johann sebastian bach', 'classical']",Erik Satie: Gymnopedie No 3
5087,355,9615.0,,Classical Sampler,59.0,Album,,Kevin MacLeod,320000.0,,159.0,Classical,[5],[5],Creative Commons Attribution,0.0,"['1dance', 'erik satie', 'strauss', 'satie', 'beethoven', 'bizet', 'rossini', 'wagner', 'brass', 'holst', 'march', 'saint-saens', 'fugue', 'js bach', 'bach', 'johann sebastian bach', 'classical']",Erik Satie: Gymnopedie No 2
5088,356,9615.0,,Classical Sampler,59.0,Album,,Kevin MacLeod,320000.0,,187.0,Classical,[5],[5],Creative Commons Attribution,0.0,"['1dance', 'erik satie', 'strauss', 'satie', 'beethoven', 'bizet', 'rossini', 'wagner', 'brass', 'holst', 'march', 'saint-saens', 'fugue', 'js bach', 'bach', 'johann sebastian bach', 'classical']",Erik Satie: Gymnopedie No 1
5089,357,9615.0,,Classical Sampler,59.0,Album,,Kevin MacLeod,320000.0,,130.0,Classical,[5],[5],Creative Commons Attribution,0.0,"['1dance', 'erik satie', 'strauss', 'satie', 'beethoven', 'bizet', 'rossini', 'wagner', 'brass', 'holst', 'march', 'saint-saens', 'fugue', 'js bach', 'bach', 'johann sebastian bach', 'classical']",Funeral March for Brass
5090,358,9615.0,,Classical Sampler,59.0,Album,,Kevin MacLeod,320000.0,,262.0,Classical,[5],[5],Creative Commons Attribution,0.0,"['1dance', 'erik satie', 'strauss', 'satie', 'beethoven', 'bizet', 'rossini', 'wagner', 'brass', 'holst', 'march', 'saint-saens', 'fugue', 'js bach', 'bach', 'johann sebastian bach', 'classical']",Virtutes Instrumenti
5091,359,9615.0,,Classical Sampler,59.0,Album,,Kevin MacLeod,256000.0,,437.0,Classical,[5],[5],Creative Commons Attribution,0.0,"['1dance', 'erik satie', 'strauss', 'satie', 'beethoven', 'bizet', 'rossini', 'wagner', 'brass', 'holst', 'march', 'saint-saens', 'fugue', 'js bach', 'bach', 'johann sebastian bach', 'classical']",J. S. Bach: Brandenburg Concerto No4-1 BWV1049
5092,360,9615.0,,Classical Sampler,59.0,Album,,Kevin MacLeod,320000.0,,189.0,Classical,[5],[5],Creative Commons Attribution,0.0,"['1dance', 'erik satie', 'strauss', 'satie', 'beethoven', 'bizet', 'rossini', 'wagner', 'brass', 'holst', 'march', 'saint-saens', 'fugue', 'js bach', 'bach', 'johann sebastian bach', 'classical']",Amazing Grace 2011
5093,361,9615.0,,Classical Sampler,59.0,Album,,Kevin MacLeod,320000.0,,406.0,Classical,[5],[5],Creative Commons Attribution,0.0,"['1dance', 'erik satie', 'strauss', 'satie', 'beethoven', 'bizet', 'rossini', 'wagner', 'brass', 'holst', 'march', 'saint-saens', 'fugue', 'js bach', 'bach', 'johann sebastian bach', 'classical']",Camille Saint-Saëns: Danse Macabre
5094,362,9615.0,,Classical Sampler,59.0,Album,,Kevin MacLeod,320000.0,,21.0,Classical,[5],[5],Creative Commons Attribution,0.0,"['1dance', 'erik satie', 'strauss', 'satie', 'beethoven', 'bizet', 'rossini', 'wagner', 'brass', 'holst', 'march', 'saint-saens', 'fugue', 'js bach', 'bach', 'johann sebastian bach', 'classical']",Camille Saint-Saëns: Danse Macabre - Finale
5095,363,9615.0,,Classical Sampler,59.0,Album,,Kevin MacLeod,320000.0,,178.0,Classical,[5],[5],Creative Commons Attribution,0.0,"['1dance', 'erik satie', 'strauss', 'satie', 'beethoven', 'bizet', 'rossini', 'wagner', 'brass', 'holst', 'march', 'saint-saens', 'fugue', 'js bach', 'bach', 'johann sebastian bach', 'classical']",J. S. Bach: Prelude in C - BWV 846
5096,364,9616.0,,Contemporary Sampler,8.0,Album,,Kevin MacLeod,320000.0,,159.0,Folk,[17],[17],Creative Commons Attribution,0.0,[],Cattails
5097,365,9616.0,,Contemporary Sampler,8.0,Album,,Kevin MacLeod,320000.0,,344.0,,"[5, 18]","[18, 1235, 5]",Creative Commons Attribution,0.0,[],Gagool
5098,366,9616.0,,Contemporary Sampler,8.0,Album,,Kevin MacLeod,320000.0,,290.0,Easy Listening,[13],[13],Creative Commons Attribution,0.0,[],Soporific
5099,367,9616.0,,Contemporary Sampler,8.0,Album,,Kevin MacLeod,320000.0,,405.0,Instrumental,[107],"[107, 1235]",Creative Commons Attribution,0.0,[],Eastminster
5100,368,9616.0,,Contemporary Sampler,8.0,Album,,Kevin MacLeod,320000.0,,185.0,Instrumental,[18],"[18, 1235]",Creative Commons Attribution,0.0,[],Devastation and Revenge
5101,369,9616.0,,Contemporary Sampler,8.0,Album,,Kevin MacLeod,320000.0,,269.0,,[],[],Creative Commons Attribution,0.0,[],Enchanted Journey
5102,370,9616.0,,Contemporary Sampler,8.0,Album,,Kevin MacLeod,320000.0,,94.0,Classical,[659],"[659, 5]",Creative Commons Attribution,0.0,[],The Forest and the Trees
5103,371,9616.0,,Contemporary Sampler,8.0,Album,,Kevin MacLeod,320000.0,,64.0,,"[107, 456]","[456, 38, 107, 1235]",Creative Commons Attribution,0.0,[],Isolated
5104,372,9619.0,,Jazz Sampler,20.0,Album,,Kevin MacLeod,320000.0,,146.0,Jazz,[4],[4],Creative Commons Attribution,0.0,[],Dances and Dames
5105,373,9619.0,,Jazz Sampler,20.0,Album,,Kevin MacLeod,286723.0,,109.0,Jazz,[4],[4],Creative Commons Attribution,0.0,[],Off to Osaka
5106,374,9619.0,,Jazz Sampler,20.0,Album,,Kevin MacLeod,286026.0,,166.0,Jazz,[4],[4],Creative Commons Attribution,0.0,[],I Knew a Guy
5107,375,9619.0,,Jazz Sampler,20.0,Album,,Kevin MacLeod,320000.0,,216.0,,"[4, 619]","[2, 130, 619, 4]",Creative Commons Attribution,0.0,[],As I Figure
5108,376,9619.0,,Jazz Sampler,20.0,Album,,Kevin MacLeod,320000.0,,181.0,Jazz,[4],[4],Creative Commons Attribution,0.0,[],Faster Does It
5109,377,9619.0,,Jazz Sampler,20.0,Album,,Kevin MacLeod,267146.0,,174.0,,"[4, 13]","[4, 13]",Creative Commons Attribution,0.0,[],Night on the Docks - Sax
5110,378,9619.0,,Jazz Sampler,20.0,Album,,Kevin MacLeod,320000.0,,61.0,,[],[],Creative Commons Attribution,0.0,[],Vibe Ace
5111,379,9619.0,,Jazz Sampler,20.0,Album,,Kevin MacLeod,320000.0,,146.0,Jazz,[4],[4],Creative Commons Attribution,0.0,[],Dances and Dames
5112,380,9619.0,,Jazz Sampler,20.0,Album,,Kevin MacLeod,286723.0,,109.0,Jazz,[4],[4],Creative Commons Attribution,0.0,[],Off to Osaka
5113,381,9619.0,,Jazz Sampler,20.0,Album,,Kevin MacLeod,286026.0,,166.0,Jazz,[4],[4],Creative Commons Attribution,0.0,[],I Knew a Guy
5114,382,9619.0,,Jazz Sampler,20.0,Album,,Kevin MacLeod,320000.0,,216.0,,"[4, 619]","[2, 130, 619, 4]",Creative Commons Attribution,0.0,[],As I Figure
5115,383,9619.0,,Jazz Sampler,20.0,Album,,Kevin MacLeod,192000.0,,208.0,,"[4, 19]","[19, 4, 14]",Creative Commons Attribution,0.0,[],AcidJazz
5116,384,9619.0,,Jazz Sampler,20.0,Album,,Kevin MacLeod,320000.0,,181.0,Jazz,[4],[4],Creative Commons Attribution,0.0,[],Faster Does It
5117,385,9619.0,,Jazz Sampler,20.0,Album,,Kevin MacLeod,267146.0,,174.0,,"[4, 13]","[4, 13]",Creative Commons Attribution,0.0,[],Night on the Docks - Sax
5118,386,9619.0,,Jazz Sampler,20.0,Album,,Kevin MacLeod,320000.0,,61.0,,"[4, 13, 19]","[19, 4, 13, 14]",Creative Commons Attribution,0.0,[],Vibe Ace
5119,387,9619.0,,Jazz Sampler,20.0,Album,,Kevin MacLeod,320000.0,,228.0,,"[4, 400]","[400, 4, 182, 15]",Creative Commons Attribution,0.0,[],Backed Vibes Clean
5120,388,9620.0,,Global Sampler,9.0,Album,,Kevin MacLeod,320000.0,,41.0,International,"[2, 77]","[2, 77]",Creative Commons Attribution,0.0,[],Parisian
5121,389,9620.0,,Global Sampler,9.0,Album,,Kevin MacLeod,320000.0,,48.0,International,"[2, 130]","[2, 130]",Creative Commons Attribution,0.0,[],Baltic Levity
5122,390,9620.0,,Global Sampler,9.0,Album,,Kevin MacLeod,320000.0,,74.0,,"[2, 18]","[2, 18, 1235]",Creative Commons Attribution,0.0,[],Cambodean Odessy
5123,391,9620.0,,Global Sampler,9.0,Album,,Kevin MacLeod,320000.0,,228.0,International,[2],[2],Creative Commons Attribution,0.0,[],Tikopia
5124,392,9620.0,,Global Sampler,9.0,Album,,Kevin MacLeod,320000.0,,281.0,International,[2],[2],Creative Commons Attribution,0.0,[],Rite of Passage
5125,393,9620.0,,Global Sampler,9.0,Album,,Kevin MacLeod,320000.0,,151.0,International,"[2, 504]","[504, 2]",Creative Commons Attribution,0.0,[],Quasi Motion
5126,394,9620.0,,Global Sampler,9.0,Album,,Kevin MacLeod,320000.0,,201.0,,"[2, 117, 297]","[297, 2, 117, 15]",Creative Commons Attribution,0.0,[],Pixel Peeker Polka - faster
5127,395,9620.0,,Global Sampler,9.0,Album,,Kevin MacLeod,320000.0,,49.0,International,[2],[2],Creative Commons Attribution,0.0,[],Beach Party
5128,396,9641.0,,Motormouth,8.0,Album,,Bob Ostertag,320000.0,,531.0,Experimental,"[1, 38]","[1, 38]",Creative Commons Attribution,5.0,[],Motormouth
5129,397,9641.0,,Motormouth,8.0,Album,,Bob Ostertag,320000.0,,292.0,Experimental,"[1, 38]","[1, 38]",Creative Commons Attribution,3.0,[],Arms and Legs
5130,398,9641.0,,Motormouth,8.0,Album,,Bob Ostertag,320000.0,,348.0,Experimental,"[1, 38]","[1, 38]",Creative Commons Attribution,1.0,[],Shadow Pocket
5131,399,9641.0,,Motormouth,8.0,Album,,Bob Ostertag,320000.0,,62.0,Experimental,"[1, 38]","[1, 38]",Creative Commons Attribution,2.0,[],Wack
5132,400,9641.0,,Motormouth,8.0,Album,,Bob Ostertag,320000.0,,106.0,Experimental,"[1, 38]","[1, 38]",Creative Commons Attribution,4.0,[],Hymenoptera
5133,401,9641.0,,Motormouth,8.0,Album,,Bob Ostertag,320000.0,,617.0,Experimental,"[1, 38]","[1, 38]",Creative Commons Attribution,7.0,[],Pointillism
5134,402,9641.0,,Motormouth,8.0,Album,,Bob Ostertag,320000.0,,168.0,Experimental,"[1, 38]","[1, 38]",Creative Commons Attribution,6.0,[],Affairs of State
5135,403,9641.0,,Motormouth,8.0,Album,,Bob Ostertag,320000.0,,171.0,Experimental,"[1, 38]","[1, 38]",Creative Commons Attribution,8.0,[],Tickled Pink
5144,404,9613.0,,Funk Sampler,1.0,Album,,Kevin MacLeod,320000.0,,255.0,,"[11, 15]","[11, 14, 15]",Creative Commons Attribution,4.0,[],Presenterator
5177,405,9772.0,,The Fantastic Voyage Of The Cosmonauts,1.0,Album,,Iranian Space Program,320000.0,,1967.0,,"[27, 38, 94]","[38, 12, 17, 27, 94]",Creative Commons Attribution,1.0,[],The Fantastic Voyage Of The Cosmonauts
5314,406,10035.0,,Behaviour state,8.0,Album,,Salakapakka Sound System,320000.0,,189.0,Experimental,[38],[38],Creative Commons Attribution,1.0,[],Motorond
5315,407,10035.0,,Behaviour state,8.0,Album,,DEREK PIOTR,320000.0,,293.0,Experimental,[38],[38],Creative Commons Attribution,2.0,[],Behavior state
5316,408,10035.0,,Behaviour state,8.0,Album,,Salakapakka Sound System,320000.0,,468.0,Experimental,[38],[38],Creative Commons Attribution,3.0,[],Behaviour statistics
5317,409,10035.0,,Behaviour state,8.0,Album,,DEREK PIOTR,320000.0,,77.0,Experimental,[38],[38],Creative Commons Attribution,4.0,[],Behaviour Strategy
5318,410,10035.0,,Behaviour state,8.0,Album,,Salakapakka Sound System,320000.0,,303.0,Experimental,[38],[38],Creative Commons Attribution,5.0,[],Behave like motor
5319,411,10035.0,,Behaviour state,8.0,Album,,DEREK PIOTR,320000.0,,155.0,Experimental,[38],[38],Creative Commons Attribution,6.0,[],Behaviour Stutter
5320,412,10035.0,,Behaviour state,8.0,Album,,Salakapakka Sound System,320000.0,,102.0,Experimental,[38],[38],Creative Commons Attribution,7.0,[],Bee haven
5321,413,10035.0,,Behaviour state,8.0,Album,,DEREK PIOTR,320000.0,,117.0,Experimental,[38],[38],Creative Commons Attribution,8.0,[],St. Behaviour
5408,414,10191.0,,Dub Lab,8.0,Album,,DuBoLoGy,320000.0,,288.0,International,[79],"[2, 79]",Creative Commons Attribution,8.0,[],Swan Lake Dub
5409,415,10191.0,,Dub Lab,8.0,Album,,DuBoLoGy,320000.0,,175.0,International,[79],"[2, 79]",Creative Commons Attribution,1.0,[],Dub Atao
5410,416,10191.0,,Dub Lab,8.0,Album,,DuBoLoGy,320000.0,,223.0,International,[79],"[2, 79]",Creative Commons Attribution,2.0,[],Black Monday
5411,417,10191.0,,Dub Lab,8.0,Album,,DuBoLoGy,320000.0,,221.0,International,[79],"[2, 79]",Creative Commons Attribution,3.0,[],Freakonomics Dub
5412,418,10191.0,,Dub Lab,8.0,Album,,DuBoLoGy,320000.0,,203.0,International,[79],"[2, 79]",Creative Commons Attribution,4.0,[],Chacha Dub
5413,419,10191.0,,Dub Lab,8.0,Album,,DuBoLoGy,320000.0,,218.0,International,[79],"[2, 79]",Creative Commons Attribution,5.0,[],Dub Action
5414,420,10191.0,,Dub Lab,8.0,Album,,DuBoLoGy,320000.0,,167.0,International,[79],"[2, 79]",Creative Commons Attribution,6.0,[],Walk In Forest
5415,421,10191.0,,Dub Lab,8.0,Album,,DuBoLoGy,320000.0,,185.0,International,[79],"[2, 79]",Creative Commons Attribution,7.0,[],Epic Dub
5575,422,10490.0,,Bonus Beat Blast 2011,74.0,Album,,James Pants,320000.0,,120.0,,"[15, 811]","[811, 21, 15]",Creative Commons Attribution,34.0,[],Cha Cha Demo
5576,423,10514.0,,Detonate,7.0,Album,,Stickfigure,320000.0,,373.0,,"[15, 38, 468]","[468, 38, 15]",Creative Commons Attribution,7.0,[],A Brief Transmission
5577,424,10514.0,,Detonate,7.0,Album,,Stickfigure,320000.0,,146.0,,"[15, 38, 468]","[468, 38, 15]",Creative Commons Attribution,6.0,[],Japanese Minty Eye Drops
5578,425,10514.0,,Detonate,7.0,Album,,Stickfigure,320000.0,,303.0,,"[15, 38, 468]","[468, 38, 15]",Creative Commons Attribution,5.0,[],Spaghetti Western
5579,426,10514.0,,Detonate,7.0,Album,,Stickfigure,320000.0,,85.0,,"[15, 38, 468]","[468, 38, 15]",Creative Commons Attribution,4.0,[],This One's For The Shortys
5580,427,10514.0,,Detonate,7.0,Album,,Stickfigure,320000.0,,345.0,,"[15, 38, 468]","[468, 38, 15]",Creative Commons Attribution,3.0,[],Ready For War
5581,428,10514.0,,Detonate,7.0,Album,,Stickfigure,320000.0,,325.0,,"[15, 38, 468]","[468, 38, 15]",Creative Commons Attribution,2.0,[],I Think We're Dead
5582,429,10514.0,,Detonate,7.0,Album,,Stickfigure,320000.0,,47.0,,"[15, 38, 468]","[468, 38, 15]",Creative Commons Attribution,1.0,[],Crack in Time
5588,430,10490.0,,Bonus Beat Blast 2011,74.0,Album,,Yuichiro Fujimoto,195540.0,,119.0,,"[15, 811]","[811, 21, 15]",Creative Commons Attribution,73.0,[],The Boys
5589,431,10490.0,,Bonus Beat Blast 2011,74.0,Album,,Wake,221114.0,,122.0,,"[15, 811]","[811, 21, 15]",Creative Commons Attribution,72.0,[],Steppin
5590,432,10490.0,,Bonus Beat Blast 2011,74.0,Album,,Wake,200492.0,,125.0,,"[15, 811]","[811, 21, 15]",Creative Commons Attribution,71.0,[],Nick Beat
5591,433,10490.0,,Bonus Beat Blast 2011,74.0,Album,,Wake,192968.0,,120.0,,"[15, 811]","[811, 21, 15]",Creative Commons Attribution,70.0,[],My Headache
5592,434,10490.0,,Bonus Beat Blast 2011,74.0,Album,,1000 Names,212369.0,,120.0,,"[15, 811]","[811, 21, 15]",Creative Commons Attribution,2.0,[],Rio
5593,435,10490.0,,Bonus Beat Blast 2011,74.0,Album,,1000 Names,192856.0,,120.0,,"[15, 811]","[811, 21, 15]",Creative Commons Attribution,1.0,[],Beat of Today
5594,436,10490.0,,Bonus Beat Blast 2011,74.0,Album,,Wake,188382.0,,120.0,,"[15, 811]","[811, 21, 15]",Creative Commons Attribution,69.0,[],Honeys Pie
5595,437,10490.0,,Bonus Beat Blast 2011,74.0,Album,,Wake,211169.0,,115.0,,"[15, 811]","[811, 21, 15]",Creative Commons Attribution,68.0,[],Glytch Funk
5596,438,10490.0,,Bonus Beat Blast 2011,74.0,Album,,Wake,206885.0,,128.0,,"[15, 811]","[811, 21, 15]",Creative Commons Attribution,67.0,[],Duckbag
5597,439,10490.0,,Bonus Beat Blast 2011,74.0,Album,,Secret Circuit,112729.0,,130.0,,"[15, 811]","[811, 21, 15]",Creative Commons Attribution,66.0,[],Space Rhythm 2
5598,440,10490.0,,Bonus Beat Blast 2011,74.0,Album,,Secret Circuit,104400.0,,120.0,,"[15, 811]","[811, 21, 15]",Creative Commons Attribution,65.0,[],Space Rhythm 1
5599,441,10490.0,,Bonus Beat Blast 2011,74.0,Album,,Sahy Uhns,214447.0,,156.0,,"[15, 811]","[811, 21, 15]",Creative Commons Attribution,64.0,[],Uh Hmmm...
5600,442,10490.0,,Bonus Beat Blast 2011,74.0,Album,,Sahy Uhns,200519.0,,50.0,,"[15, 811]","[811, 21, 15]",Creative Commons Attribution,63.0,[],Lazy Sumday
5601,443,10490.0,,Bonus Beat Blast 2011,74.0,Album,,S&ndC&stl&,237529.0,,27.0,,"[15, 811]","[811, 21, 15]",Creative Commons Attribution,62.0,[],Semisoftshoo
5602,444,10490.0,,Bonus Beat Blast 2011,74.0,Album,,S&ndC&stl&,276598.0,,19.0,,"[15, 811]","[811, 21, 15]",Creative Commons Attribution,61.0,[],Semisoftshoo 2
5603,445,10490.0,,Bonus Beat Blast 2011,74.0,Album,,S&ndC&stl&,227152.0,,52.0,,"[15, 811]","[811, 21, 15]",Creative Commons Attribution,60.0,[],Orange Utan
5604,446,10490.0,,Bonus Beat Blast 2011,74.0,Album,,S&ndC&stl&,225416.0,,62.0,,"[15, 811]","[811, 21, 15]",Creative Commons Attribution,59.0,[],It Points to That
5605,447,10490.0,,Bonus Beat Blast 2011,74.0,Album,,S&ndC&stl&,150518.0,,80.0,,"[15, 811]","[811, 21, 15]",Creative Commons Attribution,58.0,[],Icepeem
5606,448,10490.0,,Bonus Beat Blast 2011,74.0,Album,,S&ndC&stl&,209876.0,,55.0,,"[15, 811]","[811, 21, 15]",Creative Commons Attribution,57.0,[],Colloidal Caravan
5607,449,10490.0,,Bonus Beat Blast 2011,74.0,Album,,S&ndC&stl&,141875.0,,45.0,,"[15, 811]","[811, 21, 15]",Creative Commons Attribution,56.0,[],Clocking
5608,450,10490.0,,Bonus Beat Blast 2011,74.0,Album,,S&ndC&stl&,207931.0,,26.0,,"[15, 811]","[811, 21, 15]",Creative Commons Attribution,55.0,[],chokchok
5609,451,10490.0,,Bonus Beat Blast 2011,74.0,Album,,Raleigh Moncrief,205607.0,,105.0,,"[15, 811]","[811, 21, 15]",Creative Commons Attribution,54.0,[],Nocturne No. 3
5610,452,10490.0,,Bonus Beat Blast 2011,74.0,Album,,Psychic Powers,175779.0,,157.0,,"[15, 811]","[811, 21, 15]",Creative Commons Attribution,53.0,[],Slow Driver
5611,453,10490.0,,Bonus Beat Blast 2011,74.0,Album,,Onkyovizion,210693.0,,120.0,,"[15, 811]","[811, 21, 15]",Creative Commons Attribution,52.0,[],Matsuri Beat
5612,454,10490.0,,Bonus Beat Blast 2011,74.0,Album,,MNSL,186544.0,,87.0,,"[15, 811]","[811, 21, 15]",Creative Commons Attribution,51.0,[],Paw Paw Foot Foot (93 bpm)
5613,455,10490.0,,Bonus Beat Blast 2011,74.0,Album,,MNSL,196731.0,,87.0,,"[15, 811]","[811, 21, 15]",Creative Commons Attribution,50.0,[],Oh Jitterbugging (131 bpm)
5614,456,10490.0,,Bonus Beat Blast 2011,74.0,Album,,MNSL,183080.0,,79.0,,"[15, 811]","[811, 21, 15]",Creative Commons Attribution,49.0,[],Chunk (85 bpm)
5615,457,10490.0,,Bonus Beat Blast 2011,74.0,Album,,Lawrence Grey,207183.0,,122.0,,"[15, 811]","[811, 21, 15]",Creative Commons Attribution,48.0,[],The St. Marks Shake
5616,458,10490.0,,Bonus Beat Blast 2011,74.0,Album,,Lawrence Grey,164498.0,,68.0,,"[15, 811]","[811, 21, 15]",Creative Commons Attribution,47.0,[],Laundromatted
5617,459,10490.0,,Bonus Beat Blast 2011,74.0,Album,,Languis,207657.0,,60.0,,"[15, 811]","[811, 21, 15]",Creative Commons Attribution,46.0,[],Enterprise 1
5618,460,10490.0,,Bonus Beat Blast 2011,74.0,Album,,Kidkanevil & DZA,248122.0,,89.0,,"[15, 811]","[811, 21, 15]",Creative Commons Attribution,45.0,[],Nuff Stickers
5619,461,10490.0,,Bonus Beat Blast 2011,74.0,Album,,Julian Sartorius,228407.0,,46.0,,"[15, 811]","[811, 21, 15]",Creative Commons Attribution,44.0,[],25.juni
5620,462,10490.0,,Bonus Beat Blast 2011,74.0,Album,,Julian Sartorius,199579.0,,66.0,,"[15, 811]","[811, 21, 15]",Creative Commons Attribution,43.0,[],13.april
5621,463,10490.0,,Bonus Beat Blast 2011,74.0,Album,,Julian Sartorius,216363.0,,41.0,,"[15, 811]","[811, 21, 15]",Creative Commons Attribution,42.0,[],1.april
5622,464,10490.0,,Bonus Beat Blast 2011,74.0,Album,,James Pants,224000.0,,177.0,,"[15, 811]","[811, 21, 15]",Creative Commons Attribution,41.0,[],"Tonight, By The Moonlight"
5623,465,10490.0,,Bonus Beat Blast 2011,74.0,Album,,James Pants,320000.0,,69.0,,"[15, 811]","[811, 21, 15]",Creative Commons Attribution,40.0,[],Sweet Lord
5624,466,10490.0,,Bonus Beat Blast 2011,74.0,Album,,James Pants,192000.0,,73.0,,"[15, 811]","[811, 21, 15]",Creative Commons Attribution,39.0,[],Menehune Dance
5625,467,10490.0,,Bonus Beat Blast 2011,74.0,Album,,James Pants,224000.0,,85.0,,"[15, 811]","[811, 21, 15]",Creative Commons Attribution,38.0,[],Mangoes
5626,468,10490.0,,Bonus Beat Blast 2011,74.0,Album,,James Pants,160000.0,,152.0,,"[15, 811]","[811, 21, 15]",Creative Commons Attribution,37.0,[],Heavenly (START)
5627,469,10490.0,,Bonus Beat Blast 2011,74.0,Album,,James Pants,160000.0,,92.0,,"[15, 811]","[811, 21, 15]",Creative Commons Attribution,36.0,[],Freak Out!
5628,470,10490.0,,Bonus Beat Blast 2011,74.0,Album,,James Pants,224000.0,,155.0,,"[15, 811]","[811, 21, 15]",Creative Commons Attribution,35.0,[],Coconut Robot2
5629,471,10490.0,,Bonus Beat Blast 2011,74.0,Album,,James Pants,320000.0,,109.0,,"[15, 811]","[811, 21, 15]",Creative Commons Attribution,33.0,[],Bird
5630,472,10490.0,,Bonus Beat Blast 2011,74.0,Album,,Jalen Warshawsky,124338.0,,66.0,,"[15, 811]","[811, 21, 15]",Creative Commons Attribution,32.0,[],Sam's House
5631,473,10490.0,,Bonus Beat Blast 2011,74.0,Album,,Jalen Warshawsky,163508.0,,92.0,,"[15, 811]","[811, 21, 15]",Creative Commons Attribution,31.0,[],Dollar Theatre
5632,474,10490.0,,Bonus Beat Blast 2011,74.0,Album,,Jalen Warshawsky,169680.0,,65.0,,"[15, 811]","[811, 21, 15]",Creative Commons Attribution,30.0,[],Ann Arbor
5633,475,10490.0,,Bonus Beat Blast 2011,74.0,Album,,Grimm Reality,210636.0,,104.0,,"[15, 811]","[811, 21, 15]",Creative Commons Attribution,29.0,[],Love Vertebrates
5634,476,10490.0,,Bonus Beat Blast 2011,74.0,Album,,Golden Hits,160801.0,,68.0,,"[15, 811]","[811, 21, 15]",Creative Commons Attribution,28.0,[],Squeegee
5635,477,10490.0,,Bonus Beat Blast 2011,74.0,Album,,Golden Hits,208434.0,,104.0,,"[15, 811]","[811, 21, 15]",Creative Commons Attribution,27.0,[],Morning Motion
5636,478,10490.0,,Bonus Beat Blast 2011,74.0,Album,,Golden Hits,209632.0,,120.0,,"[15, 811]","[811, 21, 15]",Creative Commons Attribution,26.0,[],Jangle Rhinocart
5637,479,10490.0,,Bonus Beat Blast 2011,74.0,Album,,Golden Hits,167670.0,,119.0,,"[15, 811]","[811, 21, 15]",Creative Commons Attribution,25.0,[],Fuzz Dip
5638,480,10490.0,,Bonus Beat Blast 2011,74.0,Album,,Golden Hits,201652.0,,115.0,,"[15, 811]","[811, 21, 15]",Creative Commons Attribution,24.0,[],Barn Beat Beat
5639,481,10490.0,,Bonus Beat Blast 2011,74.0,Album,,GB,320000.0,,161.0,,"[15, 811]","[811, 21, 15]",Creative Commons Attribution,23.0,[],Production Tools for dublab
5640,482,10490.0,,Bonus Beat Blast 2011,74.0,Album,,Gangi,182361.0,,90.0,,"[15, 811]","[811, 21, 15]",Creative Commons Attribution,22.0,[],Proton Beat
5641,483,10490.0,,Bonus Beat Blast 2011,74.0,Album,,Galapagoose,199652.0,,54.0,,"[15, 811]","[811, 21, 15]",Creative Commons Attribution,21.0,[],Victoria's Other Secret
5642,484,10490.0,,Bonus Beat Blast 2011,74.0,Album,,Galapagoose,206161.0,,53.0,,"[15, 811]","[811, 21, 15]",Creative Commons Attribution,20.0,[],Get Motivated
5643,485,10490.0,,Bonus Beat Blast 2011,74.0,Album,,Eric Steuer,201632.0,,38.0,,"[15, 811]","[811, 21, 15]",Creative Commons Attribution,19.0,[],Bust That Rap Like Nobody's Listenin' (Dare 2 B Great remix)
5644,486,10490.0,,Bonus Beat Blast 2011,74.0,Album,,DJ Lengua,198991.0,,120.0,,"[15, 811]","[811, 21, 15]",Creative Commons Attribution,18.0,[],Waterbeat
5645,487,10490.0,,Bonus Beat Blast 2011,74.0,Album,,Daedelus,201192.0,,8.0,,"[15, 811]","[811, 21, 15]",Creative Commons Attribution,17.0,[],Racecar Drums
5646,488,10490.0,,Bonus Beat Blast 2011,74.0,Album,,Daedelus,142051.0,,8.0,,"[15, 811]","[811, 21, 15]",Creative Commons Attribution,16.0,[],Parisian Drums 4
5647,489,10490.0,,Bonus Beat Blast 2011,74.0,Album,,Daedelus,205599.0,,16.0,,"[15, 811]","[811, 21, 15]",Creative Commons Attribution,15.0,[],Make It Drums
5648,490,10490.0,,Bonus Beat Blast 2011,74.0,Album,,comounjardin,128000.0,,181.0,,"[15, 811]","[811, 21, 15]",Creative Commons Attribution,14.0,[],Monte
5649,491,10490.0,,Bonus Beat Blast 2011,74.0,Album,,Co.fee,231417.0,,112.0,,"[15, 811]","[811, 21, 15]",Creative Commons Attribution,13.0,[],Calabash
5650,492,10490.0,,Bonus Beat Blast 2011,74.0,Album,,Busdriver,192000.0,,112.0,,"[15, 811]","[811, 21, 15]",Creative Commons Attribution,12.0,[],Drone Bump
5651,493,10490.0,,Bonus Beat Blast 2011,74.0,Album,,Benedek,212809.0,,107.0,,"[15, 811]","[811, 21, 15]",Creative Commons Attribution,11.0,[],Dial My Number
5652,494,10490.0,,Bonus Beat Blast 2011,74.0,Album,,Benedek,202429.0,,82.0,,"[15, 811]","[811, 21, 15]",Creative Commons Attribution,10.0,[],CRUZIN
5653,495,10490.0,,Bonus Beat Blast 2011,74.0,Album,,Asura,213886.0,,80.0,,"[15, 811]","[811, 21, 15]",Creative Commons Attribution,9.0,[],Whispering Through
5654,496,10490.0,,Bonus Beat Blast 2011,74.0,Album,,Asura,202831.0,,102.0,,"[15, 811]","[811, 21, 15]",Creative Commons Attribution,8.0,[],So Succulent
5655,497,10490.0,,Bonus Beat Blast 2011,74.0,Album,,Asura,205567.0,,70.0,,"[15, 811]","[811, 21, 15]",Creative Commons Attribution,7.0,[],Scattered Wave
5656,498,10490.0,,Bonus Beat Blast 2011,74.0,Album,,Anenon,175338.0,,118.0,,"[15, 811]","[811, 21, 15]",Creative Commons Attribution,6.0,[],Kosmiche Slop
5657,499,10490.0,,Bonus Beat Blast 2011,74.0,Album,,Anenon,211915.0,,119.0,,"[15, 811]","[811, 21, 15]",Creative Commons Attribution,5.0,[],Embers and Ashes
5658,500,10490.0,,Bonus Beat Blast 2011,74.0,Album,,Andrew Pekler,208423.0,,122.0,,"[15, 811]","[811, 21, 15]",Creative Commons Attribution,4.0,[],Exotic2
5659,501,10490.0,,Bonus Beat Blast 2011,74.0,Album,,Andrew Pekler,187338.0,,122.0,,"[15, 811]","[811, 21, 15]",Creative Commons Attribution,3.0,[],Exotic1
5956,502,11161.0,,"Instrumental Quaalude, vol. 1",8.0,Album,Riot Bear Recording Co.,Ben von Wildenhaus,256000.0,,312.0,Folk,[17],[17],Creative Commons Attribution,1.0,"['orientalist', 'experimental', 'instrumental']",Week One
5957,503,11161.0,,"Instrumental Quaalude, vol. 1",8.0,Album,Riot Bear Recording Co.,Ben von Wildenhaus,256000.0,,138.0,Folk,[17],[17],Creative Commons Attribution,2.0,"['orientalist', 'experimental', 'instrumental']",Week Two
5958,504,11161.0,,"Instrumental Quaalude, vol. 1",8.0,Album,Riot Bear Recording Co.,Ben von Wildenhaus,256000.0,,225.0,Folk,[17],[17],Creative Commons Attribution,3.0,"['orientalist', 'experimental', 'instrumental']",Week Four
5959,505,11161.0,,"Instrumental Quaalude, vol. 1",8.0,Album,Riot Bear Recording Co.,Ben von Wildenhaus,256000.0,,190.0,Folk,[17],[17],Creative Commons Attribution,5.0,"['orientalist', 'experimental', 'instrumental']",Week Six
5960,506,11161.0,,"Instrumental Quaalude, vol. 1",8.0,Album,Riot Bear Recording Co.,Ben von Wildenhaus,256000.0,,257.0,Folk,[17],[17],Creative Commons Attribution,6.0,"['orientalist', 'experimental', 'instrumental']",Week Seven
5961,507,11161.0,,"Instrumental Quaalude, vol. 1",8.0,Album,Riot Bear Recording Co.,Ben von Wildenhaus,256000.0,,231.0,Folk,[17],[17],Creative Commons Attribution,7.0,"['orientalist', 'experimental', 'instrumental']",Week Eight
5962,508,11161.0,,"Instrumental Quaalude, vol. 1",8.0,Album,Riot Bear Recording Co.,Ben von Wildenhaus,256000.0,,266.0,Folk,[17],[17],Creative Commons Attribution,8.0,"['orientalist', 'experimental', 'instrumental']",Week Nine
5990,509,11166.0,,"Instrumental Quaalude, vol. 2",10.0,Album,Riot Bear Recording Co.,Ben von Wildenhaus,256000.0,,176.0,,"[17, 38]","[17, 38]",Creative Commons Attribution,1.0,[],Week Ten
5991,510,11166.0,,"Instrumental Quaalude, vol. 2",10.0,Album,Riot Bear Recording Co.,Ben von Wildenhaus,256000.0,,246.0,,"[17, 38]","[17, 38]",Creative Commons Attribution,2.0,[],Week Eleven
5992,511,11166.0,,"Instrumental Quaalude, vol. 2",10.0,Album,Riot Bear Recording Co.,Ben von Wildenhaus,256000.0,,266.0,,"[17, 38]","[17, 38]",Creative Commons Attribution,4.0,[],Week Thirteen
5993,512,11166.0,,"Instrumental Quaalude, vol. 2",10.0,Album,Riot Bear Recording Co.,Ben von Wildenhaus,256000.0,,208.0,,"[17, 38]","[17, 38]",Creative Commons Attribution,5.0,[],Week Fourteen
5994,513,11166.0,,"Instrumental Quaalude, vol. 2",10.0,Album,Riot Bear Recording Co.,Ben von Wildenhaus,256000.0,,176.0,,"[17, 38]","[17, 38]",Creative Commons Attribution,7.0,[],Week Seventeen
5995,514,11166.0,,"Instrumental Quaalude, vol. 2",10.0,Album,Riot Bear Recording Co.,Ben von Wildenhaus,256000.0,,298.0,,"[17, 38]","[17, 38]",Creative Commons Attribution,8.0,[],Week Eighteen
5996,515,11166.0,,"Instrumental Quaalude, vol. 2",10.0,Album,Riot Bear Recording Co.,Ben von Wildenhaus,256000.0,,99.0,,"[17, 38]","[17, 38]",Creative Commons Attribution,3.0,[],Week Twelve
5997,516,11167.0,,"Instrumental Quaalude, vol. 3",7.0,Album,Riot Bear Recording Co.,Ben von Wildenhaus,256000.0,,311.0,,"[17, 38]","[17, 38]",Creative Commons Attribution,1.0,[],Week Nineteen
5998,517,11167.0,,"Instrumental Quaalude, vol. 3",7.0,Album,Riot Bear Recording Co.,Ben von Wildenhaus,256000.0,,280.0,,"[17, 38]","[17, 38]",Creative Commons Attribution,2.0,[],Week Twenty One
5999,518,11167.0,,"Instrumental Quaalude, vol. 3",7.0,Album,Riot Bear Recording Co.,Ben von Wildenhaus,256000.0,,154.0,,"[17, 38]","[17, 38]",Creative Commons Attribution,3.0,[],Week Twenty Three
6000,519,11167.0,,"Instrumental Quaalude, vol. 3",7.0,Album,Riot Bear Recording Co.,Ben von Wildenhaus,256000.0,,324.0,,"[17, 38]","[17, 38]",Creative Commons Attribution,4.0,[],Week Twenty-five
6001,520,11167.0,,"Instrumental Quaalude, vol. 3",7.0,Album,Riot Bear Recording Co.,Ben von Wildenhaus,256000.0,,310.0,,"[17, 38]","[17, 38]",Creative Commons Attribution,5.0,[],Week Twenty-six
6002,521,11167.0,,"Instrumental Quaalude, vol. 3",7.0,Album,Riot Bear Recording Co.,Ben von Wildenhaus,256000.0,,283.0,,"[17, 38]","[17, 38]",Creative Commons Attribution,7.0,[],Week Twenty-eight
6003,522,11169.0,,"Instrumental Quaalude, vol. 4",9.0,Album,Riot Bear Recording Co.,Ben von Wildenhaus,256000.0,,202.0,,"[17, 38]","[17, 38]",Creative Commons Attribution,1.0,[],Week Twenty-nine
6004,523,11169.0,,"Instrumental Quaalude, vol. 4",9.0,Album,Riot Bear Recording Co.,Ben von Wildenhaus,256000.0,,160.0,,"[17, 38]","[17, 38]",Creative Commons Attribution,2.0,[],Week Thirty
6005,524,11169.0,,"Instrumental Quaalude, vol. 4",9.0,Album,Riot Bear Recording Co.,Ben von Wildenhaus,256000.0,,254.0,,"[17, 38]","[17, 38]",Creative Commons Attribution,3.0,[],Week Thirty-one
6006,525,11169.0,,"Instrumental Quaalude, vol. 4",9.0,Album,Riot Bear Recording Co.,Ben von Wildenhaus,256000.0,,286.0,,"[17, 38]","[17, 38]",Creative Commons Attribution,4.0,[],Week Thirty-two
6007,526,11169.0,,"Instrumental Quaalude, vol. 4",9.0,Album,Riot Bear Recording Co.,Ben von Wildenhaus,256000.0,,153.0,,"[17, 38]","[17, 38]",Creative Commons Attribution,5.0,[],Week Thirty-three
6008,527,11169.0,,"Instrumental Quaalude, vol. 4",9.0,Album,Riot Bear Recording Co.,Ben von Wildenhaus,256000.0,,164.0,,"[17, 38]","[17, 38]",Creative Commons Attribution,6.0,[],Week Thirty-four
6009,528,11169.0,,"Instrumental Quaalude, vol. 4",9.0,Album,Riot Bear Recording Co.,Ben von Wildenhaus,256000.0,,222.0,,"[17, 38]","[17, 38]",Creative Commons Attribution,7.0,[],Week Thirty-five
6010,529,11169.0,,"Instrumental Quaalude, vol. 4",9.0,Album,Riot Bear Recording Co.,Ben von Wildenhaus,256000.0,,134.0,,"[17, 38]","[17, 38]",Creative Commons Attribution,8.0,[],Week Thirty-six
6011,530,11169.0,,"Instrumental Quaalude, vol. 4",9.0,Album,Riot Bear Recording Co.,Ben von Wildenhaus,256000.0,,127.0,,"[17, 38]","[17, 38]",Creative Commons Attribution,9.0,[],Week Thirty-nine
6064,531,11184.0,,Modernamente Demodé,13.0,Album,,Roberto Billi,192000.0,,245.0,,"[2, 12]","[2, 12]",Creative Commons Attribution,1.0,[],Sfioro
6072,532,11189.0,,3 Song EP,3.0,Album,,Room For A Ghost,192000.0,,197.0,Rock,"[66, 98]","[66, 12, 98]",Creative Commons Attribution,2.0,[],Burn
6073,533,11189.0,,3 Song EP,3.0,Album,,Room For A Ghost,192000.0,,275.0,Rock,"[66, 98]","[66, 12, 98]",Creative Commons Attribution,1.0,[],No.02
6074,534,11189.0,,3 Song EP,3.0,Album,,Room For A Ghost,192000.0,,397.0,Rock,"[66, 98]","[66, 12, 98]",Creative Commons Attribution,3.0,[],Redlight
6075,535,11184.0,,Modernamente Demodé,13.0,Album,,Roberto Billi,192000.0,,241.0,,"[2, 12]","[2, 12]",Creative Commons Attribution,4.0,[],La notte dei suonatori
6076,536,11184.0,,Modernamente Demodé,13.0,Album,,Roberto Billi,192000.0,,240.0,,"[2, 12]","[2, 12]",Creative Commons Attribution,5.0,[],Giorno d'autunno
6077,537,11184.0,,Modernamente Demodé,13.0,Album,,Roberto Billi,192000.0,,220.0,,"[2, 12]","[2, 12]",Creative Commons Attribution,6.0,[],Vita in controtempo
6078,538,11184.0,,Modernamente Demodé,13.0,Album,,Roberto Billi,192000.0,,220.0,,"[2, 12]","[2, 12]",Creative Commons Attribution,7.0,[],Danza delle stagioni
6079,539,11184.0,,Modernamente Demodé,13.0,Album,,Roberto Billi,192000.0,,217.0,,"[2, 12]","[2, 12]",Creative Commons Attribution,8.0,[],Scaccia la strega
6080,540,11184.0,,Modernamente Demodé,13.0,Album,,Roberto Billi,192000.0,,217.0,,"[2, 12]","[2, 12]",Creative Commons Attribution,9.0,[],Tra terra e cielo
6081,541,11184.0,,Modernamente Demodé,13.0,Album,,Roberto Billi,192000.0,,233.0,,"[2, 12]","[2, 12]",Creative Commons Attribution,10.0,[],L'indovino
6082,542,11184.0,,Modernamente Demodé,13.0,Album,,Roberto Billi,192000.0,,247.0,,"[2, 12]","[2, 12]",Creative Commons Attribution,11.0,[],Un altro inverno
6083,543,11184.0,,Modernamente Demodé,13.0,Album,,Roberto Billi,192000.0,,220.0,,"[2, 12]","[2, 12]",Creative Commons Attribution,12.0,[],Lo smemorato
6084,544,11184.0,,Modernamente Demodé,13.0,Album,,Roberto Billi,192000.0,,133.0,,"[2, 12]","[2, 12]",Creative Commons Attribution,13.0,[],Il punto inconsapevole
6085,545,11184.0,,Modernamente Demodé,13.0,Album,,Roberto Billi,192000.0,,214.0,,"[2, 12]","[2, 12]",Creative Commons Attribution,2.0,[],Modernamente demodé
6086,546,11184.0,,Modernamente Demodé,13.0,Album,,Roberto Billi,192000.0,,206.0,,"[2, 12]","[2, 12]",Creative Commons Attribution,3.0,[],Lungo il sentiero
6089,547,11218.0,,netBloc Vol. 37: FIVE,20.0,Album,,Musetta,320000.0,,249.0,,"[10, 15]","[10, 15]",Creative Commons Attribution,4.0,[],Ophelia's Song
6091,548,11218.0,,netBloc Vol. 37: FIVE,20.0,Album,,Broke For Free,320000.0,,234.0,,"[10, 15]","[10, 15]",Creative Commons Attribution,7.0,[],Something Elated
6212,549,11440.0,,MDF,9.0,Album,,MeatballMachine,320000.0,,128.0,,"[32, 183, 337]","[32, 38, 15, 337, 183]",Creative Commons Attribution,1.0,[],MDF 1
6213,550,11440.0,,MDF,9.0,Album,,MeatballMachine,320000.0,,206.0,,"[32, 183, 337]","[32, 38, 15, 337, 183]",Creative Commons Attribution,2.0,[],MDF 2
6214,551,11440.0,,MDF,9.0,Album,,MeatballMachine,320000.0,,60.0,,"[32, 183, 337]","[32, 38, 15, 337, 183]",Creative Commons Attribution,3.0,[],MDF 3
6215,552,11440.0,,MDF,9.0,Album,,MeatballMachine,320000.0,,138.0,,"[32, 183, 337]","[32, 38, 15, 337, 183]",Creative Commons Attribution,4.0,[],MDF 4
6216,553,11440.0,,MDF,9.0,Album,,MeatballMachine,320000.0,,120.0,,"[32, 183, 337]","[32, 38, 15, 337, 183]",Creative Commons Attribution,5.0,[],MDF 5
6217,554,11440.0,,MDF,9.0,Album,,MeatballMachine,320000.0,,101.0,,"[32, 183, 337]","[32, 38, 15, 337, 183]",Creative Commons Attribution,6.0,[],MDF 6
6218,555,11440.0,,MDF,9.0,Album,,MeatballMachine,320000.0,,230.0,,"[32, 183, 337]","[32, 38, 15, 337, 183]",Creative Commons Attribution,7.0,[],MDF 7
6219,556,11440.0,,MDF,9.0,Album,,MeatballMachine,320000.0,,147.0,,"[32, 183, 337]","[32, 38, 15, 337, 183]",Creative Commons Attribution,8.0,[],MDF 8
6220,557,11440.0,,MDF,9.0,Album,,MeatballMachine,320000.0,,245.0,,"[32, 183, 337]","[32, 38, 15, 337, 183]",Creative Commons Attribution,9.0,[],MDF 9
6224,558,11498.0,,les défauts de fabrication,4.0,Album,,Monroeville Music Center,320000.0,,120.0,,"[15, 247]","[247, 38, 15]",Creative Commons Attribution,4.0,[],Last Rites for Maria Capovilla
6225,559,11498.0,,les défauts de fabrication,4.0,Album,,Monroeville Music Center,320000.0,,143.0,,"[15, 247]","[247, 38, 15]",Creative Commons Attribution,3.0,[],Robert Wadlow's Blister
6226,560,11498.0,,les défauts de fabrication,4.0,Album,,Monroeville Music Center,320000.0,,170.0,,"[15, 247]","[247, 38, 15]",Creative Commons Attribution,2.0,[],Another Cigarette for Gul Mohammed
6227,561,11498.0,,les défauts de fabrication,4.0,Album,,Monroeville Music Center,320000.0,,141.0,,"[15, 247]","[247, 38, 15]",Creative Commons Attribution,1.0,[],Lee Redmond's Slow Motion Fender Bender
6292,562,11590.0,,Can't Unfeel the Rhythm EP (Commerciale '94 Megamix),4.0,Album,,Pierlo,293849.0,,283.0,Electronic,"[15, 182, 296]","[296, 182, 15]",Creative Commons Attribution,1.0,"['dance', 'electronica', 'funky', 'house', 'pierlo', 'disco', 'idm', 'upitup', 'upfree']",Promo Mix Vocal Edit (Luv Dub Mix)
6293,563,11590.0,,Can't Unfeel the Rhythm EP (Commerciale '94 Megamix),4.0,Album,,Pierlo,292119.0,,172.0,Electronic,"[15, 182, 296]","[296, 182, 15]",Creative Commons Attribution,2.0,"['dance', 'electronica', 'funky', 'house', 'pierlo', 'disco', 'idm', 'upitup', 'upfree']",Passion Unlimited (Beat to the Feeling 94 Version)
6294,564,11590.0,,Can't Unfeel the Rhythm EP (Commerciale '94 Megamix),4.0,Album,,Pierlo,280817.0,,150.0,Electronic,"[15, 182, 296]","[296, 182, 15]",Creative Commons Attribution,3.0,"['dance', 'electronica', 'funky', 'house', 'pierlo', 'disco', 'idm', 'upitup', 'upfree']",You Can't Unfeel The Rhythm (DJ JC Radio Edit)
6295,565,11590.0,,Can't Unfeel the Rhythm EP (Commerciale '94 Megamix),4.0,Album,,Pierlo,292503.0,,176.0,Electronic,"[15, 182, 296]","[296, 182, 15]",Creative Commons Attribution,4.0,"['dance', 'electronica', 'funky', 'house', 'pierlo', 'disco', 'idm', 'upitup', 'upfree']",Everybody Dance (All Night Luv Garage Edit) feat. Alexia Dee's
6333,566,11651.0,,"Heavy, Crazy, Serious",9.0,Album,,Blank & Kytt,320000.0,,116.0,Hip-Hop,[811],"[811, 21]",Creative Commons Attribution,1.0,[],Thursday & Snow (Reprise)
6334,567,11651.0,,"Heavy, Crazy, Serious",9.0,Album,,Blank & Kytt,320000.0,,115.0,Hip-Hop,[811],"[811, 21]",Creative Commons Attribution,2.0,[],Jangle
6335,568,11651.0,,"Heavy, Crazy, Serious",9.0,Album,,Blank & Kytt,320000.0,,72.0,Hip-Hop,[811],"[811, 21]",Creative Commons Attribution,3.0,[],Cassette Thing
6336,569,11651.0,,"Heavy, Crazy, Serious",9.0,Album,,Blank & Kytt,320000.0,,66.0,Hip-Hop,[811],"[811, 21]",Creative Commons Attribution,4.0,[],Come Get Some
6337,570,11651.0,,"Heavy, Crazy, Serious",9.0,Album,,Blank & Kytt,320000.0,,65.0,Hip-Hop,[811],"[811, 21]",Creative Commons Attribution,5.0,[],Rock
6338,571,11651.0,,"Heavy, Crazy, Serious",9.0,Album,,Blank & Kytt,320000.0,,92.0,Hip-Hop,[811],"[811, 21]",Creative Commons Attribution,6.0,[],Deniro
6339,572,11651.0,,"Heavy, Crazy, Serious",9.0,Album,,Blank & Kytt,320000.0,,62.0,Hip-Hop,[811],"[811, 21]",Creative Commons Attribution,7.0,[],Flava
6340,573,11651.0,,"Heavy, Crazy, Serious",9.0,Album,,Blank & Kytt,320000.0,,51.0,Hip-Hop,[811],"[811, 21]",Creative Commons Attribution,8.0,[],RSPN
6341,574,11651.0,,"Heavy, Crazy, Serious",9.0,Album,,Blank & Kytt,320000.0,,52.0,Hip-Hop,[811],"[811, 21]",Creative Commons Attribution,9.0,[],Sgt Frog
6342,575,11689.0,,Rosecroft Mews,1.0,Album,,Basic Printer,320000.0,,264.0,,"[15, 27, 38]","[27, 12, 38, 15]",Creative Commons Attribution,1.0,[],Rosecroft Mews
6353,576,11702.0,,Generic Product,9.0,,,Monroeville Music Center,320000.0,,73.0,,"[15, 19, 311]","[13, 14, 15, 19, 311]",Creative Commons Attribution,1.0,[],A001
6354,577,11702.0,,Generic Product,9.0,,,Monroeville Music Center,320000.0,,88.0,,"[15, 19, 311]","[13, 14, 15, 19, 311]",Creative Commons Attribution,2.0,[],A002
6355,578,11702.0,,Generic Product,9.0,,,Monroeville Music Center,320000.0,,111.0,,"[15, 19, 311]","[13, 14, 15, 19, 311]",Creative Commons Attribution,3.0,[],A003
6356,579,11702.0,,Generic Product,9.0,,,Monroeville Music Center,320000.0,,165.0,,"[15, 19, 311]","[13, 14, 15, 19, 311]",Creative Commons Attribution,4.0,[],A004
6357,580,11702.0,,Generic Product,9.0,,,Monroeville Music Center,320000.0,,104.0,,"[15, 19, 311]","[13, 14, 15, 19, 311]",Creative Commons Attribution,5.0,[],B001
6358,581,11702.0,,Generic Product,9.0,,,Monroeville Music Center,320000.0,,114.0,,"[15, 19, 311]","[13, 14, 15, 19, 311]",Creative Commons Attribution,6.0,[],B002
6359,582,11702.0,,Generic Product,9.0,,,Monroeville Music Center,320000.0,,109.0,,"[15, 19, 311]","[13, 14, 15, 19, 311]",Creative Commons Attribution,7.0,[],B003
6360,583,11702.0,,Generic Product,9.0,,,Monroeville Music Center,320000.0,,101.0,,"[15, 19, 311]","[13, 14, 15, 19, 311]",Creative Commons Attribution,8.0,[],B004
6361,584,11702.0,,Generic Product,9.0,,,Monroeville Music Center,320000.0,,86.0,,"[15, 19, 311]","[13, 14, 15, 19, 311]",Creative Commons Attribution,9.0,[],B005
6362,585,11703.0,,Musique Concrète for Beginners,9.0,,,Monroeville Music Center,320000.0,,81.0,Experimental,"[38, 247]","[38, 247]",Creative Commons Attribution,1.0,[],Swedish Fish
6363,586,11703.0,,Musique Concrète for Beginners,9.0,,,Monroeville Music Center,320000.0,,126.0,Experimental,"[38, 247]","[38, 247]",Creative Commons Attribution,2.0,[],I Don't Know Why (the Gooeys)
6364,587,11703.0,,Musique Concrète for Beginners,9.0,,,Monroeville Music Center,320000.0,,142.0,Experimental,"[38, 247]","[38, 247]",Creative Commons Attribution,3.0,[],Cloud Fight 2
6365,588,11703.0,,Musique Concrète for Beginners,9.0,,,Monroeville Music Center,320000.0,,145.0,Experimental,"[38, 247]","[38, 247]",Creative Commons Attribution,4.0,[],Rainbow Bomb
6366,589,11703.0,,Musique Concrète for Beginners,9.0,,,Monroeville Music Center,320000.0,,96.0,Experimental,"[38, 247]","[38, 247]",Creative Commons Attribution,5.0,[],Trigger Select
6367,590,11703.0,,Musique Concrète for Beginners,9.0,,,Monroeville Music Center,320000.0,,71.0,Experimental,"[38, 247]","[38, 247]",Creative Commons Attribution,6.0,[],Dripping Guts in PG
6368,591,11703.0,,Musique Concrète for Beginners,9.0,,,Monroeville Music Center,320000.0,,125.0,Experimental,"[38, 247]","[38, 247]",Creative Commons Attribution,7.0,[],Subterranean Centipede Slave
6369,592,11703.0,,Musique Concrète for Beginners,9.0,,,Monroeville Music Center,320000.0,,102.0,Experimental,"[38, 247]","[38, 247]",Creative Commons Attribution,8.0,[],Herb Pilhofer's Whirlpool
6370,593,11703.0,,Musique Concrète for Beginners,9.0,,,Monroeville Music Center,320000.0,,116.0,Experimental,"[38, 247]","[38, 247]",Creative Commons Attribution,9.0,[],Hairy Fairy Hotaruna
6371,594,11704.0,,Le Progrès,4.0,,,Monroeville Music Center,320000.0,,182.0,Experimental,[38],[38],Creative Commons Attribution,1.0,[],En Route (ou Enfin! Le Défilé Capsule de Temps va au Centre de Contrôle)
6372,595,11704.0,,Le Progrès,4.0,,,Monroeville Music Center,320000.0,,131.0,Experimental,[38],[38],Creative Commons Attribution,2.0,[],Préparatifs dans la Salle de Rédaction
6373,596,11704.0,,Le Progrès,4.0,,,Monroeville Music Center,320000.0,,156.0,Experimental,[38],[38],Creative Commons Attribution,3.0,[],Il Pleut des Informations (ou Mass Media en Masse à Partir de Notre Cumulonimus Fiable)
6374,597,11704.0,,Le Progrès,4.0,,,Monroeville Music Center,320000.0,,136.0,Experimental,[38],[38],Creative Commons Attribution,4.0,[],"Á Minuit, le 31 Décembre"
6388,598,11820.0,,Gazeing [at my] shoes,1.0,Album,,¡recuerde!,320000.0,,616.0,,"[38, 359]","[12, 38, 359]",Creative Commons Attribution,6.0,[],gazing[atmy]shoes
6389,599,11823.0,Anne-Marie Sylvestre,The Open Goldberg Variations,32.0,Album,,Kimiko Ishizaka,209171.0,J.S. Bach,170.0,Classical,[5],[5],CC0 1.0 Universal,32.0,"['johann sebastian bach', 'bach', 'tracks to sync', 'classical piano', 'classical', 'instrumental']",Aria da Capo è Fine
6390,600,11823.0,Anne-Marie Sylvestre,The Open Goldberg Variations,32.0,Album,,Kimiko Ishizaka,220328.0,J.S. Bach,121.0,Classical,[5],[5],CC0 1.0 Universal,31.0,"['johann sebastian bach', 'bach', 'tracks to sync', 'classical piano', 'classical', 'instrumental']",Variatio 30 a 1 Clav. Quodlibet
6391,601,11823.0,Anne-Marie Sylvestre,The Open Goldberg Variations,32.0,Album,,Kimiko Ishizaka,219575.0,J.S. Bach,129.0,Classical,[5],[5],CC0 1.0 Universal,30.0,"['johann sebastian bach', 'bach', 'tracks to sync', 'classical piano', 'classical', 'instrumental']",Variatio 29 a 1 ovvero 2 Clav.
6392,602,11823.0,Anne-Marie Sylvestre,The Open Goldberg Variations,32.0,Album,,Kimiko Ishizaka,216093.0,J.S. Bach,146.0,Classical,[5],[5],CC0 1.0 Universal,29.0,"['johann sebastian bach', 'bach', 'tracks to sync', 'classical piano', 'classical', 'instrumental']",Variatio 28 a 2 Clav.
6393,603,11823.0,Anne-Marie Sylvestre,The Open Goldberg Variations,32.0,Album,,Kimiko Ishizaka,218517.0,J.S. Bach,111.0,Classical,[5],[5],CC0 1.0 Universal,28.0,"['johann sebastian bach', 'bach', 'tracks to sync', 'classical piano', 'classical', 'instrumental']",Variatio 27 a 2 Clav. Canone alla Nona
6394,604,11823.0,Anne-Marie Sylvestre,The Open Goldberg Variations,32.0,Album,,Kimiko Ishizaka,224857.0,J.S. Bach,122.0,Classical,[5],[5],CC0 1.0 Universal,27.0,"['johann sebastian bach', 'bach', 'tracks to sync', 'classical piano', 'classical', 'instrumental']",Variatio 26 a 2 Clav.
6395,605,11823.0,Anne-Marie Sylvestre,The Open Goldberg Variations,32.0,Album,,Kimiko Ishizaka,208253.0,J.S. Bach,558.0,Classical,[5],[5],CC0 1.0 Universal,26.0,"['johann sebastian bach', 'bach', 'tracks to sync', 'classical piano', 'classical', 'instrumental']",Variatio 25 a 2 Clav.
6396,606,11823.0,Anne-Marie Sylvestre,The Open Goldberg Variations,32.0,Album,,Kimiko Ishizaka,211958.0,J.S. Bach,165.0,Classical,[5],[5],CC0 1.0 Universal,25.0,"['johann sebastian bach', 'bach', 'tracks to sync', 'classical piano', 'classical', 'instrumental']",Variatio 24 a 1 Clav. Canone all'Ottava
6397,607,11823.0,Anne-Marie Sylvestre,The Open Goldberg Variations,32.0,Album,,Kimiko Ishizaka,223345.0,J.S. Bach,139.0,Classical,[5],[5],CC0 1.0 Universal,24.0,"['johann sebastian bach', 'bach', 'tracks to sync', 'classical piano', 'classical', 'instrumental']",Variatio 23 a 2 Clav.
6398,608,11823.0,Anne-Marie Sylvestre,The Open Goldberg Variations,32.0,Album,,Kimiko Ishizaka,215188.0,J.S. Bach,92.0,Classical,[5],[5],CC0 1.0 Universal,23.0,"['johann sebastian bach', 'bach', 'tracks to sync', 'classical piano', 'classical', 'instrumental']",Variatio 22 a 1 Clav
6399,609,11823.0,Anne-Marie Sylvestre,The Open Goldberg Variations,32.0,Album,,Kimiko Ishizaka,205625.0,J.S. Bach,234.0,Classical,[5],[5],CC0 1.0 Universal,22.0,"['johann sebastian bach', 'bach', 'tracks to sync', 'classical piano', 'classical', 'instrumental']",Variatio 21 Canone alla Settima
6400,610,11823.0,Anne-Marie Sylvestre,The Open Goldberg Variations,32.0,Album,,Kimiko Ishizaka,224936.0,J.S. Bach,125.0,Classical,[5],[5],CC0 1.0 Universal,21.0,"['johann sebastian bach', 'bach', 'tracks to sync', 'classical piano', 'classical', 'instrumental']",Variatio 20 a 2 Clav.
6401,611,11823.0,Anne-Marie Sylvestre,The Open Goldberg Variations,32.0,Album,,Kimiko Ishizaka,209505.0,J.S. Bach,85.0,Classical,[5],[5],CC0 1.0 Universal,20.0,"['johann sebastian bach', 'bach', 'tracks to sync', 'classical piano', 'classical', 'instrumental']",Variatio 19 a 1 Clav.
6402,612,11823.0,Anne-Marie Sylvestre,The Open Goldberg Variations,32.0,Album,,Kimiko Ishizaka,207150.0,J.S. Bach,109.0,Classical,[5],[5],CC0 1.0 Universal,19.0,"['johann sebastian bach', 'bach', 'tracks to sync', 'classical piano', 'classical', 'instrumental']",Variatio 18 a 1 Clav. Canone alla Sexta
6403,613,11823.0,Anne-Marie Sylvestre,The Open Goldberg Variations,32.0,Album,,Kimiko Ishizaka,228782.0,J.S. Bach,104.0,Classical,[5],[5],CC0 1.0 Universal,18.0,"['johann sebastian bach', 'bach', 'tracks to sync', 'classical piano', 'classical', 'instrumental']",Variatio 17 a 2 Clav.
6404,614,11823.0,Anne-Marie Sylvestre,The Open Goldberg Variations,32.0,Album,,Kimiko Ishizaka,222018.0,J.S. Bach,188.0,Classical,[5],[5],CC0 1.0 Universal,17.0,"['johann sebastian bach', 'bach', 'tracks to sync', 'classical piano', 'classical', 'instrumental']",Variatio 16 a 1 Clav. Ouverture
6405,615,11823.0,Anne-Marie Sylvestre,The Open Goldberg Variations,32.0,Album,,Kimiko Ishizaka,208996.0,J.S. Bach,272.0,Classical,[5],[5],CC0 1.0 Universal,16.0,"['johann sebastian bach', 'bach', 'tracks to sync', 'classical piano', 'classical', 'instrumental']",Variatio 15 a 1 Clav. Canone alla Quinta
6406,616,11823.0,Anne-Marie Sylvestre,The Open Goldberg Variations,32.0,Album,,Kimiko Ishizaka,223899.0,J.S. Bach,136.0,Classical,[5],[5],CC0 1.0 Universal,15.0,"['johann sebastian bach', 'bach', 'tracks to sync', 'classical piano', 'classical', 'instrumental']",Variatio 14 a 2 Clav.
6407,617,11823.0,Anne-Marie Sylvestre,The Open Goldberg Variations,32.0,Album,,Kimiko Ishizaka,209072.0,J.S. Bach,254.0,Classical,[5],[5],CC0 1.0 Universal,14.0,"['johann sebastian bach', 'bach', 'tracks to sync', 'classical piano', 'classical', 'instrumental']",Variatio 13 a 2 Clav.
6408,618,11823.0,Anne-Marie Sylvestre,The Open Goldberg Variations,32.0,Album,,Kimiko Ishizaka,223990.0,J.S. Bach,135.0,Classical,[5],[5],CC0 1.0 Universal,13.0,"['johann sebastian bach', 'bach', 'tracks to sync', 'classical piano', 'classical', 'instrumental']",Variatio 12 Canone alla Quarta
6409,619,11823.0,Anne-Marie Sylvestre,The Open Goldberg Variations,32.0,Album,,Kimiko Ishizaka,216574.0,J.S. Bach,129.0,Classical,[5],[5],CC0 1.0 Universal,12.0,"['johann sebastian bach', 'bach', 'tracks to sync', 'classical piano', 'classical', 'instrumental']",Variatio 11 a 2 Clav.
6410,620,11823.0,Anne-Marie Sylvestre,The Open Goldberg Variations,32.0,Album,,Kimiko Ishizaka,220061.0,J.S. Bach,105.0,Classical,[5],[5],CC0 1.0 Universal,11.0,"['johann sebastian bach', 'bach', 'tracks to sync', 'classical piano', 'classical', 'instrumental']",Variatio 10 a 1 Clav. Fughetta
6411,621,11823.0,Anne-Marie Sylvestre,The Open Goldberg Variations,32.0,Album,,Kimiko Ishizaka,210948.0,J.S. Bach,126.0,Classical,[5],[5],CC0 1.0 Universal,10.0,"['johann sebastian bach', 'bach', 'tracks to sync', 'classical piano', 'classical', 'instrumental']",Variatio 9 a 1 Clav. Canone alla Terza
6412,622,11823.0,Anne-Marie Sylvestre,The Open Goldberg Variations,32.0,Album,,Kimiko Ishizaka,232472.0,J.S. Bach,116.0,Classical,[5],[5],CC0 1.0 Universal,9.0,"['johann sebastian bach', 'bach', 'tracks to sync', 'classical piano', 'classical', 'instrumental']",Variatio 8 a 2 Clav.
6413,623,11823.0,Anne-Marie Sylvestre,The Open Goldberg Variations,32.0,Album,,Kimiko Ishizaka,211490.0,J.S. Bach,132.0,Classical,[5],[5],CC0 1.0 Universal,8.0,"['johann sebastian bach', 'bach', 'tracks to sync', 'classical piano', 'classical', 'instrumental']",Variatio 7 a 1 ovvero 2 Clav.
6414,624,11823.0,Anne-Marie Sylvestre,The Open Goldberg Variations,32.0,Album,,Kimiko Ishizaka,206376.0,J.S. Bach,98.0,Classical,[5],[5],CC0 1.0 Universal,7.0,"['johann sebastian bach', 'bach', 'tracks to sync', 'classical piano', 'classical', 'instrumental']",Variatio 6 a 1 Clav. Canone alla Seconda
6415,625,11823.0,Anne-Marie Sylvestre,The Open Goldberg Variations,32.0,Album,,Kimiko Ishizaka,226961.0,J.S. Bach,94.0,Classical,[5],[5],CC0 1.0 Universal,6.0,"['johann sebastian bach', 'bach', 'tracks to sync', 'classical piano', 'classical', 'instrumental']",Variatio 5 a 1 ovvero 2 Clav.
6416,626,11823.0,Anne-Marie Sylvestre,The Open Goldberg Variations,32.0,Album,,Kimiko Ishizaka,226369.0,J.S. Bach,68.0,Classical,[5],[5],CC0 1.0 Universal,5.0,"['johann sebastian bach', 'bach', 'tracks to sync', 'classical piano', 'classical', 'instrumental']",Variatio 4 a 1 Clav.
6417,627,11823.0,Anne-Marie Sylvestre,The Open Goldberg Variations,32.0,Album,,Kimiko Ishizaka,219893.0,J.S. Bach,116.0,Classical,[5],[5],CC0 1.0 Universal,4.0,"['johann sebastian bach', 'bach', 'tracks to sync', 'classical piano', 'classical', 'instrumental']",Variatio 3 a 1 Clav. Canone all'Unisuono
6418,628,11823.0,Anne-Marie Sylvestre,The Open Goldberg Variations,32.0,Album,,Kimiko Ishizaka,211894.0,J.S. Bach,123.0,Classical,[5],[5],CC0 1.0 Universal,3.0,"['johann sebastian bach', 'bach', 'tracks to sync', 'classical piano', 'classical', 'instrumental']",Variatio 2 a 1 Clav.
6419,629,11823.0,Anne-Marie Sylvestre,The Open Goldberg Variations,32.0,Album,,Kimiko Ishizaka,231572.0,J.S. Bach,115.0,Classical,[5],[5],CC0 1.0 Universal,2.0,"['johann sebastian bach', 'bach', 'tracks to sync', 'classical piano', 'classical', 'instrumental']",Variatio 1 a 1 Clav.
6420,630,11823.0,Anne-Marie Sylvestre,The Open Goldberg Variations,32.0,Album,,Kimiko Ishizaka,209931.0,J.S. Bach,299.0,Classical,[5],[5],CC0 1.0 Universal,1.0,"['johann sebastian bach', 'bach', 'tracks to sync', 'classical piano', 'classical', 'instrumental']",Aria
6443,631,11839.0,,15 Etudes,16.0,Album,,Peter Rudenko,161063.0,,218.0,Classical,[5],[5],Creative Commons Attribution,1.0,['tracks to sync'],If
6444,632,11839.0,,15 Etudes,16.0,Album,,Peter Rudenko,166319.0,,90.0,Classical,[5],[5],Creative Commons Attribution,2.0,['tracks to sync'],5:00 AM
6445,633,11839.0,,15 Etudes,16.0,Album,,Peter Rudenko,168636.0,,91.0,Classical,[5],[5],Creative Commons Attribution,3.0,['tracks to sync'],Counterclockwise
6446,634,11839.0,,15 Etudes,16.0,Album,,Peter Rudenko,170895.0,,197.0,Classical,[5],[5],Creative Commons Attribution,4.0,['tracks to sync'],The Painter
6447,635,11839.0,,15 Etudes,16.0,Album,,Peter Rudenko,171193.0,,107.0,Classical,[5],[5],Creative Commons Attribution,5.0,['tracks to sync'],Four Sides
6448,636,11839.0,,15 Etudes,16.0,Album,,Peter Rudenko,163984.0,,283.0,Classical,[5],[5],Creative Commons Attribution,6.0,['tracks to sync'],Night Palette
6449,637,11839.0,,15 Etudes,16.0,Album,,Peter Rudenko,174506.0,,187.0,Classical,[5],[5],Creative Commons Attribution,7.0,['tracks to sync'],Waiting
6450,638,11839.0,,15 Etudes,16.0,Album,,Peter Rudenko,168024.0,,164.0,Classical,[5],[5],Creative Commons Attribution,8.0,['tracks to sync'],The Fall
6451,639,11839.0,,15 Etudes,16.0,Album,,Peter Rudenko,174019.0,,183.0,Classical,[5],[5],Creative Commons Attribution,9.0,['tracks to sync'],The Undo Spell
6452,640,11839.0,,15 Etudes,16.0,Album,,Peter Rudenko,167185.0,,168.0,Classical,[5],[5],Creative Commons Attribution,10.0,['tracks to sync'],Fern Flower
6453,641,11839.0,,15 Etudes,16.0,Album,,Peter Rudenko,171541.0,,210.0,Classical,[5],[5],Creative Commons Attribution,11.0,['tracks to sync'],What Follows Me
6454,642,11839.0,,15 Etudes,16.0,Album,,Peter Rudenko,169066.0,,142.0,Classical,[5],[5],Creative Commons Attribution,12.0,['tracks to sync'],Snowing
6455,643,11839.0,,15 Etudes,16.0,Album,,Peter Rudenko,175317.0,,100.0,Classical,[5],[5],Creative Commons Attribution,13.0,['tracks to sync'],Unawaken
6456,644,11839.0,,15 Etudes,16.0,Album,,Peter Rudenko,185592.0,,122.0,Classical,[5],[5],Creative Commons Attribution,14.0,['tracks to sync'],Night Palette Reprise
6457,645,11839.0,,15 Etudes,16.0,Album,,Peter Rudenko,164960.0,,96.0,Classical,[5],[5],Creative Commons Attribution,15.0,['tracks to sync'],Transparent
6458,646,11839.0,,15 Etudes,16.0,Album,,Peter Rudenko,168835.0,,97.0,Classical,[5],[5],Creative Commons Attribution,16.0,['tracks to sync'],Closing
6460,647,11842.0,,Sangerfly,1.0,Album,,Mallory Sanger,320000.0,,216.0,,"[15, 32, 38]","[32, 38, 15]",Creative Commons Attribution,1.0,[],Sangerfly
6461,648,11856.0,,EPV_103_''r''_preview,-1.0,,,SHOMOMOSE,320000.0,,102.0,,"[15, 32, 38]","[32, 38, 15]",Creative Commons Attribution,1.0,[],EPV_103_''r''_preview
6632,649,12025.0,,Violet Transformation(SAMPLE),-1.0,,,Y:E:T,256000.0,,60.0,,[],[],Creative Commons Attribution,4.0,[],Oscillation Starting_sample
6633,650,12036.0,,Static Raw Power Kraut (demo),4.0,Album,,Hisko Detria,320000.0,,865.0,Rock,"[36, 58]","[58, 36, 12]",Creative Commons Attribution,4.0,[],On the Road Again
6634,651,12036.0,,Static Raw Power Kraut (demo),4.0,Album,,Hisko Detria,320000.0,,785.0,Rock,"[36, 58]","[58, 36, 12]",Creative Commons Attribution,3.0,[],Hisko Detria
6635,652,12036.0,,Static Raw Power Kraut (demo),4.0,Album,,Hisko Detria,320000.0,,428.0,Rock,"[36, 58]","[58, 36, 12]",Creative Commons Attribution,2.0,[],Poserslave
6636,653,12036.0,,Static Raw Power Kraut (demo),4.0,Album,,Hisko Detria,320000.0,,889.0,Rock,"[36, 58]","[58, 36, 12]",Creative Commons Attribution,1.0,[],Nothing Happens
6733,654,12256.0,,Walla Walla Walla,45.0,Album,,Audionautics,208741.0,,406.0,Experimental,[30],"[38, 30]",Creative Commons Attribution,0.0,"['film and video reuse', 'sound effects', 'phonography', 'field recordings', 'talking', 'walla', 'crowds', 'chatter']",Crowd Long
6734,655,12256.0,,Walla Walla Walla,45.0,Album,,Benboncan,223964.0,,103.0,Experimental,[30],"[38, 30]",Creative Commons Attribution,0.0,"['film and video reuse', 'sound effects', 'phonography', 'field recordings', 'talking', 'walla', 'crowds', 'chatter']",Foyer Crowd
6735,656,12256.0,,Walla Walla Walla,45.0,Album,,Benboncan,198321.0,,219.0,Experimental,[30],"[38, 30]",Creative Commons Attribution,0.0,"['film and video reuse', 'sound effects', 'phonography', 'field recordings', 'talking', 'walla', 'crowds', 'chatter']",Murmur
6736,657,12256.0,,Walla Walla Walla,45.0,Album,,Corsica S,212345.0,,82.0,Experimental,[30],"[38, 30]",Creative Commons Attribution,0.0,"['film and video reuse', 'sound effects', 'phonography', 'field recordings', 'talking', 'walla', 'crowds', 'chatter']",Small Group Walla
6737,658,12256.0,,Walla Walla Walla,45.0,Album,,Corsica S,213632.0,,288.0,Experimental,[30],"[38, 30]",Creative Commons Attribution,0.0,"['film and video reuse', 'sound effects', 'phonography', 'field recordings', 'talking', 'walla', 'crowds', 'chatter']",Ste 010 Crowd Noise 2
6738,659,12256.0,,Walla Walla Walla,45.0,Album,,Corsica S,211198.0,,120.0,Experimental,[30],"[38, 30]",Creative Commons Attribution,0.0,"['film and video reuse', 'sound effects', 'phonography', 'field recordings', 'talking', 'walla', 'crowds', 'chatter']",Ste 029 Crowd Noise 3
6739,660,12256.0,,Walla Walla Walla,45.0,Album,,costaipsa,210346.0,,58.0,Experimental,[30],"[38, 30]",Creative Commons Attribution,0.0,"['film and video reuse', 'sound effects', 'phonography', 'field recordings', 'talking', 'walla', 'crowds', 'chatter']",Walla Basic Hall
6740,661,12256.0,,Walla Walla Walla,45.0,Album,,elektroproleter,210659.0,,525.0,Experimental,[30],"[38, 30]",Creative Commons Attribution,0.0,"['film and video reuse', 'sound effects', 'phonography', 'field recordings', 'talking', 'walla', 'crowds', 'chatter']",Walla Market Croatian
6741,662,12256.0,,Walla Walla Walla,45.0,Album,,gelo-papas,209318.0,,72.0,Experimental,[30],"[38, 30]",Creative Commons Attribution,0.0,"['film and video reuse', 'sound effects', 'phonography', 'field recordings', 'talking', 'walla', 'crowds', 'chatter']",Crowd Walla
6742,663,12256.0,,Walla Walla Walla,45.0,Album,,shall555,106010.0,,69.0,Experimental,[30],"[38, 30]",Creative Commons Attribution,0.0,"['film and video reuse', 'sound effects', 'phonography', 'field recordings', 'talking', 'walla', 'crowds', 'chatter']",SH Middle School Walla Interior
6743,664,12256.0,,Walla Walla Walla,45.0,Album,,tlipfert,206473.0,,259.0,Experimental,[30],"[38, 30]",Creative Commons Attribution,0.0,"['film and video reuse', 'sound effects', 'phonography', 'field recordings', 'talking', 'walla', 'crowds', 'chatter']",Gallery Walla
6744,665,12256.0,,Walla Walla Walla,45.0,Album,,Tomlija,209653.0,,58.0,Experimental,[30],"[38, 30]",Creative Commons Attribution,0.0,"['film and video reuse', 'sound effects', 'phonography', 'field recordings', 'talking', 'walla', 'crowds', 'chatter']","Courthouse Lobby Ambience, Belgrade, Serbia"
6745,666,12256.0,,Walla Walla Walla,45.0,Album,,Tomlija,224919.0,,97.0,Experimental,[30],"[38, 30]",Creative Commons Attribution,0.0,"['film and video reuse', 'sound effects', 'phonography', 'field recordings', 'talking', 'walla', 'crowds', 'chatter']","Kids Playing Soccer in Park Shouting and Arguing, Kalemegdan Park, Belgrade, Serbia"
6746,667,12256.0,,Walla Walla Walla,45.0,Album,,Tomlija,219082.0,,28.0,Experimental,[30],"[38, 30]",Creative Commons Attribution,0.0,"['film and video reuse', 'sound effects', 'phonography', 'field recordings', 'talking', 'walla', 'crowds', 'chatter']","KST Club, Belgrade, Serbia, Walla 9"
6747,668,12256.0,,Walla Walla Walla,45.0,Album,,Tomlija,214261.0,,36.0,Experimental,[30],"[38, 30]",Creative Commons Attribution,0.0,"['film and video reuse', 'sound effects', 'phonography', 'field recordings', 'talking', 'walla', 'crowds', 'chatter']","Lounge Bar, Belgrade, Serbia"
6748,669,12256.0,,Walla Walla Walla,45.0,Album,,Tomlija,213322.0,,76.0,Experimental,[30],"[38, 30]",Creative Commons Attribution,0.0,"['film and video reuse', 'sound effects', 'phonography', 'field recordings', 'talking', 'walla', 'crowds', 'chatter']","Pedestrian Zone, Knez-Mihajlova Street, Belgrade, Serbia"
6749,670,12256.0,,Walla Walla Walla,45.0,Album,,Tomlija,209075.0,,59.0,Experimental,[30],"[38, 30]",Creative Commons Attribution,0.0,"['film and video reuse', 'sound effects', 'phonography', 'field recordings', 'talking', 'walla', 'crowds', 'chatter']","Small Cafe Ambience, 30 Girls, Belgrade, Serbia"
6750,671,12256.0,,Walla Walla Walla,45.0,Album,,Tomlija,247771.0,,15.0,Experimental,[30],"[38, 30]",Creative Commons Attribution,0.0,"['film and video reuse', 'sound effects', 'phonography', 'field recordings', 'talking', 'walla', 'crowds', 'chatter']","Small Crowd Cheering and Clapping 3, Biberche, Belgrade, Serbia"
6751,672,12256.0,,Walla Walla Walla,45.0,Album,,Tomlija,209230.0,,82.0,Experimental,[30],"[38, 30]",Creative Commons Attribution,0.0,"['film and video reuse', 'sound effects', 'phonography', 'field recordings', 'talking', 'walla', 'crowds', 'chatter']","Train Station Lobby Ambience with a PA Announcer, Belgrade, Serbia"
6752,673,12256.0,,Walla Walla Walla,45.0,Album,,Toybox,210373.0,,30.0,Experimental,[30],"[38, 30]",Creative Commons Attribution,0.0,"['film and video reuse', 'sound effects', 'phonography', 'field recordings', 'talking', 'walla', 'crowds', 'chatter']",Barcelona Market 2
6799,674,12325.0,,Enthusiast,1.0,Album,,Tours,320000.0,,171.0,Electronic,"[15, 468, 495]","[495, 468, 15]",Creative Commons Attribution,1.0,['spotify'],Enthusiast
6943,675,12589.0,,Incomplete,12.0,Album,,Peter Rudenko,320000.0,,128.0,Classical,[659],"[659, 5]",Creative Commons Attribution,1.0,[],Smile On
6944,676,12589.0,,Incomplete,12.0,Album,,Peter Rudenko,320000.0,,248.0,Classical,[659],"[659, 5]",Creative Commons Attribution,2.0,[],Winter Sun
6945,677,12589.0,,Incomplete,12.0,Album,,Peter Rudenko,320000.0,,181.0,Classical,[659],"[659, 5]",Creative Commons Attribution,3.0,[],When It Rains
6946,678,12589.0,,Incomplete,12.0,Album,,Peter Rudenko,320000.0,,148.0,Classical,[659],"[659, 5]",Creative Commons Attribution,4.0,[],Inhale
6947,679,12589.0,,Incomplete,12.0,Album,,Peter Rudenko,320000.0,,135.0,Classical,[659],"[659, 5]",Creative Commons Attribution,5.0,[],Last Days Of Summer
6948,680,12589.0,,Incomplete,12.0,Album,,Peter Rudenko,320000.0,,141.0,Classical,[659],"[659, 5]",Creative Commons Attribution,6.0,[],Back Home
6949,681,12589.0,,Incomplete,12.0,Album,,Peter Rudenko,320000.0,,76.0,Classical,[659],"[659, 5]",Creative Commons Attribution,7.0,[],Haiku
6950,682,12589.0,,Incomplete,12.0,Album,,Peter Rudenko,320000.0,,107.0,Classical,[659],"[659, 5]",Creative Commons Attribution,8.0,[],Lights Out
6951,683,12589.0,,Incomplete,12.0,Album,,Peter Rudenko,320000.0,,148.0,Classical,[659],"[659, 5]",Creative Commons Attribution,9.0,[],Them
6952,684,12589.0,,Incomplete,12.0,Album,,Peter Rudenko,320000.0,,136.0,Classical,[659],"[659, 5]",Creative Commons Attribution,10.0,[],Incomplete
6953,685,12589.0,,Incomplete,12.0,Album,,Peter Rudenko,320000.0,,113.0,Classical,[659],"[659, 5]",Creative Commons Attribution,11.0,[],Them Part 2
6954,686,12589.0,,Incomplete,12.0,Album,,Peter Rudenko,320000.0,,42.0,Classical,[659],"[659, 5]",Creative Commons Attribution,12.0,[],When It Rains Part 2
6995,687,12600.0,,old new realism,16.0,Album,,epsilon not,320000.0,,430.0,,"[15, 21, 107]","[107, 21, 1235, 15]",Creative Commons Attribution,15.0,"['experimental', 'chillwave', 'hip hop', 'electronic']",sitting in a room [bonus track]
7068,688,12672.0,,Monorave Compo,15.0,Album,,evgthug1,320000.0,,135.0,Electronic,"[15, 240, 297]","[240, 297, 15]",Creative Commons Attribution,15.0,['peter swimm'],mono+
7069,689,12672.0,,Monorave Compo,15.0,Album,,ui,320000.0,,129.0,Electronic,"[15, 240, 297]","[240, 297, 15]",Creative Commons Attribution,14.0,['peter swimm'],@
7070,690,12672.0,,Monorave Compo,15.0,Album,,MattyBoJangles,320000.0,,338.0,Electronic,"[15, 240, 297]","[240, 297, 15]",Creative Commons Attribution,13.0,['peter swimm'],M0n0R41L
7071,691,12672.0,,Monorave Compo,15.0,Album,,vargero,320000.0,,108.0,Electronic,"[15, 240, 297]","[240, 297, 15]",Creative Commons Attribution,12.0,['peter swimm'],Empower Thee
7072,692,12672.0,,Monorave Compo,15.0,Album,,Subway Sonicbeat,320000.0,,137.0,Electronic,"[15, 240, 297]","[240, 297, 15]",Creative Commons Attribution,11.0,['peter swimm'],Cloudy
7073,693,12672.0,,Monorave Compo,15.0,Album,,staRpauSe,320000.0,,218.0,Electronic,"[15, 240, 297]","[240, 297, 15]",Creative Commons Attribution,10.0,['peter swimm'],BACKSTRAP feat. puppyspazz
7074,694,12672.0,,Monorave Compo,15.0,Album,,egr,320000.0,,79.0,Electronic,"[15, 240, 297]","[240, 297, 15]",Creative Commons Attribution,9.0,['peter swimm'],Burn Down the Monostery
7075,695,12672.0,,Monorave Compo,15.0,Album,,Hexawe (Various Artists),320000.0,,127.0,Electronic,"[15, 240, 297]","[240, 297, 15]",Creative Commons Attribution,8.0,['peter swimm'],Ravetrap
7076,696,12672.0,,Monorave Compo,15.0,Album,,Din Sky,320000.0,,394.0,Electronic,"[15, 240, 297]","[240, 297, 15]",Creative Commons Attribution,7.0,['peter swimm'],Chemtrails
7077,697,12672.0,,Monorave Compo,15.0,Album,,Peter Swimm,320000.0,,171.0,Electronic,"[15, 240, 297]","[240, 297, 15]",Creative Commons Attribution,6.0,['peter swimm'],October Surprise [wiretap mix]
7078,698,12672.0,,Monorave Compo,15.0,Album,,Quelle Fromage,320000.0,,212.0,Electronic,"[15, 240, 297]","[240, 297, 15]",Creative Commons Attribution,5.0,['peter swimm'],Noam Chomsky's Corporate Carbohydrate Surprise
7079,699,12672.0,,Monorave Compo,15.0,Album,,XC3N,320000.0,,308.0,Electronic,"[15, 240, 297]","[240, 297, 15]",Creative Commons Attribution,4.0,['peter swimm'],M0NOR4V3N
7080,700,12672.0,,Monorave Compo,15.0,Album,,Rhinostrich,320000.0,,248.0,Electronic,"[15, 240, 297]","[240, 297, 15]",Creative Commons Attribution,3.0,['peter swimm'],Shut Up
7081,701,12672.0,,Monorave Compo,15.0,Album,,BLEO,320000.0,,205.0,Electronic,"[15, 240, 297]","[240, 297, 15]",Creative Commons Attribution,2.0,['peter swimm'],How Ya Like Me Now Pt.2
7082,702,12672.0,,Monorave Compo,15.0,Album,,Pulselooper,320000.0,,366.0,Electronic,"[15, 240, 297]","[240, 297, 15]",Creative Commons Attribution,1.0,['peter swimm'],Neurociencia
7129,703,12727.0,,The Haunted Mansion,23.0,Album,,HarleyLikesMusic,320000.0,,144.0,Electronic,[15],[15],Creative Commons Attribution,1.0,"['horror', 'halloween', 'terror']",The Front Yard
7130,704,12727.0,,The Haunted Mansion,23.0,Album,,Anthony Seeha,320000.0,,268.0,Electronic,[15],[15],Creative Commons Attribution,2.0,"['horror', 'halloween', 'terror']",The Entrance Hall
7131,705,12727.0,,The Haunted Mansion,23.0,Album,,AudioArtist,320000.0,,232.0,Electronic,[15],[15],Creative Commons Attribution,3.0,"['horror', 'halloween', 'terror']",The Living Room
7132,706,12727.0,,The Haunted Mansion,23.0,Album,,CardiacTrance,320000.0,,370.0,Electronic,[15],[15],Creative Commons Attribution,4.0,"['horror', 'halloween', 'terror']",The Kitchen
7133,707,12727.0,,The Haunted Mansion,23.0,Album,,itchidan,320000.0,,130.0,Electronic,[15],[15],Creative Commons Attribution,5.0,"['horror', 'halloween', 'terror']",The Laundry Room
7134,708,12727.0,,The Haunted Mansion,23.0,Album,,Syscrusher,320000.0,,142.0,Electronic,[15],[15],Creative Commons Attribution,6.0,"['horror', 'halloween', 'terror']",The Ballroom
7135,709,12727.0,,The Haunted Mansion,23.0,Album,,WarpToken,320000.0,,247.0,Electronic,[15],[15],Creative Commons Attribution,7.0,"['horror', 'halloween', 'terror']",The Stairway
7136,710,12727.0,,The Haunted Mansion,23.0,Album,,mchl nrvs,320000.0,,165.0,Electronic,[15],[15],Creative Commons Attribution,8.0,"['horror', 'halloween', 'terror']",The Bedroom
7137,711,12727.0,,The Haunted Mansion,23.0,Album,,WMRhapsodies,320000.0,,276.0,Electronic,[15],[15],Creative Commons Attribution,9.0,"['horror', 'halloween', 'terror']",The Music Room
7138,712,12727.0,,The Haunted Mansion,23.0,Album,,Dj Hollow Life,320000.0,,208.0,Electronic,[15],[15],Creative Commons Attribution,10.0,"['horror', 'halloween', 'terror']",The Office
7139,713,12727.0,,The Haunted Mansion,23.0,Album,,daiteng,320000.0,,351.0,Electronic,[15],[15],Creative Commons Attribution,11.0,"['horror', 'halloween', 'terror']",The Sewing Room
7140,714,12727.0,,The Haunted Mansion,23.0,Album,,Radixxs,320000.0,,231.0,Electronic,[15],[15],Creative Commons Attribution,12.0,"['horror', 'halloween', 'terror']",The Bathroom
7141,715,12727.0,,The Haunted Mansion,23.0,Album,,robowist,320000.0,,276.0,Electronic,[15],[15],Creative Commons Attribution,13.0,"['horror', 'halloween', 'terror']",The Library
7142,716,12727.0,,The Haunted Mansion,23.0,Album,,SBK,320000.0,,332.0,Electronic,[15],[15],Creative Commons Attribution,14.0,"['horror', 'halloween', 'terror']",The Solarium
7143,717,12727.0,,The Haunted Mansion,23.0,Album,,kloudygirl,320000.0,,232.0,Electronic,[15],[15],Creative Commons Attribution,15.0,"['horror', 'halloween', 'terror']",The Exercise Room
7144,718,12727.0,,The Haunted Mansion,23.0,Album,,T.M.HECTOR,320000.0,,68.0,Electronic,[15],[15],Creative Commons Attribution,16.0,"['horror', 'halloween', 'terror']",The Elevator
7145,719,12727.0,,The Haunted Mansion,23.0,Album,,bryface,320000.0,,118.0,Electronic,[15],[15],Creative Commons Attribution,17.0,"['horror', 'halloween', 'terror']",The Garage
7146,720,12727.0,,The Haunted Mansion,23.0,Album,,Tommy Creep,320000.0,,221.0,Electronic,[15],[15],Creative Commons Attribution,18.0,"['horror', 'halloween', 'terror']",The Lab
7147,721,12727.0,,The Haunted Mansion,23.0,Album,,The Industrialism,320000.0,,284.0,Electronic,[15],[15],Creative Commons Attribution,19.0,"['horror', 'halloween', 'terror']",The Machine Room
7148,722,12727.0,,The Haunted Mansion,23.0,Album,,alexusual,320000.0,,341.0,Electronic,[15],[15],Creative Commons Attribution,20.0,"['horror', 'halloween', 'terror']",The Secret Control Room
7149,723,12727.0,,The Haunted Mansion,23.0,Album,,Uncle Bibby,320000.0,,180.0,Electronic,[15],[15],Creative Commons Attribution,21.0,"['horror', 'halloween', 'terror']",The Courtyard
7150,724,12727.0,,The Haunted Mansion,23.0,Album,,Sinqlogue,320000.0,,226.0,Electronic,[15],[15],Creative Commons Attribution,22.0,"['horror', 'halloween', 'terror']",The Cemetery
7151,725,12727.0,,The Haunted Mansion,23.0,Album,,DS-10 Dominator,320000.0,,320.0,Electronic,[15],[15],Creative Commons Attribution,23.0,"['horror', 'halloween', 'terror']",The Back Yard
7217,726,12887.0,,netBloc Vol. 39: Antididonai,19.0,Album,,Josh Woodward,320000.0,,196.0,,[],[],Creative Commons Attribution,8.0,[],Oh Mallory
7239,727,12937.0,,Disquiet Junto (Sampler),16.0,Album,,Ethan Hein,256000.0,,352.0,,"[30, 107]","[38, 1235, 107, 30]",Creative Commons Attribution,1.0,[],Departure Store (disquiet0043-dazzledmachine)
7240,728,12937.0,,Disquiet Junto (Sampler),16.0,Album,,Justin Buckley,128000.0,,200.0,,"[30, 107]","[38, 1235, 107, 30]",Creative Commons Attribution,6.0,[],Modular Mart - established 1992 (disquiet0038-asrealasitgets2)
7274,729,13047.0,,The Ferret Show,5.0,Album,,Goto80 and the Uwe Schenk Band,320000.0,,228.0,,"[4, 240]","[240, 297, 4, 15]",CC0 1.0 Universal,1.0,[],Ponky Fonky Ferret
7275,730,13047.0,,The Ferret Show,5.0,Album,,Goto80 and the Uwe Schenk Band,320000.0,,355.0,,"[4, 240]","[240, 297, 4, 15]",CC0 1.0 Universal,2.0,[],Cable Swingin' Ferret
7276,731,13047.0,,The Ferret Show,5.0,Album,,Goto80 and the Uwe Schenk Band,320000.0,,274.0,,"[4, 240]","[240, 297, 4, 15]",CC0 1.0 Universal,4.0,[],Thriller Iller
7277,732,13047.0,,The Ferret Show,5.0,Album,,Goto80 and the Uwe Schenk Band,320000.0,,261.0,,"[4, 240]","[240, 297, 4, 15]",CC0 1.0 Universal,5.0,[],Volksing Ferretismico
7297,733,13010.0,,Entries,200.0,Album,,A-1 Mr. Son,192000.0,,85.0,,[],[],Creative Commons Attribution,0.0,"['music is a belief', 'chary', 'nishad', 'uju', 'ibiene', 'nazeem', 'deepu', 'maneet', 'azedine', 'mohammad']",Foul Mouthed Birthday Robot
7302,734,13010.0,,Entries,200.0,Album,,Kyla,160000.0,,10.0,,[],[],Creative Commons Attribution,0.0,"['music is a belief', 'chary', 'nishad', 'uju', 'ibiene', 'nazeem', 'deepu', 'maneet', 'azedine', 'mohammad']",It's Your Birthday
7320,735,13010.0,,Entries,200.0,Album,Sleeping Horse Records,Richard There,256000.0,,40.0,,[],[],Creative Commons Attribution,0.0,"['music is a belief', 'chary', 'nishad', 'uju', 'ibiene', 'nazeem', 'deepu', 'maneet', 'azedine', 'mohammad']",Happy Birthday
7321,736,13010.0,,Entries,200.0,Album,,Sascha Ende,192000.0,,17.0,,[],[],Creative Commons Attribution,0.0,"['music is a belief', 'chary', 'nishad', 'uju', 'ibiene', 'nazeem', 'deepu', 'maneet', 'azedine', 'mohammad']",Simple New Happy Birthday Melody
7322,737,13010.0,,Entries,200.0,Album,,Guillaume Tucker,256000.0,,102.0,,[],[],Creative Commons Attribution,0.0,"['music is a belief', 'chary', 'nishad', 'uju', 'ibiene', 'nazeem', 'deepu', 'maneet', 'azedine', 'mohammad']",Many Happy Returns
7323,738,13010.0,,Entries,200.0,Album,,Curtis Brand,192000.0,,195.0,,[],[],Creative Commons Attribution,0.0,"['music is a belief', 'chary', 'nishad', 'uju', 'ibiene', 'nazeem', 'deepu', 'maneet', 'azedine', 'mohammad']",Older Than Dirt
7324,739,13010.0,,Entries,200.0,Album,,Rich Eilbert,256000.0,,24.0,,[],[],Creative Commons Attribution,0.0,"['music is a belief', 'chary', 'nishad', 'uju', 'ibiene', 'nazeem', 'deepu', 'maneet', 'azedine', 'mohammad']",Happy Birthday
7325,740,13010.0,,Entries,200.0,Album,,dettus,128000.0,,8.0,,[],[],Creative Commons Attribution,0.0,"['music is a belief', 'chary', 'nishad', 'uju', 'ibiene', 'nazeem', 'deepu', 'maneet', 'azedine', 'mohammad']",Happy Happy Birthday
7326,741,13010.0,,Entries,200.0,Album,,Elastro Brothers,128000.0,,88.0,,[],[],Creative Commons Attribution,0.0,"['music is a belief', 'chary', 'nishad', 'uju', 'ibiene', 'nazeem', 'deepu', 'maneet', 'azedine', 'mohammad']",Everybody Has A Birthday Today
7327,742,13010.0,,Entries,200.0,Album,,The Pendulum Swings,192000.0,,108.0,,[],[],Creative Commons Attribution,0.0,"['music is a belief', 'chary', 'nishad', 'uju', 'ibiene', 'nazeem', 'deepu', 'maneet', 'azedine', 'mohammad']",(It Must Be) Somebody's Birthday
7328,743,13010.0,,Entries,200.0,Album,,Armin Rüdiger Vieweg,118655.0,,32.0,,[],[],Creative Commons Attribution,0.0,"['music is a belief', 'chary', 'nishad', 'uju', 'ibiene', 'nazeem', 'deepu', 'maneet', 'azedine', 'mohammad']",Happy Birthday To You Alternative
7329,744,13010.0,,Entries,200.0,Album,,Tony Castillo,192000.0,,123.0,,[],[],Creative Commons Attribution,0.0,"['music is a belief', 'chary', 'nishad', 'uju', 'ibiene', 'nazeem', 'deepu', 'maneet', 'azedine', 'mohammad']",It's Your Birthday Now! (original + acapella)
7330,745,13010.0,,Entries,200.0,Album,,Marshall Rendina,160000.0,,120.0,,[],[],Creative Commons Attribution,0.0,"['music is a belief', 'chary', 'nishad', 'uju', 'ibiene', 'nazeem', 'deepu', 'maneet', 'azedine', 'mohammad']",It's Your Birthday
7331,746,13010.0,,Entries,200.0,Album,,Tony Castillo,192000.0,,58.0,,[],[],Creative Commons Attribution,0.0,"['music is a belief', 'chary', 'nishad', 'uju', 'ibiene', 'nazeem', 'deepu', 'maneet', 'azedine', 'mohammad']",It's Your Birthday Now! (original)
7333,747,13010.0,,Entries,200.0,Album,,nne,256000.0,,25.0,,[],[],Creative Commons Attribution,0.0,"['music is a belief', 'chary', 'nishad', 'uju', 'ibiene', 'nazeem', 'deepu', 'maneet', 'azedine', 'mohammad']",Happy Birthday
7334,748,13010.0,,Entries,200.0,Album,,Harpoon Forever,228566.0,,72.0,,[],[],Creative Commons Attribution,0.0,"['music is a belief', 'chary', 'nishad', 'uju', 'ibiene', 'nazeem', 'deepu', 'maneet', 'azedine', 'mohammad']","Happy Birthday, Baby"
7366,749,13141.0,,En attendant Noël...,24.0,Album,,Dave Menzo (CloudMagic),320000.0,,189.0,Experimental,[763],"[16, 38, 763, 6]",Creative Commons Attribution,1.0,['holiday music'],The First Noel
7367,750,13141.0,,En attendant Noël...,24.0,Album,,Wiredrawn,320000.0,,213.0,Experimental,[763],"[16, 38, 763, 6]",Creative Commons Attribution,2.0,['holiday music'],Christmas Wish No. 3571
7399,751,13010.0,,Entries,200.0,Album,,McCloud Zicmuse,192000.0,,62.0,,[],[],Creative Commons Attribution,0.0,"['music is a belief', 'chary', 'nishad', 'uju', 'ibiene', 'nazeem', 'deepu', 'maneet', 'azedine', 'mohammad']",Birthday Song
7400,752,13010.0,,Entries,200.0,Album,,BrokeMC,192000.0,,70.0,,[],[],Creative Commons Attribution,0.0,"['music is a belief', 'chary', 'nishad', 'uju', 'ibiene', 'nazeem', 'deepu', 'maneet', 'azedine', 'mohammad']","Happy Birthday, It's Your Day!"
7401,753,13010.0,,Entries,200.0,Album,,Bob Barta,128000.0,,21.0,,[],[],Creative Commons Attribution,2.0,"['music is a belief', 'chary', 'nishad', 'uju', 'ibiene', 'nazeem', 'deepu', 'maneet', 'azedine', 'mohammad']",An Alternative Birthday Song
7402,754,13010.0,,Entries,200.0,Album,,zack facco,64000.0,,15.0,,[],[],Creative Commons Attribution,0.0,"['music is a belief', 'chary', 'nishad', 'uju', 'ibiene', 'nazeem', 'deepu', 'maneet', 'azedine', 'mohammad']",The Best Birthday Song
7403,755,13010.0,,Entries,200.0,Album,,Monk Turner + Fascinoma,128000.0,,36.0,,[],[],Creative Commons Attribution,1.0,"['music is a belief', 'chary', 'nishad', 'uju', 'ibiene', 'nazeem', 'deepu', 'maneet', 'azedine', 'mohammad']",It's Your Birthday!
7404,756,13010.0,,Entries,200.0,Album,,Alexander Kläser,248751.0,,133.0,,[],[],Creative Commons Attribution,0.0,"['music is a belief', 'chary', 'nishad', 'uju', 'ibiene', 'nazeem', 'deepu', 'maneet', 'azedine', 'mohammad']",Happy Birthday
7423,757,13010.0,,Entries,200.0,Album,,Moona Luna,128000.0,,171.0,,[],[],Creative Commons Attribution,0.0,"['music is a belief', 'chary', 'nishad', 'uju', 'ibiene', 'nazeem', 'deepu', 'maneet', 'azedine', 'mohammad']",Beautiful Birthday
7424,758,13192.0,,FrostWire Creative Commons Mixtape 3 Side A,38.0,Single Tracks,,Azoora,320000.0,,247.0,,[],[],Creative Commons Attribution,17.0,[],Sleep on the way
7425,759,13192.0,,FrostWire Creative Commons Mixtape 3 Side A,38.0,Single Tracks,,Kellee Maize,192000.0,,191.0,,[],[],Creative Commons Attribution,22.0,[],In Tune
7426,760,13010.0,,Entries,200.0,Album,,One Half of Example: None,128000.0,,90.0,,[],[],Creative Commons Attribution,0.0,"['music is a belief', 'chary', 'nishad', 'uju', 'ibiene', 'nazeem', 'deepu', 'maneet', 'azedine', 'mohammad']",Happy Birthday
7427,761,13010.0,,Entries,200.0,Album,,xene,192000.0,,28.0,,[],[],Creative Commons Attribution,0.0,"['music is a belief', 'chary', 'nishad', 'uju', 'ibiene', 'nazeem', 'deepu', 'maneet', 'azedine', 'mohammad']",Happy Birthday New
7429,762,13010.0,,Entries,200.0,Album,,Caston Deluca,256000.0,,47.0,,[],[],Creative Commons Attribution,0.0,"['music is a belief', 'chary', 'nishad', 'uju', 'ibiene', 'nazeem', 'deepu', 'maneet', 'azedine', 'mohammad']",Happy Birthday!
7430,763,13010.0,,Entries,200.0,Album,,John Wesley Coleman,320000.0,,62.0,,[],[],Creative Commons Attribution,0.0,"['music is a belief', 'chary', 'nishad', 'uju', 'ibiene', 'nazeem', 'deepu', 'maneet', 'azedine', 'mohammad']",Blow Out The Candles And Eat Some Cake
7432,764,13010.0,,Entries,200.0,Album,,Steven Mon,256000.0,,24.0,,[],[],Creative Commons Attribution,0.0,"['music is a belief', 'chary', 'nishad', 'uju', 'ibiene', 'nazeem', 'deepu', 'maneet', 'azedine', 'mohammad']",New Happy Birthday
7433,765,13010.0,,Entries,200.0,Album,,Michael Riepen,256000.0,,43.0,,[],[],Creative Commons Attribution,0.0,"['music is a belief', 'chary', 'nishad', 'uju', 'ibiene', 'nazeem', 'deepu', 'maneet', 'azedine', 'mohammad']",Happy Birthday
7444,766,13203.0,,Did You Just Hex Me?,13.0,Album,,Did You Just Hex Me?,320000.0,,48.0,Rock,[439],"[31, 12, 439]",Creative Commons Attribution,1.0,[],Say You Love Me
7445,767,13203.0,,Did You Just Hex Me?,13.0,Album,,Did You Just Hex Me?,320000.0,,146.0,Rock,[439],"[31, 12, 439]",Creative Commons Attribution,2.0,[],In A Graveyard On Halloween Night
7446,768,13203.0,,Did You Just Hex Me?,13.0,Album,,Did You Just Hex Me?,320000.0,,26.0,Rock,[439],"[31, 12, 439]",Creative Commons Attribution,3.0,[],She Called Herself
7447,769,13203.0,,Did You Just Hex Me?,13.0,Album,,Did You Just Hex Me?,320000.0,,134.0,Rock,[439],"[31, 12, 439]",Creative Commons Attribution,4.0,[],A Lady In Red With A Plan To Steal
7448,770,13203.0,,Did You Just Hex Me?,13.0,Album,,Did You Just Hex Me?,320000.0,,10.0,Rock,[439],"[31, 12, 439]",Creative Commons Attribution,5.0,[],I Tried To Tell Her
7449,771,13203.0,,Did You Just Hex Me?,13.0,Album,,Did You Just Hex Me?,320000.0,,141.0,Rock,[439],"[31, 12, 439]",Creative Commons Attribution,6.0,[],If I Do That I'll Fall Down
7450,772,13203.0,,Did You Just Hex Me?,13.0,Album,,Did You Just Hex Me?,320000.0,,23.0,Rock,[439],"[31, 12, 439]",Creative Commons Attribution,7.0,[],I Claimed
7451,773,13203.0,,Did You Just Hex Me?,13.0,Album,,Did You Just Hex Me?,320000.0,,76.0,Rock,[439],"[31, 12, 439]",Creative Commons Attribution,8.0,[],These Aren't The Droids You're Looking For
7452,774,13203.0,,Did You Just Hex Me?,13.0,Album,,Did You Just Hex Me?,320000.0,,63.0,Rock,[439],"[31, 12, 439]",Creative Commons Attribution,9.0,[],At The Derry International Circus
7453,775,13203.0,,Did You Just Hex Me?,13.0,Album,,Did You Just Hex Me?,320000.0,,122.0,Rock,[439],"[31, 12, 439]",Creative Commons Attribution,10.0,[],You Bet Your Fern
7454,776,13203.0,,Did You Just Hex Me?,13.0,Album,,Did You Just Hex Me?,320000.0,,30.0,Rock,[439],"[31, 12, 439]",Creative Commons Attribution,11.0,[],Free Your Ghost
7455,777,13203.0,,Did You Just Hex Me?,13.0,Album,,Did You Just Hex Me?,320000.0,,30.0,Rock,[439],"[31, 12, 439]",Creative Commons Attribution,12.0,[],And Return To Me
7456,778,13203.0,,Did You Just Hex Me?,13.0,Album,,Did You Just Hex Me?,320000.0,,185.0,Rock,[439],"[31, 12, 439]",Creative Commons Attribution,13.0,[],"My Dear, Lillium"
7459,779,13212.0,,Ромашка,5.0,Album,,Последние Каникулы,320000.0,,1413.0,,"[26, 38, 107]","[38, 107, 12, 1235, 26]",Creative Commons Attribution,1.0,[],Чёрная
7460,780,13212.0,,Ромашка,5.0,Album,,Последние Каникулы,320000.0,,1211.0,,"[26, 38, 107]","[38, 107, 12, 1235, 26]",Creative Commons Attribution,2.0,[],Ромашка
7461,781,13212.0,,Ромашка,5.0,Album,,Последние Каникулы,320000.0,,720.0,,"[26, 38, 107]","[38, 107, 12, 1235, 26]",Creative Commons Attribution,3.0,[],"Ох, ты безумная луна"
7462,782,13010.0,,Entries,200.0,Album,,The Danimals,128000.0,,66.0,,[],[],Creative Commons Attribution,0.0,"['music is a belief', 'chary', 'nishad', 'uju', 'ibiene', 'nazeem', 'deepu', 'maneet', 'azedine', 'mohammad']",Super Psyched for Your Birthday
7463,783,13218.0,,Stage Theory (Beats vol. 3),17.0,Album,,C. Scott,320000.0,,154.0,,"[21, 286]","[21, 286, 15]",Creative Commons Attribution,1.0,[],Power Glove
7464,784,13218.0,,Stage Theory (Beats vol. 3),17.0,Album,,C. Scott,320000.0,,144.0,,"[21, 286]","[21, 286, 15]",Creative Commons Attribution,2.0,[],Afrikaans
7465,785,13218.0,,Stage Theory (Beats vol. 3),17.0,Album,,C. Scott,320000.0,,139.0,,"[21, 286]","[21, 286, 15]",Creative Commons Attribution,3.0,[],Start to Finish
7466,786,13218.0,,Stage Theory (Beats vol. 3),17.0,Album,,C. Scott,320000.0,,174.0,,"[21, 286]","[21, 286, 15]",Creative Commons Attribution,4.0,[],Determinate
7467,787,13218.0,,Stage Theory (Beats vol. 3),17.0,Album,,C. Scott,320000.0,,174.0,,"[21, 286]","[21, 286, 15]",Creative Commons Attribution,5.0,[],Hurdy Gurdy
7468,788,13218.0,,Stage Theory (Beats vol. 3),17.0,Album,,C. Scott,320000.0,,157.0,,"[21, 286]","[21, 286, 15]",Creative Commons Attribution,6.0,[],Belview
7469,789,13218.0,,Stage Theory (Beats vol. 3),17.0,Album,,C. Scott,320000.0,,137.0,,"[21, 286]","[21, 286, 15]",Creative Commons Attribution,7.0,[],Humphrey
7470,790,13218.0,,Stage Theory (Beats vol. 3),17.0,Album,,C. Scott,320000.0,,140.0,,"[21, 286]","[21, 286, 15]",Creative Commons Attribution,8.0,[],Round it Goes
7471,791,13218.0,,Stage Theory (Beats vol. 3),17.0,Album,,C. Scott,320000.0,,157.0,,"[21, 286]","[21, 286, 15]",Creative Commons Attribution,9.0,[],Kenan Thompson
7472,792,13218.0,,Stage Theory (Beats vol. 3),17.0,Album,,C. Scott,320000.0,,150.0,,"[21, 286]","[21, 286, 15]",Creative Commons Attribution,10.0,[],Stage Theory
7473,793,13218.0,,Stage Theory (Beats vol. 3),17.0,Album,,C. Scott,320000.0,,163.0,,"[21, 286]","[21, 286, 15]",Creative Commons Attribution,11.0,[],Catch Feelings
7474,794,13218.0,,Stage Theory (Beats vol. 3),17.0,Album,,C. Scott,320000.0,,127.0,,"[21, 286]","[21, 286, 15]",Creative Commons Attribution,12.0,[],Don't Crush That Dwarf
7475,795,13218.0,,Stage Theory (Beats vol. 3),17.0,Album,,C. Scott,320000.0,,209.0,,"[21, 286]","[21, 286, 15]",Creative Commons Attribution,13.0,[],Knuckle Up
7476,796,13218.0,,Stage Theory (Beats vol. 3),17.0,Album,,C. Scott,320000.0,,183.0,,"[21, 286]","[21, 286, 15]",Creative Commons Attribution,14.0,[],Zuegma
7477,797,13218.0,,Stage Theory (Beats vol. 3),17.0,Album,,C. Scott,320000.0,,207.0,,"[21, 286]","[21, 286, 15]",Creative Commons Attribution,15.0,[],Enjoyable to Know
7478,798,13218.0,,Stage Theory (Beats vol. 3),17.0,Album,,C. Scott,320000.0,,153.0,,"[21, 286]","[21, 286, 15]",Creative Commons Attribution,16.0,[],Flagstaff
7479,799,13218.0,,Stage Theory (Beats vol. 3),17.0,Album,,C. Scott,320000.0,,195.0,,"[21, 286]","[21, 286, 15]",Creative Commons Attribution,17.0,[],Steak Fingers
7480,800,13010.0,,Entries,200.0,Album,,Aron Blue,192000.0,,49.0,,[],[],Creative Commons Attribution,0.0,"['music is a belief', 'chary', 'nishad', 'uju', 'ibiene', 'nazeem', 'deepu', 'maneet', 'azedine', 'mohammad']",Happy Birthday
7501,801,13010.0,,Entries,200.0,Album,,Gerbil Bliss,173850.0,,54.0,,[],[],Creative Commons Attribution,0.0,"['music is a belief', 'chary', 'nishad', 'uju', 'ibiene', 'nazeem', 'deepu', 'maneet', 'azedine', 'mohammad']",Jake's Kept a Rollin
7502,802,13010.0,,Entries,200.0,Album,,Beat von Stein,192000.0,,14.0,,[],[],Creative Commons Attribution,0.0,"['music is a belief', 'chary', 'nishad', 'uju', 'ibiene', 'nazeem', 'deepu', 'maneet', 'azedine', 'mohammad']",Happy Happy Happy Birthday
7503,803,13010.0,,Entries,200.0,Album,,Furchick,160000.0,,37.0,,[],[],Creative Commons Attribution,0.0,"['music is a belief', 'chary', 'nishad', 'uju', 'ibiene', 'nazeem', 'deepu', 'maneet', 'azedine', 'mohammad']",Hey hey birthday song
7509,804,13010.0,,Entries,200.0,Album,,Beat von Stein,192000.0,,14.0,,[],[],Creative Commons Attribution,0.0,"['music is a belief', 'chary', 'nishad', 'uju', 'ibiene', 'nazeem', 'deepu', 'maneet', 'azedine', 'mohammad']",Happy Birthday Thru Telephone
7517,805,13010.0,,Entries,200.0,Album,,Silence is full of birds,320000.0,,41.0,,[],[],Creative Commons Attribution,0.0,"['music is a belief', 'chary', 'nishad', 'uju', 'ibiene', 'nazeem', 'deepu', 'maneet', 'azedine', 'mohammad']",The Birthday Song
7519,806,13010.0,,Entries,200.0,Album,,Beat von Stein,192000.0,,14.0,,[],[],Creative Commons Attribution,0.0,"['music is a belief', 'chary', 'nishad', 'uju', 'ibiene', 'nazeem', 'deepu', 'maneet', 'azedine', 'mohammad']","Happy Birthday 2, Piano"
7520,807,13010.0,,Entries,200.0,Album,,Romie Stott,320000.0,,125.0,,[],[],Creative Commons Attribution,0.0,"['music is a belief', 'chary', 'nishad', 'uju', 'ibiene', 'nazeem', 'deepu', 'maneet', 'azedine', 'mohammad']",Birthday Song
7521,808,13010.0,,Entries,200.0,Album,,Technetium,192000.0,,18.0,,[],[],Creative Commons Attribution,0.0,"['music is a belief', 'chary', 'nishad', 'uju', 'ibiene', 'nazeem', 'deepu', 'maneet', 'azedine', 'mohammad']",Happy Birthday
7522,809,13010.0,,Entries,200.0,Album,,sorin urzica,56000.0,,39.0,,[],[],Creative Commons Attribution,0.0,"['music is a belief', 'chary', 'nishad', 'uju', 'ibiene', 'nazeem', 'deepu', 'maneet', 'azedine', 'mohammad']",Happy Birthday to You - Special Song
7541,810,13247.0,,Owl Time,11.0,Album,,Kellee Maize,192000.0,,191.0,Hip-Hop,[21],[21],Creative Commons Attribution,1.0,[],In Tune
7542,811,13247.0,,Owl Time,11.0,Album,,Kellee Maize,192000.0,,206.0,Hip-Hop,[21],[21],Creative Commons Attribution,2.0,[],2012
7543,812,13247.0,,Owl Time,11.0,Album,,Kellee Maize,192000.0,,203.0,Hip-Hop,[21],[21],Creative Commons Attribution,3.0,[],Owl Time
7544,813,13247.0,,Owl Time,11.0,Album,,Kellee Maize,192000.0,,210.0,Hip-Hop,[21],[21],Creative Commons Attribution,4.0,[],Flying Caterpillar
7545,814,13247.0,,Owl Time,11.0,Album,,Kellee Maize,192000.0,,167.0,Hip-Hop,[21],[21],Creative Commons Attribution,5.0,[],Explode
7546,815,13247.0,,Owl Time,11.0,Album,,Kellee Maize,192000.0,,170.0,Hip-Hop,[21],[21],Creative Commons Attribution,6.0,[],Nakturnal
7547,816,13247.0,,Owl Time,11.0,Album,,Kellee Maize,192000.0,,187.0,Hip-Hop,[21],[21],Creative Commons Attribution,7.0,[],Shake Dat
7548,817,13247.0,,Owl Time,11.0,Album,,Kellee Maize,192000.0,,311.0,Hip-Hop,[21],[21],Creative Commons Attribution,8.0,[],Tree Of Life
7549,818,13247.0,,Owl Time,11.0,Album,,Kellee Maize,192000.0,,184.0,Hip-Hop,[21],[21],Creative Commons Attribution,9.0,[],Listen
7550,819,13247.0,,Owl Time,11.0,Album,,Kellee Maize,192000.0,,279.0,Hip-Hop,[21],[21],Creative Commons Attribution,10.0,[],Peace Dream
7551,820,13247.0,,Owl Time,11.0,Album,,Kellee Maize,192000.0,,243.0,Hip-Hop,[21],[21],Creative Commons Attribution,11.0,[],Peaceburgh
7552,821,13248.0,,Aligned Archetype,22.0,Album,,Kellee Maize,160000.0,,26.0,Hip-Hop,"[21, 539]","[539, 21]",Creative Commons Attribution,1.0,[],Open Minded Medal (Intro)
7553,822,13248.0,,Aligned Archetype,22.0,Album,,Kellee Maize,160000.0,,261.0,Hip-Hop,"[21, 539]","[539, 21]",Creative Commons Attribution,2.0,[],Future (Remix)
7554,823,13248.0,,Aligned Archetype,22.0,Album,,Kellee Maize,160000.0,,299.0,Hip-Hop,"[21, 539]","[539, 21]",Creative Commons Attribution,3.0,[],Start None
7555,824,13248.0,,Aligned Archetype,22.0,Album,,Kellee Maize,160000.0,,277.0,Hip-Hop,"[21, 539]","[539, 21]",Creative Commons Attribution,4.0,[],Signs
7556,825,13248.0,,Aligned Archetype,22.0,Album,,Kellee Maize,160000.0,,218.0,Hip-Hop,"[21, 539]","[539, 21]",Creative Commons Attribution,5.0,[],Mothership
7557,826,13248.0,,Aligned Archetype,22.0,Album,,Kellee Maize,160000.0,,236.0,Hip-Hop,"[21, 539]","[539, 21]",Creative Commons Attribution,6.0,[],Godette
7558,827,13248.0,,Aligned Archetype,22.0,Album,,Kellee Maize,160000.0,,271.0,Hip-Hop,"[21, 539]","[539, 21]",Creative Commons Attribution,7.0,[],Say Watcha Want
7559,828,13248.0,,Aligned Archetype,22.0,Album,,Kellee Maize,160000.0,,258.0,Hip-Hop,"[21, 539]","[539, 21]",Creative Commons Attribution,8.0,[],City of Champions
7560,829,13248.0,,Aligned Archetype,22.0,Album,,Kellee Maize,160000.0,,189.0,Hip-Hop,"[21, 539]","[539, 21]",Creative Commons Attribution,9.0,[],Big Plans
7561,830,13248.0,,Aligned Archetype,22.0,Album,,Kellee Maize,160000.0,,270.0,Hip-Hop,"[21, 539]","[539, 21]",Creative Commons Attribution,10.0,[],Friday Night Flu (Remix)
7562,831,13248.0,,Aligned Archetype,22.0,Album,,Kellee Maize,160000.0,,278.0,Hip-Hop,"[21, 539]","[539, 21]",Creative Commons Attribution,11.0,[],Third Eye
7563,832,13248.0,,Aligned Archetype,22.0,Album,,Kellee Maize,160000.0,,313.0,Hip-Hop,"[21, 539]","[539, 21]",Creative Commons Attribution,12.0,[],Thought to Thing
7564,833,13248.0,,Aligned Archetype,22.0,Album,,Kellee Maize,160000.0,,225.0,Hip-Hop,"[21, 539]","[539, 21]",Creative Commons Attribution,13.0,[],Freakuency
7565,834,13248.0,,Aligned Archetype,22.0,Album,,Kellee Maize,160000.0,,255.0,Hip-Hop,"[21, 539]","[539, 21]",Creative Commons Attribution,14.0,[],Struggle (Remix)
7566,835,13248.0,,Aligned Archetype,22.0,Album,,Kellee Maize,160000.0,,260.0,Hip-Hop,"[21, 539]","[539, 21]",Creative Commons Attribution,15.0,[],Something Sacred
7567,836,13248.0,,Aligned Archetype,22.0,Album,,Kellee Maize,160000.0,,258.0,Hip-Hop,"[21, 539]","[539, 21]",Creative Commons Attribution,17.0,[],Pulse
7568,837,13248.0,,Aligned Archetype,22.0,Album,,Kellee Maize,160000.0,,224.0,Hip-Hop,"[21, 539]","[539, 21]",Creative Commons Attribution,18.0,[],Eleven 11
7569,838,13248.0,,Aligned Archetype,22.0,Album,,Kellee Maize,160000.0,,31.0,Hip-Hop,"[21, 539]","[539, 21]",Creative Commons Attribution,19.0,[],Thx Bobos
7570,839,13248.0,,Aligned Archetype,22.0,Album,,Kellee Maize,160000.0,,204.0,Hip-Hop,"[21, 539]","[539, 21]",Creative Commons Attribution,20.0,[],Big Plans (Remix)
7571,840,13248.0,,Aligned Archetype,22.0,Album,,Kellee Maize,160000.0,,17.0,Hip-Hop,"[21, 539]","[539, 21]",Creative Commons Attribution,21.0,[],Dedication
7572,841,13248.0,,Aligned Archetype,22.0,Album,,Kellee Maize,160000.0,,239.0,Hip-Hop,"[21, 539]","[539, 21]",Creative Commons Attribution,16.0,[],Evolution (Remix)
7573,842,13250.0,,Integration,17.0,Album,,Kellee Maize,192000.0,,100.0,Hip-Hop,[539],"[539, 21]",Creative Commons Attribution,1.0,[],Healing Tones
7574,843,13250.0,,Integration,17.0,Album,,Kellee Maize,192000.0,,185.0,Hip-Hop,[539],"[539, 21]",Creative Commons Attribution,2.0,[],Mad Humans
7575,844,13250.0,,Integration,17.0,Album,,Kellee Maize,192000.0,,273.0,Hip-Hop,[539],"[539, 21]",Creative Commons Attribution,3.0,[],Hasta Abajo
7576,845,13250.0,,Integration,17.0,Album,,Kellee Maize,192000.0,,238.0,Hip-Hop,[539],"[539, 21]",Creative Commons Attribution,4.0,[],Takeover
7577,846,13250.0,,Integration,17.0,Album,,Kellee Maize,192000.0,,303.0,Hip-Hop,[539],"[539, 21]",Creative Commons Attribution,5.0,[],The Fact Is
7578,847,13250.0,,Integration,17.0,Album,,Kellee Maize,192000.0,,211.0,Hip-Hop,[539],"[539, 21]",Creative Commons Attribution,6.0,[],Trapped
7579,848,13250.0,,Integration,17.0,Album,,Kellee Maize,192000.0,,208.0,Hip-Hop,[539],"[539, 21]",Creative Commons Attribution,7.0,[],Don't Stop
7580,849,13250.0,,Integration,17.0,Album,,Kellee Maize,192000.0,,265.0,Hip-Hop,[539],"[539, 21]",Creative Commons Attribution,9.0,[],La La Love
7581,850,13250.0,,Integration,17.0,Album,,Kellee Maize,192000.0,,224.0,Hip-Hop,[539],"[539, 21]",Creative Commons Attribution,10.0,[],Catch Me
7582,851,13250.0,,Integration,17.0,Album,,Kellee Maize,192000.0,,223.0,Hip-Hop,[539],"[539, 21]",Creative Commons Attribution,11.0,[],Divine
7583,852,13250.0,,Integration,17.0,Album,,Kellee Maize,192000.0,,252.0,Hip-Hop,[539],"[539, 21]",Creative Commons Attribution,12.0,[],Shadows
7584,853,13250.0,,Integration,17.0,Album,,Kellee Maize,192000.0,,280.0,Hip-Hop,[539],"[539, 21]",Creative Commons Attribution,13.0,[],Notice The End
7585,854,13250.0,,Integration,17.0,Album,,Kellee Maize,192000.0,,216.0,Hip-Hop,[539],"[539, 21]",Creative Commons Attribution,14.0,[],Revival
7586,855,13250.0,,Integration,17.0,Album,,Kellee Maize,192000.0,,236.0,Hip-Hop,[539],"[539, 21]",Creative Commons Attribution,15.0,[],Eleven 11 Remix
7587,856,13250.0,,Integration,17.0,Album,,Kellee Maize,192000.0,,216.0,Hip-Hop,[539],"[539, 21]",Creative Commons Attribution,16.0,[],L'Outro
7588,857,13250.0,,Integration,17.0,Album,,Kellee Maize,192000.0,,473.0,Hip-Hop,[539],"[539, 21]",Creative Commons Attribution,17.0,[],Gratitude
7589,858,13250.0,,Integration,17.0,Album,,Kellee Maize,192000.0,,104.0,Hip-Hop,[539],"[539, 21]",Creative Commons Attribution,18.0,[],Buffalo Meditation
7590,859,13010.0,,Entries,200.0,Album,,Tony Angeles,256000.0,,66.0,,[],[],Creative Commons Attribution,0.0,"['music is a belief', 'chary', 'nishad', 'uju', 'ibiene', 'nazeem', 'deepu', 'maneet', 'azedine', 'mohammad']",Today Is Your Birthday
7591,860,13010.0,,Entries,200.0,Album,,Sophie Frame,192000.0,,26.0,,[],[],Creative Commons Attribution,0.0,"['music is a belief', 'chary', 'nishad', 'uju', 'ibiene', 'nazeem', 'deepu', 'maneet', 'azedine', 'mohammad']",Give three cheers!
7592,861,13010.0,,Entries,200.0,Album,,Backyard Music,160000.0,,18.0,,[],[],Creative Commons Attribution,0.0,"['music is a belief', 'chary', 'nishad', 'uju', 'ibiene', 'nazeem', 'deepu', 'maneet', 'azedine', 'mohammad']",(Badumm Badumm) Happy Birthday to ya
7593,862,13010.0,,Entries,200.0,Album,,Backyard Music,160000.0,,18.0,,[],[],Creative Commons Attribution,0.0,"['music is a belief', 'chary', 'nishad', 'uju', 'ibiene', 'nazeem', 'deepu', 'maneet', 'azedine', 'mohammad']",(name) It's ya Birthday
7600,863,13010.0,,Entries,200.0,Album,,Kathleen Martin,256000.0,,27.0,,[],[],Creative Commons Attribution,0.0,"['music is a belief', 'chary', 'nishad', 'uju', 'ibiene', 'nazeem', 'deepu', 'maneet', 'azedine', 'mohammad']",Birthday Song
7601,864,13010.0,,Entries,200.0,Album,,Bobtown,128000.0,,54.0,,[],[],Creative Commons Attribution,0.0,"['music is a belief', 'chary', 'nishad', 'uju', 'ibiene', 'nazeem', 'deepu', 'maneet', 'azedine', 'mohammad']",Birthday Time
7602,865,13010.0,,Entries,200.0,Album,,Backyard Music,160000.0,,22.0,,[],[],Creative Commons Attribution,0.0,"['music is a belief', 'chary', 'nishad', 'uju', 'ibiene', 'nazeem', 'deepu', 'maneet', 'azedine', 'mohammad']",Happy Birthday is What We'll Say
7603,866,13010.0,,Entries,200.0,Album,,Backyard Music,160000.0,,20.0,,[],[],Creative Commons Attribution,0.0,"['music is a belief', 'chary', 'nishad', 'uju', 'ibiene', 'nazeem', 'deepu', 'maneet', 'azedine', 'mohammad']",Sing a Birthday Song
7604,867,13010.0,,Entries,200.0,Album,,Backyard Music,160000.0,,25.0,,[],[],Creative Commons Attribution,0.0,"['music is a belief', 'chary', 'nishad', 'uju', 'ibiene', 'nazeem', 'deepu', 'maneet', 'azedine', 'mohammad']",A Bright Happy Birthday
7605,868,13010.0,,Entries,200.0,Album,,Backyard Music,160000.0,,32.0,,[],[],Creative Commons Attribution,0.0,"['music is a belief', 'chary', 'nishad', 'uju', 'ibiene', 'nazeem', 'deepu', 'maneet', 'azedine', 'mohammad']",Birthday blues
7606,869,13010.0,,Entries,200.0,Album,,Backyard Music,160000.0,,20.0,,[],[],Creative Commons Attribution,0.0,"['music is a belief', 'chary', 'nishad', 'uju', 'ibiene', 'nazeem', 'deepu', 'maneet', 'azedine', 'mohammad']",Blow out the candles
7607,870,13010.0,,Entries,200.0,Album,,Backyard Music,160000.0,,19.0,,[],[],Creative Commons Attribution,0.0,"['music is a belief', 'chary', 'nishad', 'uju', 'ibiene', 'nazeem', 'deepu', 'maneet', 'azedine', 'mohammad']",Happy Happy Birthday
7608,871,13010.0,,Entries,200.0,Album,,Backyard Music,160000.0,,21.0,,[],[],Creative Commons Attribution,0.0,"['music is a belief', 'chary', 'nishad', 'uju', 'ibiene', 'nazeem', 'deepu', 'maneet', 'azedine', 'mohammad']",Happy Birthday (wash your blues away)
7609,872,13010.0,,Entries,200.0,Album,,Backyard Music,160000.0,,19.0,,[],[],Creative Commons Attribution,0.0,"['music is a belief', 'chary', 'nishad', 'uju', 'ibiene', 'nazeem', 'deepu', 'maneet', 'azedine', 'mohammad']",Happy Birthday to ya!
7610,873,13010.0,,Entries,200.0,Album,,William Masopust,256000.0,,19.0,,[],[],Creative Commons Attribution,0.0,"['music is a belief', 'chary', 'nishad', 'uju', 'ibiene', 'nazeem', 'deepu', 'maneet', 'azedine', 'mohammad']",Happy Birthday: From All of Us to You
7611,874,13010.0,,Entries,200.0,Album,,Rosanna Cantavella,192000.0,,31.0,,[],[],Creative Commons Attribution,0.0,"['music is a belief', 'chary', 'nishad', 'uju', 'ibiene', 'nazeem', 'deepu', 'maneet', 'azedine', 'mohammad']",Have a happy birthday
7612,875,13010.0,,Entries,200.0,Album,,b. Mossman,256000.0,,28.0,,[],[],Creative Commons Attribution,0.0,"['music is a belief', 'chary', 'nishad', 'uju', 'ibiene', 'nazeem', 'deepu', 'maneet', 'azedine', 'mohammad']",Hooray! It's Your Birthday!
7613,876,13010.0,,Entries,200.0,Album,,Black Lake,160000.0,,93.0,,[],[],Creative Commons Attribution,0.0,"['music is a belief', 'chary', 'nishad', 'uju', 'ibiene', 'nazeem', 'deepu', 'maneet', 'azedine', 'mohammad']",Happy Birthday Celebrate
7614,877,13010.0,,Entries,200.0,Album,,James Lam,256000.0,,26.0,,[],[],Creative Commons Attribution,0.0,"['music is a belief', 'chary', 'nishad', 'uju', 'ibiene', 'nazeem', 'deepu', 'maneet', 'azedine', 'mohammad']",Happy Birthday
7615,878,13010.0,,Entries,200.0,Album,,John  McMillan,256000.0,,32.0,,[],[],Creative Commons Attribution,0.0,"['music is a belief', 'chary', 'nishad', 'uju', 'ibiene', 'nazeem', 'deepu', 'maneet', 'azedine', 'mohammad']",Birthday Song 2008
7616,879,13010.0,,Entries,200.0,Album,,Marcel Pequel,256000.0,,61.0,,[],[],Creative Commons Attribution,0.0,"['music is a belief', 'chary', 'nishad', 'uju', 'ibiene', 'nazeem', 'deepu', 'maneet', 'azedine', 'mohammad']",Happy Birthday
7617,880,13285.0,,Age of Feminine,11.0,Album,,Kellee Maize,320000.0,,146.0,Hip-Hop,"[21, 539]","[539, 21]",Creative Commons Attribution,1.0,[],Winding Road
7618,881,13285.0,,Age of Feminine,11.0,Album,,Kellee Maize,320000.0,,265.0,Hip-Hop,"[21, 539]","[539, 21]",Creative Commons Attribution,2.0,[],Age of Feminine
7619,882,13285.0,,Age of Feminine,11.0,Album,,Kellee Maize,320000.0,,294.0,Hip-Hop,"[21, 539]","[539, 21]",Creative Commons Attribution,3.0,[],Story of Me
7620,883,13285.0,,Age of Feminine,11.0,Album,,Kellee Maize,320000.0,,179.0,Hip-Hop,"[21, 539]","[539, 21]",Creative Commons Attribution,4.0,[],Yesterday
7621,884,13285.0,,Age of Feminine,11.0,Album,,Kellee Maize,320000.0,,203.0,Hip-Hop,"[21, 539]","[539, 21]",Creative Commons Attribution,5.0,[],Raja
7622,885,13285.0,,Age of Feminine,11.0,Album,,Kellee Maize,320000.0,,252.0,Hip-Hop,"[21, 539]","[539, 21]",Creative Commons Attribution,6.0,[],Please Remember
7623,886,13285.0,,Age of Feminine,11.0,Album,,Kellee Maize,320000.0,,66.0,Hip-Hop,"[21, 539]","[539, 21]",Creative Commons Attribution,7.0,[],Hawk
7624,887,13285.0,,Age of Feminine,11.0,Album,,Kellee Maize,320000.0,,359.0,Hip-Hop,"[21, 539]","[539, 21]",Creative Commons Attribution,8.0,[],Internal Trouble
7625,888,13285.0,,Age of Feminine,11.0,Album,,Kellee Maize,320000.0,,48.0,Hip-Hop,"[21, 539]","[539, 21]",Creative Commons Attribution,9.0,[],Marchin
7626,889,13285.0,,Age of Feminine,11.0,Album,,Kellee Maize,320000.0,,274.0,Hip-Hop,"[21, 539]","[539, 21]",Creative Commons Attribution,10.0,[],Struggle
7627,890,13285.0,,Age of Feminine,11.0,Album,,Kellee Maize,320000.0,,67.0,Hip-Hop,"[21, 539]","[539, 21]",Creative Commons Attribution,11.0,[],412
7635,891,13010.0,,Entries,200.0,Album,,Kevin Lax,192000.0,,21.0,,[],[],Creative Commons Attribution,0.0,"['music is a belief', 'chary', 'nishad', 'uju', 'ibiene', 'nazeem', 'deepu', 'maneet', 'azedine', 'mohammad']",Happy Birthday
7636,892,13010.0,,Entries,200.0,Album,,Tad Trier,192000.0,,14.0,,[],[],Creative Commons Attribution,0.0,"['music is a belief', 'chary', 'nishad', 'uju', 'ibiene', 'nazeem', 'deepu', 'maneet', 'azedine', 'mohammad']",Birthday Times 3
7637,893,13010.0,,Entries,200.0,Album,,Eric Rogers,256000.0,,33.0,,[],[],Creative Commons Attribution,0.0,"['music is a belief', 'chary', 'nishad', 'uju', 'ibiene', 'nazeem', 'deepu', 'maneet', 'azedine', 'mohammad']",Happy Birthday
7638,894,13010.0,,Entries,200.0,Album,,Phillip Allan,320000.0,,57.0,,[],[],Creative Commons Attribution,0.0,"['music is a belief', 'chary', 'nishad', 'uju', 'ibiene', 'nazeem', 'deepu', 'maneet', 'azedine', 'mohammad']",Your Best Birthday
7639,895,13010.0,,Entries,200.0,Album,,Blue Monkey Music,256000.0,,39.0,,[],[],Creative Commons Attribution,0.0,"['music is a belief', 'chary', 'nishad', 'uju', 'ibiene', 'nazeem', 'deepu', 'maneet', 'azedine', 'mohammad']",Happy Birthday
7640,896,13010.0,,Entries,200.0,Album,,lightning,128000.0,,32.0,,[],[],Creative Commons Attribution,0.0,"['music is a belief', 'chary', 'nishad', 'uju', 'ibiene', 'nazeem', 'deepu', 'maneet', 'azedine', 'mohammad']",Happy Birthday
7641,897,13010.0,,Entries,200.0,Album,,Dynamic Lethargy,128000.0,,11.0,,[],[],Creative Commons Attribution,0.0,"['music is a belief', 'chary', 'nishad', 'uju', 'ibiene', 'nazeem', 'deepu', 'maneet', 'azedine', 'mohammad']",Happy Birthday
7642,898,13010.0,,Entries,200.0,Album,,Iron Curtain,320000.0,,10.0,,[],[],Creative Commons Attribution,0.0,"['music is a belief', 'chary', 'nishad', 'uju', 'ibiene', 'nazeem', 'deepu', 'maneet', 'azedine', 'mohammad']",The PD Happy Birthday Song
7643,899,13303.0,,Give Me a Beat,13.0,Album,,Tricky Diesel,192000.0,,177.0,Hip-Hop,"[21, 811]","[811, 21]",Creative Commons Attribution,1.0,"['tricky diesel', 'hip hop', 'hip hop beats', 'beats']",Don't You Worry
7644,900,13303.0,,Give Me a Beat,13.0,Album,,Tricky Diesel,192000.0,,207.0,Hip-Hop,"[21, 811]","[811, 21]",Creative Commons Attribution,2.0,"['tricky diesel', 'hip hop', 'hip hop beats', 'beats']",Heat
7645,901,13303.0,,Give Me a Beat,13.0,Album,,Tricky Diesel,192000.0,,166.0,Hip-Hop,"[21, 811]","[811, 21]",Creative Commons Attribution,3.0,"['tricky diesel', 'hip hop', 'hip hop beats', 'beats']",Bullit
7646,902,13303.0,,Give Me a Beat,13.0,Album,,Tricky Diesel,192000.0,,166.0,Hip-Hop,"[21, 811]","[811, 21]",Creative Commons Attribution,4.0,"['tricky diesel', 'hip hop', 'hip hop beats', 'beats']",Yup
7647,903,13303.0,,Give Me a Beat,13.0,Album,,Tricky Diesel,192000.0,,240.0,Hip-Hop,"[21, 811]","[811, 21]",Creative Commons Attribution,5.0,"['tricky diesel', 'hip hop', 'hip hop beats', 'beats']",Dark Kingdom
7648,904,13303.0,,Give Me a Beat,13.0,Album,,Tricky Diesel,192000.0,,83.0,Hip-Hop,"[21, 811]","[811, 21]",Creative Commons Attribution,6.0,"['tricky diesel', 'hip hop', 'hip hop beats', 'beats']",Freestyle Joint
7649,905,13303.0,,Give Me a Beat,13.0,Album,,Tricky Diesel,192000.0,,142.0,Hip-Hop,"[21, 811]","[811, 21]",Creative Commons Attribution,7.0,"['tricky diesel', 'hip hop', 'hip hop beats', 'beats']",King of the Streets
7650,906,13303.0,,Give Me a Beat,13.0,Album,,Tricky Diesel,192000.0,,203.0,Hip-Hop,"[21, 811]","[811, 21]",Creative Commons Attribution,8.0,"['tricky diesel', 'hip hop', 'hip hop beats', 'beats']",World of Concrete
7651,907,13303.0,,Give Me a Beat,13.0,Album,,Tricky Diesel,192000.0,,122.0,Hip-Hop,"[21, 811]","[811, 21]",Creative Commons Attribution,9.0,"['tricky diesel', 'hip hop', 'hip hop beats', 'beats']",My Love
7652,908,13303.0,,Give Me a Beat,13.0,Album,,Tricky Diesel,192000.0,,166.0,Hip-Hop,"[21, 811]","[811, 21]",Creative Commons Attribution,11.0,"['tricky diesel', 'hip hop', 'hip hop beats', 'beats']",Still Balling
7653,909,13303.0,,Give Me a Beat,13.0,Album,,Tricky Diesel,192000.0,,207.0,Hip-Hop,"[21, 811]","[811, 21]",Creative Commons Attribution,12.0,"['tricky diesel', 'hip hop', 'hip hop beats', 'beats']",Trying to Understand
7654,910,13303.0,,Give Me a Beat,13.0,Album,,Tricky Diesel,192000.0,,133.0,Hip-Hop,"[21, 811]","[811, 21]",Creative Commons Attribution,13.0,"['tricky diesel', 'hip hop', 'hip hop beats', 'beats']",So Much Pain
7655,911,13010.0,,Entries,200.0,Album,,Steven Senderak,256000.0,,48.0,,[],[],Creative Commons Attribution,0.0,"['music is a belief', 'chary', 'nishad', 'uju', 'ibiene', 'nazeem', 'deepu', 'maneet', 'azedine', 'mohammad']",Birthday Wish
7656,912,13010.0,,Entries,200.0,Album,,gladioli ravioli,128000.0,,32.0,,[],[],Creative Commons Attribution,0.0,"['music is a belief', 'chary', 'nishad', 'uju', 'ibiene', 'nazeem', 'deepu', 'maneet', 'azedine', 'mohammad']",h-a-p-p-y-b-i-r-t-h-d-a-y-t-o-y-o-u
7657,913,13010.0,,Entries,200.0,Album,,Angelika Fischer with friends,128000.0,,135.0,,[],[],Creative Commons Attribution,0.0,"['music is a belief', 'chary', 'nishad', 'uju', 'ibiene', 'nazeem', 'deepu', 'maneet', 'azedine', 'mohammad']",Happy-Birthday-Song
7658,914,13010.0,,Entries,200.0,Album,,Milol Shapiro,64000.0,,33.0,,[],[],Creative Commons Attribution,0.0,"['music is a belief', 'chary', 'nishad', 'uju', 'ibiene', 'nazeem', 'deepu', 'maneet', 'azedine', 'mohammad']",happy happy happy birthday song
7659,915,13010.0,,Entries,200.0,Album,,James Cobb,256000.0,,21.0,,[],[],Creative Commons Attribution,0.0,"['music is a belief', 'chary', 'nishad', 'uju', 'ibiene', 'nazeem', 'deepu', 'maneet', 'azedine', 'mohammad']",The Birthday Song
7660,916,13010.0,,Entries,200.0,Album,,Garip mansurogluroglu,128000.0,,14.0,,[],[],Creative Commons Attribution,0.0,"['music is a belief', 'chary', 'nishad', 'uju', 'ibiene', 'nazeem', 'deepu', 'maneet', 'azedine', 'mohammad']",happy birthday
7661,917,13010.0,,Entries,200.0,Album,,Daniel C. Smith,320000.0,,85.0,,[],[],Creative Commons Attribution,0.0,"['music is a belief', 'chary', 'nishad', 'uju', 'ibiene', 'nazeem', 'deepu', 'maneet', 'azedine', 'mohammad']",Hey Hey Hey Happy Birthday
7662,918,13010.0,,Entries,200.0,Album,,Porageater,128000.0,,15.0,,[],[],Creative Commons Attribution,0.0,"['music is a belief', 'chary', 'nishad', 'uju', 'ibiene', 'nazeem', 'deepu', 'maneet', 'azedine', 'mohammad']",Happy Birthday
7663,919,13010.0,,Entries,200.0,Album,,Todd McHatton,128000.0,,26.0,,[],[],Creative Commons Attribution,0.0,"['music is a belief', 'chary', 'nishad', 'uju', 'ibiene', 'nazeem', 'deepu', 'maneet', 'azedine', 'mohammad']",It's Your Birthday
7664,920,13010.0,,Entries,200.0,Album,,Kiai,256000.0,,112.0,,[],[],Creative Commons Attribution,0.0,"['music is a belief', 'chary', 'nishad', 'uju', 'ibiene', 'nazeem', 'deepu', 'maneet', 'azedine', 'mohammad']",Happy Birthday
7665,921,13010.0,,Entries,200.0,Album,,Rachel and Jon Galloway,128000.0,,27.0,,[],[],Creative Commons Attribution,0.0,"['music is a belief', 'chary', 'nishad', 'uju', 'ibiene', 'nazeem', 'deepu', 'maneet', 'azedine', 'mohammad']",Happy Birthday Day
7666,922,13010.0,,Entries,200.0,Album,,Pützer,256000.0,,23.0,,[],[],Creative Commons Attribution,0.0,"['music is a belief', 'chary', 'nishad', 'uju', 'ibiene', 'nazeem', 'deepu', 'maneet', 'azedine', 'mohammad']",Your Birthday
7667,923,13010.0,,Entries,200.0,Album,,arif usmani,128000.0,,43.0,,[],[],Creative Commons Attribution,0.0,"['music is a belief', 'chary', 'nishad', 'uju', 'ibiene', 'nazeem', 'deepu', 'maneet', 'azedine', 'mohammad']",hap hap happy birthday
7668,924,13010.0,,Entries,200.0,Album,,B2B,40000.0,,59.0,,[],[],Creative Commons Attribution,0.0,"['music is a belief', 'chary', 'nishad', 'uju', 'ibiene', 'nazeem', 'deepu', 'maneet', 'azedine', 'mohammad']",It's a Very Happy Birthday to You (3 variations for different occasions)
7669,925,13010.0,,Entries,200.0,Album,,B2B,40000.0,,156.0,,[],[],Creative Commons Attribution,0.0,"['music is a belief', 'chary', 'nishad', 'uju', 'ibiene', 'nazeem', 'deepu', 'maneet', 'azedine', 'mohammad']","Happy, Happy Birthday - to you (4 variations for different occasions)"
7670,926,13010.0,,Entries,200.0,Album,,LISA MAJERSKY,160000.0,,44.0,,[],[],Creative Commons Attribution,0.0,"['music is a belief', 'chary', 'nishad', 'uju', 'ibiene', 'nazeem', 'deepu', 'maneet', 'azedine', 'mohammad']",YOUR WELCOME-TO-EARTH DAY
7671,927,13010.0,,Entries,200.0,Album,,The Mostly Bad Virus,256000.0,,67.0,,[],[],Creative Commons Attribution,0.0,"['music is a belief', 'chary', 'nishad', 'uju', 'ibiene', 'nazeem', 'deepu', 'maneet', 'azedine', 'mohammad']",Swine Flu Birthday
7672,928,13010.0,,Entries,200.0,Album,,Folifola,192000.0,,24.0,,[],[],Creative Commons Attribution,0.0,"['music is a belief', 'chary', 'nishad', 'uju', 'ibiene', 'nazeem', 'deepu', 'maneet', 'azedine', 'mohammad']",It's Your Day-SP
7673,929,13010.0,,Entries,200.0,Album,,Folifola,192000.0,,44.0,,[],[],Creative Commons Attribution,0.0,"['music is a belief', 'chary', 'nishad', 'uju', 'ibiene', 'nazeem', 'deepu', 'maneet', 'azedine', 'mohammad']",It's Your Day (Personalized)
7674,930,13010.0,,Entries,200.0,Album,,TEEN STEAM,128000.0,,74.0,,[],[],Creative Commons Attribution,0.0,"['music is a belief', 'chary', 'nishad', 'uju', 'ibiene', 'nazeem', 'deepu', 'maneet', 'azedine', 'mohammad']",Hope You Have A Powerful Birthday
7675,931,13010.0,,Entries,200.0,Album,,Filip Hnízdo,192000.0,,26.0,,[],[],Creative Commons Attribution,0.0,"['music is a belief', 'chary', 'nishad', 'uju', 'ibiene', 'nazeem', 'deepu', 'maneet', 'azedine', 'mohammad']","Endless (space)time birthday Song (as sung for Philippa Warr at the Red Lion pub on Kingly Street, London)"
7681,932,13010.0,,Entries,200.0,Album,,EJGreenberg,160000.0,,46.0,,[],[],Creative Commons Attribution,0.0,"['music is a belief', 'chary', 'nishad', 'uju', 'ibiene', 'nazeem', 'deepu', 'maneet', 'azedine', 'mohammad']",birthday birthday
7682,933,13010.0,,Entries,200.0,Album,,Chris Trapper,192000.0,,278.0,,[],[],Creative Commons Attribution,0.0,"['music is a belief', 'chary', 'nishad', 'uju', 'ibiene', 'nazeem', 'deepu', 'maneet', 'azedine', 'mohammad']",Birthday Song
7683,934,13010.0,,Entries,200.0,Album,,Gwen & Elyse Kapusinski,160000.0,,29.0,,[],[],Creative Commons Attribution,0.0,"['music is a belief', 'chary', 'nishad', 'uju', 'ibiene', 'nazeem', 'deepu', 'maneet', 'azedine', 'mohammad']","Happy Birthday, Make a Wish"
7684,935,13010.0,,Entries,200.0,Album,,Dana Cullican,128000.0,,16.0,,[],[],Creative Commons Attribution,0.0,"['music is a belief', 'chary', 'nishad', 'uju', 'ibiene', 'nazeem', 'deepu', 'maneet', 'azedine', 'mohammad']",Happy Birthday
7685,936,13010.0,,Entries,200.0,Album,,Jeremy Harley,128000.0,,59.0,,[],[],Creative Commons Attribution,0.0,"['music is a belief', 'chary', 'nishad', 'uju', 'ibiene', 'nazeem', 'deepu', 'maneet', 'azedine', 'mohammad']",Your Birth Day
7686,937,13010.0,,Entries,200.0,Album,,Joe Milutis,96000.0,,36.0,,[],[],Creative Commons Attribution,0.0,"['music is a belief', 'chary', 'nishad', 'uju', 'ibiene', 'nazeem', 'deepu', 'maneet', 'azedine', 'mohammad']",Birthday Song
7687,938,13010.0,,Entries,200.0,Album,,Ali Sternburg,128000.0,,16.0,,[],[],Creative Commons Attribution,0.0,"['music is a belief', 'chary', 'nishad', 'uju', 'ibiene', 'nazeem', 'deepu', 'maneet', 'azedine', 'mohammad']",So Glad You're On This Earth
7688,939,13010.0,,Entries,200.0,Album,,Ali Sternburg,128000.0,,25.0,,[],[],Creative Commons Attribution,0.0,"['music is a belief', 'chary', 'nishad', 'uju', 'ibiene', 'nazeem', 'deepu', 'maneet', 'azedine', 'mohammad']",Your Birthday
7689,940,13010.0,,Entries,200.0,Album,,Matthew Florence,64000.0,,15.0,,[],[],Creative Commons Attribution,0.0,"['music is a belief', 'chary', 'nishad', 'uju', 'ibiene', 'nazeem', 'deepu', 'maneet', 'azedine', 'mohammad']",Celebrate Your Birthday!
7690,941,13010.0,,Entries,200.0,Album,Sleeping Horse Records,Richard There,256000.0,,41.0,,[],[],Creative Commons Attribution,0.0,"['music is a belief', 'chary', 'nishad', 'uju', 'ibiene', 'nazeem', 'deepu', 'maneet', 'azedine', 'mohammad']",Keep Going
7691,942,13010.0,,Entries,200.0,Album,,Jazzy J,160000.0,,22.0,,[],[],Creative Commons Attribution,0.0,"['music is a belief', 'chary', 'nishad', 'uju', 'ibiene', 'nazeem', 'deepu', 'maneet', 'azedine', 'mohammad']",It's a Great Day
7692,943,13010.0,,Entries,200.0,Album,,Jazzy J,160000.0,,22.0,,[],[],Creative Commons Attribution,0.0,"['music is a belief', 'chary', 'nishad', 'uju', 'ibiene', 'nazeem', 'deepu', 'maneet', 'azedine', 'mohammad']",Another Year Older
7693,944,13010.0,,Entries,200.0,Album,,Jazzy J,160000.0,,28.0,,[],[],Creative Commons Attribution,0.0,"['music is a belief', 'chary', 'nishad', 'uju', 'ibiene', 'nazeem', 'deepu', 'maneet', 'azedine', 'mohammad']",Congratulations to You
7694,945,13010.0,,Entries,200.0,Album,,Jazzy J,160000.0,,33.0,,[],[],Creative Commons Attribution,0.0,"['music is a belief', 'chary', 'nishad', 'uju', 'ibiene', 'nazeem', 'deepu', 'maneet', 'azedine', 'mohammad']",Make a Wish
7695,946,13010.0,,Entries,200.0,Album,,Rusu Mihai,320000.0,,59.0,,[],[],Creative Commons Attribution,0.0,"['music is a belief', 'chary', 'nishad', 'uju', 'ibiene', 'nazeem', 'deepu', 'maneet', 'azedine', 'mohammad']",Universal Happy Birthday
7696,947,13010.0,,Entries,200.0,Album,,Shoplifted Gifts,320000.0,,40.0,,[],[],Creative Commons Attribution,0.0,"['music is a belief', 'chary', 'nishad', 'uju', 'ibiene', 'nazeem', 'deepu', 'maneet', 'azedine', 'mohammad']",Happy Birthday
7697,948,13010.0,,Entries,200.0,Album,,"Chaffeur, Johnson, Azekawa",128000.0,,29.0,,[],[],Creative Commons Attribution,0.0,"['music is a belief', 'chary', 'nishad', 'uju', 'ibiene', 'nazeem', 'deepu', 'maneet', 'azedine', 'mohammad']",AnniBirthday
7698,949,13010.0,,Entries,200.0,Album,,Tomcat Murr,320000.0,,37.0,,[],[],Creative Commons Attribution,0.0,"['music is a belief', 'chary', 'nishad', 'uju', 'ibiene', 'nazeem', 'deepu', 'maneet', 'azedine', 'mohammad']",On Your Birthday
7699,950,13010.0,,Entries,200.0,Album,,Daiske,128000.0,,167.0,,[],[],Creative Commons Attribution,0.0,"['music is a belief', 'chary', 'nishad', 'uju', 'ibiene', 'nazeem', 'deepu', 'maneet', 'azedine', 'mohammad']",Hey Daddy
7700,951,13010.0,,Entries,200.0,Album,,Rodger Raino,256000.0,,137.0,,[],[],Creative Commons Attribution,0.0,"['music is a belief', 'chary', 'nishad', 'uju', 'ibiene', 'nazeem', 'deepu', 'maneet', 'azedine', 'mohammad']",Happy Happy Happy Birthday
7701,952,13010.0,,Entries,200.0,Album,,Allen Riley and Fran Agnone,192000.0,,67.0,,[],[],Creative Commons Attribution,0.0,"['music is a belief', 'chary', 'nishad', 'uju', 'ibiene', 'nazeem', 'deepu', 'maneet', 'azedine', 'mohammad']",Let The Truth Be Told (Group Version)
7702,953,13010.0,,Entries,200.0,Album,,Cody Goss,128000.0,,13.0,,[],[],Creative Commons Attribution,0.0,"['music is a belief', 'chary', 'nishad', 'uju', 'ibiene', 'nazeem', 'deepu', 'maneet', 'azedine', 'mohammad']",JessicaBD
7703,954,13010.0,,Entries,200.0,Album,,Allen Riley and Fran Agnone,192000.0,,54.0,,[],[],Creative Commons Attribution,0.0,"['music is a belief', 'chary', 'nishad', 'uju', 'ibiene', 'nazeem', 'deepu', 'maneet', 'azedine', 'mohammad']",Let The Truth Be Told (Individual Version)
7704,955,13010.0,,Entries,200.0,Album,,Mark Humble,128000.0,,24.0,,[],[],Creative Commons Attribution,0.0,"['music is a belief', 'chary', 'nishad', 'uju', 'ibiene', 'nazeem', 'deepu', 'maneet', 'azedine', 'mohammad']",Free Happy Birthday
7705,956,13010.0,,Entries,200.0,Album,,Mark Humble,128000.0,,17.0,,[],[],Creative Commons Attribution,0.0,"['music is a belief', 'chary', 'nishad', 'uju', 'ibiene', 'nazeem', 'deepu', 'maneet', 'azedine', 'mohammad']",Free Happy Birthday a capella
7706,957,13010.0,,Entries,200.0,Album,,Jessie Aughey,128000.0,,29.0,,[],[],Creative Commons Attribution,0.0,"['music is a belief', 'chary', 'nishad', 'uju', 'ibiene', 'nazeem', 'deepu', 'maneet', 'azedine', 'mohammad']",Maralie
7707,958,13010.0,,Entries,200.0,Album,,Turtle Recall,128000.0,,51.0,,[],[],Creative Commons Attribution,0.0,"['music is a belief', 'chary', 'nishad', 'uju', 'ibiene', 'nazeem', 'deepu', 'maneet', 'azedine', 'mohammad']",It's your birthday
7708,959,13010.0,,Entries,200.0,Album,,A. Jones/OBF,128000.0,,29.0,,[],[],Creative Commons Attribution,0.0,"['music is a belief', 'chary', 'nishad', 'uju', 'ibiene', 'nazeem', 'deepu', 'maneet', 'azedine', 'mohammad']",Born on this Day
7709,960,13010.0,,Entries,200.0,Album,,Susan and Amy,160000.0,,17.0,,[],[],Creative Commons Attribution,0.0,"['music is a belief', 'chary', 'nishad', 'uju', 'ibiene', 'nazeem', 'deepu', 'maneet', 'azedine', 'mohammad']",Birthday Song
7710,961,13010.0,,Entries,200.0,Album,,Mr Man,256000.0,,21.0,,[],[],Creative Commons Attribution,0.0,"['music is a belief', 'chary', 'nishad', 'uju', 'ibiene', 'nazeem', 'deepu', 'maneet', 'azedine', 'mohammad']",happy.bithday.mr.man
7711,962,13010.0,,Entries,200.0,Album,Antenna Farm Records,The Blank Tapes,256000.0,,52.0,,[],[],Creative Commons Attribution,3.0,"['music is a belief', 'chary', 'nishad', 'uju', 'ibiene', 'nazeem', 'deepu', 'maneet', 'azedine', 'mohammad']",It's Your Birthday!
7712,963,13010.0,,Entries,200.0,Album,,Heather S. Roe & Daniel Padgett,256000.0,,16.0,,[],[],Creative Commons Attribution,0.0,"['music is a belief', 'chary', 'nishad', 'uju', 'ibiene', 'nazeem', 'deepu', 'maneet', 'azedine', 'mohammad']",Birthday Get-Up
7713,964,13010.0,,Entries,200.0,Album,,Heather S. Roe & Daniel Padgett,256000.0,,17.0,,[],[],Creative Commons Attribution,0.0,"['music is a belief', 'chary', 'nishad', 'uju', 'ibiene', 'nazeem', 'deepu', 'maneet', 'azedine', 'mohammad']",Birthday Glory (Inspired by The Battle Hymn of the Republic)
7714,965,13010.0,,Entries,200.0,Album,,Abby and Chris,172969.0,,25.0,,[],[],Creative Commons Attribution,0.0,"['music is a belief', 'chary', 'nishad', 'uju', 'ibiene', 'nazeem', 'deepu', 'maneet', 'azedine', 'mohammad']",Happy Birthday Now
7715,966,13010.0,,Entries,200.0,Album,,Heather S. Roe & Daniel Padgett,256000.0,,15.0,,[],[],Creative Commons Attribution,0.0,"['music is a belief', 'chary', 'nishad', 'uju', 'ibiene', 'nazeem', 'deepu', 'maneet', 'azedine', 'mohammad']",Birthday Wishes
7716,967,13010.0,,Entries,200.0,Album,,Heather S. Roe & Daniel Padgett,256000.0,,19.0,,[],[],Creative Commons Attribution,0.0,"['music is a belief', 'chary', 'nishad', 'uju', 'ibiene', 'nazeem', 'deepu', 'maneet', 'azedine', 'mohammad']",Faerie Birthday Wish
7717,968,13010.0,,Entries,200.0,Album,,Michael Lynch,256000.0,,38.0,,[],[],Creative Commons Attribution,0.0,"['music is a belief', 'chary', 'nishad', 'uju', 'ibiene', 'nazeem', 'deepu', 'maneet', 'azedine', 'mohammad']",Happy And Wonderful Birthday To (Name Goes Here)
7718,969,13010.0,,Entries,200.0,Album,,Jeffrey Moore,320000.0,,13.0,,[],[],Creative Commons Attribution,0.0,"['music is a belief', 'chary', 'nishad', 'uju', 'ibiene', 'nazeem', 'deepu', 'maneet', 'azedine', 'mohammad']",Happy happy happy happy birthday!
7719,970,13010.0,,Entries,200.0,Album,,Rylie Adams,256000.0,,113.0,,[],[],Creative Commons Attribution,0.0,"['music is a belief', 'chary', 'nishad', 'uju', 'ibiene', 'nazeem', 'deepu', 'maneet', 'azedine', 'mohammad']",Day to Shine
7720,971,13010.0,,Entries,200.0,Album,,jonah's dadtist,128000.0,,57.0,,[],[],Creative Commons Attribution,0.0,"['music is a belief', 'chary', 'nishad', 'uju', 'ibiene', 'nazeem', 'deepu', 'maneet', 'azedine', 'mohammad']",jonah's song
7721,972,13010.0,,Entries,200.0,Album,,norunning,256000.0,,62.0,,[],[],Creative Commons Attribution,0.0,"['music is a belief', 'chary', 'nishad', 'uju', 'ibiene', 'nazeem', 'deepu', 'maneet', 'azedine', 'mohammad']",Happy Birthday Round
7730,973,13010.0,,Entries,200.0,Album,,Lawrence Garfield,192000.0,,52.0,,[],[],Creative Commons Attribution,0.0,"['music is a belief', 'chary', 'nishad', 'uju', 'ibiene', 'nazeem', 'deepu', 'maneet', 'azedine', 'mohammad']",Birthday Chimes Version 2 - Beers
7731,974,13010.0,,Entries,200.0,Album,,Lawrence Garfield,192000.0,,39.0,,[],[],Creative Commons Attribution,0.0,"['music is a belief', 'chary', 'nishad', 'uju', 'ibiene', 'nazeem', 'deepu', 'maneet', 'azedine', 'mohammad']",Birthday Chimes Version 1 - Years
7734,975,13010.0,,Entries,200.0,Album,,The Danimals,128000.0,,66.0,,[],[],Creative Commons Attribution,0.0,"['music is a belief', 'chary', 'nishad', 'uju', 'ibiene', 'nazeem', 'deepu', 'maneet', 'azedine', 'mohammad']",Happy FN Birthday
7735,976,13010.0,,Entries,200.0,Album,,The Danimals,160000.0,,61.0,,[],[],Creative Commons Attribution,0.0,"['music is a belief', 'chary', 'nishad', 'uju', 'ibiene', 'nazeem', 'deepu', 'maneet', 'azedine', 'mohammad']",Super Psyched Birthday Crew
7822,977,13010.0,,Entries,200.0,Album,,Monk Turner + Fascinoma,256000.0,,36.0,,[],[],Creative Commons Attribution,6.0,"['music is a belief', 'chary', 'nishad', 'uju', 'ibiene', 'nazeem', 'deepu', 'maneet', 'azedine', 'mohammad']","Piano Version, in C"
7823,978,13010.0,,Entries,200.0,Album,,Monk Turner + Fascinoma,256000.0,,36.0,,[],[],Creative Commons Attribution,5.0,"['music is a belief', 'chary', 'nishad', 'uju', 'ibiene', 'nazeem', 'deepu', 'maneet', 'azedine', 'mohammad']","Piano Version, in B"
7824,979,13010.0,,Entries,200.0,Album,,Monk Turner + Fascinoma,256000.0,,36.0,,[],[],Creative Commons Attribution,4.0,"['music is a belief', 'chary', 'nishad', 'uju', 'ibiene', 'nazeem', 'deepu', 'maneet', 'azedine', 'mohammad']",It's Your Birthday! (Instrumental Version)
7916,980,13728.0,,Vol. I Self Obsessed Cover,7.0,Album,,Sans Nom,320000.0,,131.0,,"[38, 66, 359]","[66, 12, 38, 359]",Creative Commons Attribution,3.0,"['indie', 'alternative pop', 'exprerimental', 'shoegaze']",Jolene (By Dolly Parton)
7917,981,13728.0,,Vol. I Self Obsessed Cover,7.0,Album,,Sans Nom,320000.0,,303.0,,"[38, 66, 359]","[66, 12, 38, 359]",Creative Commons Attribution,2.0,"['indie', 'alternative pop', 'exprerimental', 'shoegaze']",Think Mcfly
7918,982,13728.0,,Vol. I Self Obsessed Cover,7.0,Album,,Sans Nom,320000.0,,100.0,,"[38, 66, 359]","[66, 12, 38, 359]",Creative Commons Attribution,1.0,"['indie', 'alternative pop', 'exprerimental', 'shoegaze']",Borders
7919,983,13728.0,,Vol. I Self Obsessed Cover,7.0,Album,,Sans Nom,320000.0,,189.0,,"[38, 66, 359]","[66, 12, 38, 359]",Creative Commons Attribution,5.0,"['indie', 'alternative pop', 'exprerimental', 'shoegaze']",Self Obsessed
7920,984,13728.0,,Vol. I Self Obsessed Cover,7.0,Album,,Sans Nom,320000.0,,116.0,,"[38, 66, 359]","[66, 12, 38, 359]",Creative Commons Attribution,4.0,"['indie', 'alternative pop', 'exprerimental', 'shoegaze']",Tongue in Cheek
7967,985,13803.0,,"O Great Queen Electric, What Do You Have Waiting for Me?",-1.0,,,lo-fi is sci-fi,320000.0,,25.0,,"[12, 27, 103]","[17, 27, 12, 103]",Creative Commons Attribution,1.0,"['lo-fi', 'bedroom', 'singer-songwriter', 'piano', 'acoustic', 'rock']",Time Life
7968,986,13803.0,,"O Great Queen Electric, What Do You Have Waiting for Me?",-1.0,,,lo-fi is sci-fi,320000.0,,244.0,,"[12, 27, 103]","[17, 27, 12, 103]",Creative Commons Attribution,2.0,"['lo-fi', 'bedroom', 'singer-songwriter', 'piano', 'acoustic', 'rock']",I Can Be Your Love
7969,987,13803.0,,"O Great Queen Electric, What Do You Have Waiting for Me?",-1.0,,,lo-fi is sci-fi,320000.0,,354.0,,"[12, 27, 103]","[17, 27, 12, 103]",Creative Commons Attribution,3.0,"['lo-fi', 'bedroom', 'singer-songwriter', 'piano', 'acoustic', 'rock']",We Start the Cure in Paris
7970,988,13803.0,,"O Great Queen Electric, What Do You Have Waiting for Me?",-1.0,,,lo-fi is sci-fi,320000.0,,162.0,,"[12, 27, 103]","[17, 27, 12, 103]",Creative Commons Attribution,4.0,"['lo-fi', 'bedroom', 'singer-songwriter', 'piano', 'acoustic', 'rock']",I'm On a Talk Show
7971,989,13803.0,,"O Great Queen Electric, What Do You Have Waiting for Me?",-1.0,,,lo-fi is sci-fi,320000.0,,266.0,,"[12, 27, 103]","[17, 27, 12, 103]",Creative Commons Attribution,5.0,"['lo-fi', 'bedroom', 'singer-songwriter', 'piano', 'acoustic', 'rock']",If Only She Knew
7972,990,13803.0,,"O Great Queen Electric, What Do You Have Waiting for Me?",-1.0,,,lo-fi is sci-fi,320000.0,,276.0,,"[12, 27, 103]","[17, 27, 12, 103]",Creative Commons Attribution,6.0,"['lo-fi', 'bedroom', 'singer-songwriter', 'piano', 'acoustic', 'rock']",I Do It Cause It's Right
7973,991,13803.0,,"O Great Queen Electric, What Do You Have Waiting for Me?",-1.0,,,lo-fi is sci-fi,320000.0,,248.0,,"[12, 27, 103]","[17, 27, 12, 103]",Creative Commons Attribution,7.0,"['lo-fi', 'bedroom', 'singer-songwriter', 'piano', 'acoustic', 'rock']",God's Will
7974,992,13803.0,,"O Great Queen Electric, What Do You Have Waiting for Me?",-1.0,,,lo-fi is sci-fi,320000.0,,187.0,,"[12, 27, 103]","[17, 27, 12, 103]",Creative Commons Attribution,8.0,"['lo-fi', 'bedroom', 'singer-songwriter', 'piano', 'acoustic', 'rock']",Psycho II
7975,993,13802.0,,"O Great Queen Electric, What Do You Have Waiting for Me?",-1.0,,,lo-fi is sci-fi,320000.0,,68.0,,"[12, 27, 103]","[17, 27, 12, 103]",Creative Commons Attribution,9.0,[],Joss Whedon
8112,994,13964.0,,Revitalize Music Contest,36.0,Album,,William G. Tomer,128000.0,,41.0,,[],[],CC0 1.0 Universal,0.0,[],God Be With You Until We Meet Again
8113,995,13964.0,,Revitalize Music Contest,36.0,Album,,Noel Bush,194282.0,,141.0,,[],[],CC0 1.0 Universal,0.0,[],Beautiful Dreamer
8114,996,13964.0,,Revitalize Music Contest,36.0,Album,,Stephen Foster,128000.0,,53.0,,[],[],CC0 1.0 Universal,0.0,[],Beautiful Dreamer
8115,997,13964.0,,Revitalize Music Contest,36.0,Album,,Sam Gas Can,160000.0,,142.0,,[],[],CC0 1.0 Universal,0.0,[],Cold Winter Blues (Lucille Hegamin And The Dixie Daisies)
8117,998,13964.0,,Revitalize Music Contest,36.0,Album,,The Procedure Club,281495.0,,147.0,,[],[],CC0 1.0 Universal,0.0,[],Let Us Leave The Town (Henry Purcell)
8134,999,13964.0,,Revitalize Music Contest,36.0,Album,,agnès pe,160000.0,,141.0,,[],[],CC0 1.0 Universal,0.0,[],Carmen Suite (Toreador) - Georges Bizet
8135,1000,13964.0,,Revitalize Music Contest,36.0,Album,,Salakapakka Sound System,256000.0,,151.0,,[],[],CC0 1.0 Universal,0.0,[],God be with you until we meet again
8136,1001,13964.0,,Revitalize Music Contest,36.0,Album,,Reverend Dan Buhler,192000.0,,195.0,,[],[],CC0 1.0 Universal,0.0,[],Goober Peas
8140,1002,13964.0,,Revitalize Music Contest,36.0,Album,,Lee Rosevere,320000.0,,100.0,,[],[],CC0 1.0 Universal,0.0,[],God be with you till we meet again
8147,1003,13964.0,,Revitalize Music Contest,36.0,Album,,bagatelle,128000.0,,276.0,,[],[],CC0 1.0 Universal,0.0,[],trench
8148,1004,13964.0,,Revitalize Music Contest,36.0,Album,,Rita Braga,192000.0,,209.0,,[],[],CC0 1.0 Universal,0.0,[],Ua Like No A Like
8149,1005,13964.0,,Revitalize Music Contest,36.0,Album,,Rita Braga,192000.0,,114.0,,[],[],CC0 1.0 Universal,0.0,[],Vem Kan Segla
8150,1006,13964.0,,Revitalize Music Contest,36.0,Album,,Chips and Salsa,128000.0,,102.0,,[],[],CC0 1.0 Universal,0.0,[],Jedva Cekam da Nedelja Dodje
8187,1007,13964.0,,Revitalize Music Contest,36.0,Album,,Beauxregard,256000.0,,198.0,,[],[],CC0 1.0 Universal,0.0,[],The Spaniard
8188,1008,13964.0,,Revitalize Music Contest,36.0,Album,,Guillaume Tucker,256000.0,,169.0,,[],[],CC0 1.0 Universal,0.0,[],Madame le Soleil-Levant
8189,1009,13964.0,,Revitalize Music Contest,36.0,Album,,Emily Spray,192000.0,,160.0,,[],[],CC0 1.0 Universal,0.0,[],Beautiful Dreamer Mix 2
8190,1010,13964.0,,Revitalize Music Contest,36.0,Album,,"Randy ""The Wrench"" Bench",192000.0,,191.0,,[],[],CC0 1.0 Universal,0.0,[],Taps
8191,1011,13964.0,,Revitalize Music Contest,36.0,Album,,crown the invisible,256000.0,,245.0,,[],[],CC0 1.0 Universal,0.0,[],the spaniard that blighted my life
8192,1012,13964.0,,Revitalize Music Contest,36.0,Album,,Chris George and Felix Arndt,256000.0,,513.0,,[],[],CC0 1.0 Universal,0.0,[],NOLA 999
8193,1013,13964.0,,Revitalize Music Contest,36.0,Album,,Chris George and Felix Arndt,256000.0,,498.0,,[],[],CC0 1.0 Universal,0.0,[],NOLA 99
8194,1014,13964.0,,Revitalize Music Contest,36.0,Album,,Chris George vs. Felix Arndt,256000.0,,427.0,,[],[],CC0 1.0 Universal,0.0,[],NOLA NOLA NOLA
8195,1015,13964.0,,Revitalize Music Contest,36.0,Album,,Chris George and Felix Arndt,256000.0,,488.0,,[],[],CC0 1.0 Universal,0.0,[],NOLA 9
8196,1016,13964.0,,Revitalize Music Contest,36.0,Album,,Chris George vs. Felix Arndt,256000.0,,467.0,,[],[],CC0 1.0 Universal,0.0,[],NOLA NOLA NOLA 2
8197,1017,13964.0,,Revitalize Music Contest,36.0,Album,,SSTdeSST,320000.0,,182.0,,[],[],CC0 1.0 Universal,0.0,[],piano la song
8198,1018,13964.0,,Revitalize Music Contest,36.0,Album,,{AN} Eel,320000.0,,649.0,,[],[],CC0 1.0 Universal,0.0,[],Revitalize 1
8369,1019,14496.0,,White Noise,1.0,Album,,White Noise,192000.0,,3599.0,,"[30, 107]","[38, 1235, 107, 30]",CC0 1.0 Universal,1.0,[],White Noise
8370,1020,14523.0,,Moonove,2.0,,,Moonove,192000.0,,248.0,Electronic,[42],"[42, 15]",Creative Commons Attribution,0.0,[],Stones
8371,1021,14523.0,,Moonove,2.0,,,Moonove,192000.0,,271.0,Electronic,[42],"[42, 15]",Creative Commons Attribution,0.0,[],Veeren
8372,1022,14523.0,,Moonove,2.0,,,Moonove,192000.0,,192.0,Electronic,[42],"[42, 15]",Creative Commons Attribution,0.0,[],Fluffy
8373,1023,14523.0,,Moonove,2.0,,,Moonove,192000.0,,277.0,Electronic,[42],"[42, 15]",Creative Commons Attribution,0.0,[],Hole
8374,1024,14523.0,,Moonove,2.0,,,Moonove,256000.0,,277.0,Electronic,[42],"[42, 15]",Creative Commons Attribution,0.0,[],Backwards
8375,1025,14523.0,,Moonove,2.0,,,Moonove,256000.0,,305.0,Electronic,[42],"[42, 15]",Creative Commons Attribution,0.0,[],Earth
8381,1026,14548.0,,Behind the Blind,22.0,Album,,Tardiss,320000.0,,392.0,,"[27, 236, 495]","[12, 236, 495, 15, 27]",Creative Commons Attribution,1.0,[],Spinner
8382,1027,14548.0,,Behind the Blind,22.0,Album,,Tardiss,320000.0,,375.0,,"[27, 236, 495]","[12, 236, 495, 15, 27]",Creative Commons Attribution,2.0,[],S-Bye
8383,1028,14548.0,,Behind the Blind,22.0,Album,,Tardiss,320000.0,,102.0,,"[27, 236, 495]","[12, 236, 495, 15, 27]",Creative Commons Attribution,3.0,[],Triple Nixed
8384,1029,14548.0,,Behind the Blind,22.0,Album,,Tardiss,160000.0,,311.0,,"[27, 236, 495]","[12, 236, 495, 15, 27]",Creative Commons Attribution,4.0,[],Drill Bits
8385,1030,14548.0,,Behind the Blind,22.0,Album,,Tardiss,320000.0,,85.0,,"[27, 236, 495]","[12, 236, 495, 15, 27]",Creative Commons Attribution,5.0,[],It's Faster
8386,1031,14548.0,,Behind the Blind,22.0,Album,,Tardiss,320000.0,,116.0,,"[27, 236, 495]","[12, 236, 495, 15, 27]",Creative Commons Attribution,6.0,[],Possum
8387,1032,14548.0,,Behind the Blind,22.0,Album,,Tardiss,320000.0,,380.0,,"[27, 236, 495]","[12, 236, 495, 15, 27]",Creative Commons Attribution,7.0,[],Bicycle
8388,1033,14548.0,,Behind the Blind,22.0,Album,,Tardiss,320000.0,,118.0,,"[27, 236, 495]","[12, 236, 495, 15, 27]",Creative Commons Attribution,8.0,[],Eighty Sixty
8389,1034,14548.0,,Behind the Blind,22.0,Album,,Tardiss,320000.0,,96.0,,"[27, 236, 495]","[12, 236, 495, 15, 27]",Creative Commons Attribution,9.0,[],Trouble Sleeping
8390,1035,14548.0,,Behind the Blind,22.0,Album,,Tardiss,320000.0,,386.0,,"[27, 236, 495]","[12, 236, 495, 15, 27]",Creative Commons Attribution,10.0,[],Feathers and the Frail
8391,1036,14548.0,,Behind the Blind,22.0,Album,,Tardiss,320000.0,,399.0,,"[27, 236, 495]","[12, 236, 495, 15, 27]",Creative Commons Attribution,11.0,[],Silver Fences
8394,1037,14565.0,,Light Years,10.0,Album,,Stellardrone,320000.0,,146.0,,"[42, 267]","[42, 267, 1235, 15]",Creative Commons Attribution,10.0,[],Messier 45
8395,1038,14565.0,,Light Years,10.0,Album,,Stellardrone,320000.0,,195.0,,"[42, 267]","[42, 267, 1235, 15]",Creative Commons Attribution,1.0,[],Red Giant
8396,1039,14565.0,,Light Years,10.0,Album,,Stellardrone,320000.0,,317.0,,"[42, 267]","[42, 267, 1235, 15]",Creative Commons Attribution,2.0,[],Airglow
8397,1040,14565.0,,Light Years,10.0,Album,,Stellardrone,320000.0,,381.0,,"[42, 267]","[42, 267, 1235, 15]",Creative Commons Attribution,3.0,[],Eternity
8398,1041,14565.0,,Light Years,10.0,Album,,Stellardrone,320000.0,,364.0,,"[42, 267]","[42, 267, 1235, 15]",Creative Commons Attribution,4.0,[],Light Years
8399,1042,14565.0,,Light Years,10.0,Album,,Stellardrone,320000.0,,227.0,,"[42, 267]","[42, 267, 1235, 15]",Creative Commons Attribution,5.0,[],In Time
8400,1043,14565.0,,Light Years,10.0,Album,,Stellardrone,320000.0,,273.0,,"[42, 267]","[42, 267, 1235, 15]",Creative Commons Attribution,6.0,[],Cepheid
8401,1044,14565.0,,Light Years,10.0,Album,,Stellardrone,320000.0,,222.0,,"[42, 267]","[42, 267, 1235, 15]",Creative Commons Attribution,7.0,[],Comet Halley
8402,1045,14565.0,,Light Years,10.0,Album,,Stellardrone,320000.0,,345.0,,"[42, 267]","[42, 267, 1235, 15]",Creative Commons Attribution,8.0,[],Ultra Deep Field
8403,1046,14565.0,,Light Years,10.0,Album,,Stellardrone,320000.0,,213.0,,"[42, 267]","[42, 267, 1235, 15]",Creative Commons Attribution,9.0,[],Eternity (Reprise)
8418,1047,14586.0,,Nameless: The Hackers RPG Soundtrack,29.0,Album,,BoxCat Games,219391.0,,89.0,,"[18, 240]","[297, 15, 240, 18, 1235]",Creative Commons Attribution,12.0,[],Passing Time
8419,1048,14586.0,,Nameless: The Hackers RPG Soundtrack,29.0,Album,,BoxCat Games,272873.0,,32.0,,"[18, 240]","[297, 15, 240, 18, 1235]",Creative Commons Attribution,1.0,[],Breaking In
8420,1049,14586.0,,Nameless: The Hackers RPG Soundtrack,29.0,Album,,BoxCat Games,238161.0,,194.0,,"[18, 240]","[297, 15, 240, 18, 1235]",Creative Commons Attribution,2.0,[],Mt Fox Shop
8421,1050,14586.0,,Nameless: The Hackers RPG Soundtrack,29.0,Album,,BoxCat Games,263267.0,,53.0,,"[18, 240]","[297, 15, 240, 18, 1235]",Creative Commons Attribution,3.0,[],Battle (Special)
8422,1051,14586.0,,Nameless: The Hackers RPG Soundtrack,29.0,Album,,BoxCat Games,235834.0,,186.0,,"[18, 240]","[297, 15, 240, 18, 1235]",Creative Commons Attribution,4.0,[],B-3
8423,1052,14586.0,,Nameless: The Hackers RPG Soundtrack,29.0,Album,,BoxCat Games,220210.0,,52.0,,"[18, 240]","[297, 15, 240, 18, 1235]",Creative Commons Attribution,5.0,[],Battle (Boss)
8424,1053,14586.0,,Nameless: The Hackers RPG Soundtrack,29.0,Album,,BoxCat Games,215598.0,,164.0,,"[18, 240]","[297, 15, 240, 18, 1235]",Creative Commons Attribution,6.0,[],Young Love
8425,1054,14586.0,,Nameless: The Hackers RPG Soundtrack,29.0,Album,,BoxCat Games,217417.0,,268.0,,"[18, 240]","[297, 15, 240, 18, 1235]",Creative Commons Attribution,7.0,[],Inspiration
8426,1055,14586.0,,Nameless: The Hackers RPG Soundtrack,29.0,Album,,BoxCat Games,216929.0,,48.0,,"[18, 240]","[297, 15, 240, 18, 1235]",Creative Commons Attribution,8.0,[],CPU Talk
8427,1056,14586.0,,Nameless: The Hackers RPG Soundtrack,29.0,Album,,BoxCat Games,264506.0,,50.0,,"[18, 240]","[297, 15, 240, 18, 1235]",Creative Commons Attribution,9.0,[],eCommerce
8428,1057,14586.0,,Nameless: The Hackers RPG Soundtrack,29.0,Album,,BoxCat Games,199007.0,,54.0,,"[18, 240]","[297, 15, 240, 18, 1235]",Creative Commons Attribution,10.0,[],Epic Song
8429,1058,14586.0,,Nameless: The Hackers RPG Soundtrack,29.0,Album,,BoxCat Games,222251.0,,64.0,,"[18, 240]","[297, 15, 240, 18, 1235]",Creative Commons Attribution,11.0,[],Assignment
8433,1059,14589.0,,Stay In Touch,1.0,Album,,David Blair,293763.0,,146.0,Pop,[10],[10],Creative Commons Attribution,12.0,[],We Are Canucks
8434,1060,14591.0,,elevenandtwelve,13.0,Album,,nisei23,224000.0,,387.0,,"[41, 42, 359]","[38, 359, 41, 42, 12, 15]",Creative Commons Attribution,1.0,[],Double Helix
8435,1061,14591.0,,elevenandtwelve,13.0,Album,,nisei23,224000.0,,195.0,,"[41, 42, 359]","[38, 359, 41, 42, 12, 15]",Creative Commons Attribution,2.0,[],The Return
8436,1062,14591.0,,elevenandtwelve,13.0,Album,,nisei23,224000.0,,284.0,,"[41, 42, 359]","[38, 359, 41, 42, 12, 15]",Creative Commons Attribution,3.0,[],Cut Out
8437,1063,14591.0,,elevenandtwelve,13.0,Album,,nisei23,32000.0,,1369.0,,"[41, 42, 359]","[38, 359, 41, 42, 12, 15]",Creative Commons Attribution,4.0,[],Animus Anima
8438,1064,14591.0,,elevenandtwelve,13.0,Album,,nisei23,224000.0,,156.0,,"[41, 42, 359]","[38, 359, 41, 42, 12, 15]",Creative Commons Attribution,5.0,[],Pale Imitation
8439,1065,14591.0,,elevenandtwelve,13.0,Album,,nisei23,224000.0,,167.0,,"[41, 42, 359]","[38, 359, 41, 42, 12, 15]",Creative Commons Attribution,6.0,[],303
8440,1066,14591.0,,elevenandtwelve,13.0,Album,,nisei23,32000.0,,1501.0,,"[41, 42, 359]","[38, 359, 41, 42, 12, 15]",Creative Commons Attribution,7.0,[],Gymnopedie 2
8441,1067,14591.0,,elevenandtwelve,13.0,Album,,nisei23,224000.0,,202.0,,"[41, 42, 359]","[38, 359, 41, 42, 12, 15]",Creative Commons Attribution,8.0,[],Full of Holes
8442,1068,14591.0,,elevenandtwelve,13.0,Album,,nisei23,32000.0,,1346.0,,"[41, 42, 359]","[38, 359, 41, 42, 12, 15]",Creative Commons Attribution,9.0,[],Leviathan 2
8443,1069,14591.0,,elevenandtwelve,13.0,Album,,nisei23,192000.0,,105.0,,"[41, 42, 359]","[38, 359, 41, 42, 12, 15]",Creative Commons Attribution,10.0,[],Tokyo Song
8444,1070,14591.0,,elevenandtwelve,13.0,Album,,nisei23,128000.0,,536.0,,"[41, 42, 359]","[38, 359, 41, 42, 12, 15]",Creative Commons Attribution,11.0,[],Suspiria
8445,1071,14591.0,,elevenandtwelve,13.0,Album,,nisei23,32000.0,,1341.0,,"[41, 42, 359]","[38, 359, 41, 42, 12, 15]",Creative Commons Attribution,12.0,[],The Departure
8446,1072,14591.0,,elevenandtwelve,13.0,Album,,nisei23,256000.0,,295.0,,"[41, 42, 359]","[38, 359, 41, 42, 12, 15]",Creative Commons Attribution,13.0,[],Thirteen
8532,1073,14885.0,,Reimagine: The Game,5.0,Album,,Peter Gresser,128000.0,,57.0,,"[15, 18, 1235]","[18, 1235, 15]",CC0 1.0 Universal,5.0,[],Skipping Through the Orchestra Pit
8533,1074,14885.0,,Reimagine: The Game,5.0,Album,,Peter Gresser,128000.0,,64.0,,"[15, 18, 1235]","[18, 1235, 15]",CC0 1.0 Universal,4.0,[],Skipping in the No Standing Zone
8534,1075,14885.0,,Reimagine: The Game,5.0,Album,,Peter Gresser,128000.0,,105.0,,"[15, 18, 1235]","[18, 1235, 15]",CC0 1.0 Universal,3.0,[],No Rocking in the Jazzhands Zone
8535,1076,14885.0,,Reimagine: The Game,5.0,Album,,Peter Gresser,128000.0,,51.0,,"[15, 18, 1235]","[18, 1235, 15]",CC0 1.0 Universal,1.0,[],And Now For That Massive Coronary
8536,1077,14885.0,,Reimagine: The Game,5.0,Album,,Peter Gresser,128000.0,,75.0,,"[15, 18, 1235]","[18, 1235, 15]",CC0 1.0 Universal,2.0,[],Countdown to Myocardial Infarction
8557,1078,14928.0,,netBloc Vol. 44: Break From The System That Gotcha,36.0,Album,,Shad + Skratch Bastid,320000.0,,282.0,Hip-Hop,[21],[21],Creative Commons Attribution,3.0,[],Outta My Head
8563,1079,14961.0,,Dreams,8.0,Album,,ENDRUDARK,320000.0,,285.0,Electronic,"[181, 296]","[296, 181, 15]",Creative Commons Attribution,1.0,[],Dreams
8564,1080,14961.0,,Dreams,8.0,Album,,ENDRUDARK,320000.0,,260.0,Electronic,"[181, 296]","[296, 181, 15]",Creative Commons Attribution,2.0,[],Nigtht_City
8565,1081,14961.0,,Dreams,8.0,Album,,ENDRUDARK,320000.0,,339.0,Electronic,"[181, 296]","[296, 181, 15]",Creative Commons Attribution,3.0,[],Time Up
8566,1082,14961.0,,Dreams,8.0,Album,,ENDRUDARK,320000.0,,435.0,Electronic,"[181, 296]","[296, 181, 15]",Creative Commons Attribution,4.0,[],Sustem 240
8595,1083,15101.0,,Choose Your Own Adventure,8.0,Album,,Monroeville Music Center,320000.0,,163.0,Pop,[362],"[362, 10]",Creative Commons Attribution,1.0,"['monroeville music center', 'electropop', 'synth']",The Cave of Time
8596,1084,15101.0,,Choose Your Own Adventure,8.0,Album,,Monroeville Music Center,320000.0,,87.0,Pop,[362],"[362, 10]",Creative Commons Attribution,2.0,"['monroeville music center', 'electropop', 'synth']",The Perfect Planet
8597,1085,15101.0,,Choose Your Own Adventure,8.0,Album,,Monroeville Music Center,320000.0,,108.0,Pop,[362],"[362, 10]",Creative Commons Attribution,3.0,"['monroeville music center', 'electropop', 'synth']",The Race Forever
8598,1086,15101.0,,Choose Your Own Adventure,8.0,Album,,Monroeville Music Center,320000.0,,136.0,Pop,[362],"[362, 10]",Creative Commons Attribution,4.0,"['monroeville music center', 'electropop', 'synth']",Invaders From Within
8599,1087,15101.0,,Choose Your Own Adventure,8.0,Album,,Monroeville Music Center,320000.0,,248.0,Pop,[362],"[362, 10]",Creative Commons Attribution,5.0,"['monroeville music center', 'electropop', 'synth']",The Reality Machine
8600,1088,15101.0,,Choose Your Own Adventure,8.0,Album,,Monroeville Music Center,320000.0,,133.0,Pop,[362],"[362, 10]",Creative Commons Attribution,6.0,"['monroeville music center', 'electropop', 'synth']",Motocross Mania
8601,1089,15101.0,,Choose Your Own Adventure,8.0,Album,,Monroeville Music Center,320000.0,,127.0,Pop,[362],"[362, 10]",Creative Commons Attribution,7.0,"['monroeville music center', 'electropop', 'synth']",You Are A Monster
8602,1090,15101.0,,Choose Your Own Adventure,8.0,Album,,Monroeville Music Center,320000.0,,134.0,Pop,[362],"[362, 10]",Creative Commons Attribution,8.0,"['monroeville music center', 'electropop', 'synth']",Roller Star
8618,1091,15164.0,,gig's n' contest,7.0,Album,,Rolemusic,320000.0,,122.0,Electronic,"[240, 297]","[240, 297, 15]",Creative Commons Attribution,1.0,[],A ninja among culturachippers
8619,1092,15164.0,,gig's n' contest,7.0,Album,,Rolemusic,320000.0,,194.0,Electronic,"[240, 297]","[240, 297, 15]",Creative Commons Attribution,2.0,[],ayVentura
8620,1093,15164.0,,gig's n' contest,7.0,Album,,Rolemusic,320000.0,,161.0,Electronic,"[240, 297]","[240, 297, 15]",Creative Commons Attribution,3.0,[],Another beek beep beer please
8621,1094,15164.0,,gig's n' contest,7.0,Album,,Rolemusic,320000.0,,204.0,Electronic,"[240, 297]","[240, 297, 15]",Creative Commons Attribution,4.0,[],Scape from the city
8622,1095,15164.0,,gig's n' contest,7.0,Album,,Rolemusic,320000.0,,147.0,Electronic,"[240, 297]","[240, 297, 15]",Creative Commons Attribution,5.0,[],Death on the battlefield
8623,1096,15164.0,,gig's n' contest,7.0,Album,,Rolemusic,320000.0,,536.0,Electronic,"[240, 297]","[240, 297, 15]",Creative Commons Attribution,6.0,[],Donsi Killed la rioja star (Familiar live)
8624,1097,15164.0,,gig's n' contest,7.0,Album,,Rolemusic,320000.0,,191.0,Electronic,"[240, 297]","[240, 297, 15]",Creative Commons Attribution,7.0,[],l3go
8632,1098,15180.0,,Nuclear Winter,1.0,Album,,Keep Them Alive,320000.0,,1006.0,,"[1, 3, 4, 38]","[1, 3, 4, 38]",Creative Commons Attribution,1.0,[],Nuclear Winter (feat. Jeffery Malecki)
8650,1099,15241.0,,The Wake,39.0,Album,,Josh Woodward,232250.0,,181.0,,"[10, 17, 103]","[17, 10, 103]",Creative Commons Attribution,1.0,[],I Will Not Let You Let Me Down
8651,1100,15241.0,,The Wake,39.0,Album,,Josh Woodward,234017.0,,206.0,,"[10, 17, 103]","[17, 10, 103]",Creative Commons Attribution,3.0,[],This Is Everything
8652,1101,15241.0,,The Wake,39.0,Album,,Josh Woodward,225231.0,,235.0,,"[10, 17, 103]","[17, 10, 103]",Creative Commons Attribution,5.0,[],Hollow Grove
8653,1102,15241.0,,The Wake,39.0,Album,,Josh Woodward,229530.0,,164.0,,"[10, 17, 103]","[17, 10, 103]",Creative Commons Attribution,7.0,[],Crazy Glue
8654,1103,15241.0,,The Wake,39.0,Album,,Josh Woodward,224992.0,,303.0,,"[10, 17, 103]","[17, 10, 103]",Creative Commons Attribution,9.0,[],Lafayette
8655,1104,15241.0,,The Wake,39.0,Album,,Josh Woodward,229137.0,,196.0,,"[10, 17, 103]","[17, 10, 103]",Creative Commons Attribution,11.0,[],Oh Mallory
8656,1105,15241.0,,The Wake,39.0,Album,,Josh Woodward,231220.0,,250.0,,"[10, 17, 103]","[17, 10, 103]",Creative Commons Attribution,13.0,[],Invisible Light
8657,1106,15241.0,,The Wake,39.0,Album,,Josh Woodward,226835.0,,183.0,,"[10, 17, 103]","[17, 10, 103]",Creative Commons Attribution,15.0,[],Water in the Creek
8658,1107,15241.0,,The Wake,39.0,Album,,Josh Woodward,225931.0,,197.0,,"[10, 17, 103]","[17, 10, 103]",Creative Commons Attribution,17.0,[],Little Tomcat
8659,1108,15241.0,,The Wake,39.0,Album,,Josh Woodward,229942.0,,251.0,,"[10, 17, 103]","[17, 10, 103]",Creative Commons Attribution,19.0,[],Golden Sunrise
8660,1109,15241.0,,The Wake,39.0,Album,,Josh Woodward,226247.0,,183.0,,"[10, 17, 103]","[17, 10, 103]",Creative Commons Attribution,21.0,[],The Gloaming
8661,1110,15241.0,,The Wake,39.0,Album,,Josh Woodward,229782.0,,251.0,,"[10, 17, 103]","[17, 10, 103]",Creative Commons Attribution,23.0,[],Gemini
8662,1111,15241.0,,The Wake,39.0,Album,,Josh Woodward,225818.0,,209.0,,"[10, 17, 103]","[17, 10, 103]",Creative Commons Attribution,25.0,[],Epilogue
8663,1112,15241.0,,The Wake,39.0,Album,,Josh Woodward,256000.0,,182.0,,"[10, 17, 103]","[17, 10, 103]",Creative Commons Attribution,2.0,[],I Will Not Let You Let Me Down (Instrumental Version)
8664,1113,15241.0,,The Wake,39.0,Album,,Josh Woodward,256000.0,,207.0,,"[10, 17, 103]","[17, 10, 103]",Creative Commons Attribution,4.0,[],This Is Everything (Instrumental Version)
8665,1114,15241.0,,The Wake,39.0,Album,,Josh Woodward,256000.0,,235.0,,"[10, 17, 103]","[17, 10, 103]",Creative Commons Attribution,6.0,[],Hollow Grove (Instrumental Version)
8666,1115,15241.0,,The Wake,39.0,Album,,Josh Woodward,256000.0,,164.0,,"[10, 17, 103]","[17, 10, 103]",Creative Commons Attribution,8.0,[],Crazy Glue (Instrumental Version)
8667,1116,15241.0,,The Wake,39.0,Album,,Josh Woodward,256000.0,,304.0,,"[10, 17, 103]","[17, 10, 103]",Creative Commons Attribution,10.0,[],Lafayette (Instrumental Version)
8668,1117,15241.0,,The Wake,39.0,Album,,Josh Woodward,256000.0,,196.0,,"[10, 17, 103]","[17, 10, 103]",Creative Commons Attribution,12.0,[],Oh Mallory (Instrumental Version)
8669,1118,15241.0,,The Wake,39.0,Album,,Josh Woodward,256000.0,,251.0,,"[10, 17, 103]","[17, 10, 103]",Creative Commons Attribution,14.0,[],Invisible Light (Instrumental Version)
8670,1119,15241.0,,The Wake,39.0,Album,,Josh Woodward,256000.0,,184.0,,"[10, 17, 103]","[17, 10, 103]",Creative Commons Attribution,16.0,[],Water in the Creek (Instrumental Version)
8671,1120,15241.0,,The Wake,39.0,Album,,Josh Woodward,256000.0,,197.0,,"[10, 17, 103]","[17, 10, 103]",Creative Commons Attribution,18.0,[],Little Tomcat (Instrumental Version)
8672,1121,15241.0,,The Wake,39.0,Album,,Josh Woodward,256000.0,,252.0,,"[10, 17, 103]","[17, 10, 103]",Creative Commons Attribution,20.0,[],Golden Sunrise (Instrumental Version)
8673,1122,15241.0,,The Wake,39.0,Album,,Josh Woodward,256000.0,,187.0,,"[10, 17, 103]","[17, 10, 103]",Creative Commons Attribution,22.0,[],The Gloaming (Instrumental Version)
8674,1123,15241.0,,The Wake,39.0,Album,,Josh Woodward,256000.0,,251.0,,"[10, 17, 103]","[17, 10, 103]",Creative Commons Attribution,24.0,[],Gemini (Instrumental Version)
8675,1124,15241.0,,The Wake,39.0,Album,,Josh Woodward,256000.0,,209.0,,"[10, 17, 103]","[17, 10, 103]",Creative Commons Attribution,26.0,[],Epilogue (Instrumental Version)
8676,1125,15242.0,,Ashes,24.0,Album,,Josh Woodward,320000.0,,241.0,,"[12, 17, 103]","[17, 12, 103]",Creative Commons Attribution,1.0,[],Let It In
8677,1126,15242.0,,Ashes,24.0,Album,,Josh Woodward,320000.0,,256.0,,"[12, 17, 103]","[17, 12, 103]",Creative Commons Attribution,2.0,[],Cherubs
8678,1127,15242.0,,Ashes,24.0,Album,,Josh Woodward,320000.0,,164.0,,"[12, 17, 103]","[17, 12, 103]",Creative Commons Attribution,3.0,[],Infinite Horizon
8679,1128,15242.0,,Ashes,24.0,Album,,Josh Woodward,320000.0,,202.0,,"[12, 17, 103]","[17, 12, 103]",Creative Commons Attribution,4.0,[],A Thousand Skins (Part 2)
8680,1129,15242.0,,Ashes,24.0,Album,,Josh Woodward,320000.0,,231.0,,"[12, 17, 103]","[17, 12, 103]",Creative Commons Attribution,5.0,[],The Handyman's Lament
8681,1130,15242.0,,Ashes,24.0,Album,,Josh Woodward,320000.0,,206.0,,"[12, 17, 103]","[17, 12, 103]",Creative Commons Attribution,6.0,[],Anchor
8682,1131,15242.0,,Ashes,24.0,Album,,Josh Woodward,320000.0,,221.0,,"[12, 17, 103]","[17, 12, 103]",Creative Commons Attribution,7.0,[],Already There
8683,1132,15242.0,,Ashes,24.0,Album,,Josh Woodward,320000.0,,297.0,,"[12, 17, 103]","[17, 12, 103]",Creative Commons Attribution,8.0,[],Together On Our Own
8684,1133,15242.0,,Ashes,24.0,Album,,Josh Woodward,320000.0,,216.0,,"[12, 17, 103]","[17, 12, 103]",Creative Commons Attribution,9.0,[],Pompeii
8685,1134,15242.0,,Ashes,24.0,Album,,Josh Woodward,320000.0,,202.0,,"[12, 17, 103]","[17, 12, 103]",Creative Commons Attribution,10.0,[],Swimming in Turpentine
8686,1135,15242.0,,Ashes,24.0,Album,,Josh Woodward,320000.0,,387.0,,"[12, 17, 103]","[17, 12, 103]",Creative Commons Attribution,11.0,[],A Thousand Skins (Part 1)
8687,1136,15242.0,,Ashes,24.0,Album,,Josh Woodward,320000.0,,211.0,,"[12, 17, 103]","[17, 12, 103]",Creative Commons Attribution,12.0,[],Motionless Land
8688,1137,15242.0,,Ashes,24.0,Album,,Josh Woodward,320000.0,,241.0,,"[12, 17, 103]","[17, 12, 103]",Creative Commons Attribution,1.0,[],Let It In (No Vocals)
8689,1138,15242.0,,Ashes,24.0,Album,,Josh Woodward,320000.0,,256.0,,"[12, 17, 103]","[17, 12, 103]",Creative Commons Attribution,2.0,[],Cherubs (No Vocals)
8690,1139,15242.0,,Ashes,24.0,Album,,Josh Woodward,320000.0,,164.0,,"[12, 17, 103]","[17, 12, 103]",Creative Commons Attribution,3.0,[],Infinite Horizon (No Vocals)
8691,1140,15242.0,,Ashes,24.0,Album,,Josh Woodward,320000.0,,202.0,,"[12, 17, 103]","[17, 12, 103]",Creative Commons Attribution,4.0,[],A Thousand Skins (Part 2) (No Vocals)
8692,1141,15242.0,,Ashes,24.0,Album,,Josh Woodward,320000.0,,231.0,,"[12, 17, 103]","[17, 12, 103]",Creative Commons Attribution,5.0,[],The Handyman's Lament (No Vocals)
8693,1142,15242.0,,Ashes,24.0,Album,,Josh Woodward,320000.0,,206.0,,"[12, 17, 103]","[17, 12, 103]",Creative Commons Attribution,6.0,[],Anchor (No Vocals)
8694,1143,15242.0,,Ashes,24.0,Album,,Josh Woodward,320000.0,,221.0,,"[12, 17, 103]","[17, 12, 103]",Creative Commons Attribution,7.0,[],Already There (No Vocals)
8695,1144,15242.0,,Ashes,24.0,Album,,Josh Woodward,320000.0,,297.0,,"[12, 17, 103]","[17, 12, 103]",Creative Commons Attribution,8.0,[],Together On Our Own (No Vocals)
8696,1145,15242.0,,Ashes,24.0,Album,,Josh Woodward,320000.0,,216.0,,"[12, 17, 103]","[17, 12, 103]",Creative Commons Attribution,9.0,[],Pompeii (No Vocals)
8697,1146,15242.0,,Ashes,24.0,Album,,Josh Woodward,320000.0,,202.0,,"[12, 17, 103]","[17, 12, 103]",Creative Commons Attribution,10.0,[],Swimming in Turpentine (No Vocals)
8698,1147,15242.0,,Ashes,24.0,Album,,Josh Woodward,320000.0,,387.0,,"[12, 17, 103]","[17, 12, 103]",Creative Commons Attribution,11.0,[],A Thousand Skins (Part 1) (No Vocals)
8699,1148,15242.0,,Ashes,24.0,Album,,Josh Woodward,320000.0,,211.0,,"[12, 17, 103]","[17, 12, 103]",Creative Commons Attribution,12.0,[],Motionless Land (No Vocals)
8714,1149,15322.0,,Breadcrumbs,22.0,Album,,Josh Woodward,190102.0,,261.0,,"[10, 17, 103]","[17, 10, 103]",Creative Commons Attribution,1.0,[],Swansong
8715,1150,15322.0,,Breadcrumbs,22.0,Album,,Josh Woodward,170049.0,,213.0,,"[10, 17, 103]","[17, 10, 103]",Creative Commons Attribution,3.0,[],20/20
8716,1151,15322.0,,Breadcrumbs,22.0,Album,,Josh Woodward,138685.0,,279.0,,"[10, 17, 103]","[17, 10, 103]",Creative Commons Attribution,5.0,[],Border Blaster
8717,1152,15322.0,,Breadcrumbs,22.0,Album,,Josh Woodward,161711.0,,285.0,,"[10, 17, 103]","[17, 10, 103]",Creative Commons Attribution,7.0,[],Private Hurricane
8718,1153,15322.0,,Breadcrumbs,22.0,Album,,Josh Woodward,142736.0,,212.0,,"[10, 17, 103]","[17, 10, 103]",Creative Commons Attribution,9.0,[],Under the Stairs
8719,1154,15322.0,,Breadcrumbs,22.0,Album,,Josh Woodward,169405.0,,288.0,,"[10, 17, 103]","[17, 10, 103]",Creative Commons Attribution,11.0,[],Stars Collide
8720,1155,15322.0,,Breadcrumbs,22.0,Album,,Josh Woodward,161636.0,,302.0,,"[10, 17, 103]","[17, 10, 103]",Creative Commons Attribution,13.0,[],Grey Snow
8721,1156,15322.0,,Breadcrumbs,22.0,Album,,Josh Woodward,181097.0,,275.0,,"[10, 17, 103]","[17, 10, 103]",Creative Commons Attribution,15.0,[],Overthrown
8722,1157,15322.0,,Breadcrumbs,22.0,Album,,Josh Woodward,169727.0,,249.0,,"[10, 17, 103]","[17, 10, 103]",Creative Commons Attribution,17.0,[],Once Tomorrow
8723,1158,15322.0,,Breadcrumbs,22.0,Album,,Josh Woodward,178883.0,,200.0,,"[10, 17, 103]","[17, 10, 103]",Creative Commons Attribution,19.0,[],The Voices
8724,1159,15322.0,,Breadcrumbs,22.0,Album,,Josh Woodward,169312.0,,291.0,,"[10, 17, 103]","[17, 10, 103]",Creative Commons Attribution,21.0,[],I'm Not Dreaming
8725,1160,15322.0,,Breadcrumbs,22.0,Album,,Josh Woodward,218205.0,,261.0,,"[10, 17, 103]","[17, 10, 103]",Creative Commons Attribution,2.0,[],Swansong (Instrumental Version)
8726,1161,15322.0,,Breadcrumbs,22.0,Album,,Josh Woodward,197767.0,,213.0,,"[10, 17, 103]","[17, 10, 103]",Creative Commons Attribution,4.0,[],20/20 (Instrumental Version)
8727,1162,15322.0,,Breadcrumbs,22.0,Album,,Josh Woodward,188880.0,,279.0,,"[10, 17, 103]","[17, 10, 103]",Creative Commons Attribution,6.0,[],Border Blaster (Instrumental Version)
8728,1163,15322.0,,Breadcrumbs,22.0,Album,,Josh Woodward,189490.0,,285.0,,"[10, 17, 103]","[17, 10, 103]",Creative Commons Attribution,8.0,[],Private Hurricane (Instrumental Version)
8729,1164,15322.0,,Breadcrumbs,22.0,Album,,Josh Woodward,188459.0,,212.0,,"[10, 17, 103]","[17, 10, 103]",Creative Commons Attribution,10.0,[],Under the Stairs (Instrumental Version)
8730,1165,15322.0,,Breadcrumbs,22.0,Album,,Josh Woodward,201558.0,,288.0,,"[10, 17, 103]","[17, 10, 103]",Creative Commons Attribution,12.0,[],Stars Collide (Instrumental Version)
8731,1166,15322.0,,Breadcrumbs,22.0,Album,,Josh Woodward,205292.0,,302.0,,"[10, 17, 103]","[17, 10, 103]",Creative Commons Attribution,14.0,[],Grey Snow (Instrumental Version)
8732,1167,15322.0,,Breadcrumbs,22.0,Album,,Josh Woodward,215800.0,,274.0,,"[10, 17, 103]","[17, 10, 103]",Creative Commons Attribution,16.0,[],Overthrown (Instrumental Version)
8733,1168,15322.0,,Breadcrumbs,22.0,Album,,Josh Woodward,212300.0,,249.0,,"[10, 17, 103]","[17, 10, 103]",Creative Commons Attribution,18.0,[],Once Tomorrow (Instrumental Version)
8734,1169,15322.0,,Breadcrumbs,22.0,Album,,Josh Woodward,203977.0,,200.0,,"[10, 17, 103]","[17, 10, 103]",Creative Commons Attribution,20.0,[],The Voices (Instrumental Version)
8735,1170,15322.0,,Breadcrumbs,22.0,Album,,Josh Woodward,199690.0,,291.0,,"[10, 17, 103]","[17, 10, 103]",Creative Commons Attribution,22.0,[],I'm Not Dreaming (Instrumental Version)
8736,1171,15325.0,,Well To Hell,11.0,Album,,Voodoo Puppets,320000.0,,164.0,,"[25, 109, 169]","[169, 9, 12, 109, 25]",Creative Commons Attribution,9.0,['horror'],"Bite It, You Scum"
8737,1172,15325.0,,Well To Hell,11.0,Album,,Voodoo Puppets,320000.0,,228.0,,"[25, 109, 169]","[169, 9, 12, 109, 25]",Creative Commons Attribution,8.0,['horror'],My Little Victory
8738,1173,15325.0,,Well To Hell,11.0,Album,,Voodoo Puppets,320000.0,,70.0,,"[25, 109, 169]","[169, 9, 12, 109, 25]",Creative Commons Attribution,10.0,['horror'],Bat Is A Twat
8739,1174,15325.0,,Well To Hell,11.0,Album,,Voodoo Puppets,320000.0,,150.0,,"[25, 109, 169]","[169, 9, 12, 109, 25]",Creative Commons Attribution,7.0,['horror'],Radio Priest
8740,1175,15325.0,,Well To Hell,11.0,Album,,Voodoo Puppets,320000.0,,238.0,,"[25, 109, 169]","[169, 9, 12, 109, 25]",Creative Commons Attribution,5.0,['horror'],Black Rats
8741,1176,15325.0,,Well To Hell,11.0,Album,,Voodoo Puppets,320000.0,,111.0,,"[25, 109, 169]","[169, 9, 12, 109, 25]",Creative Commons Attribution,6.0,['horror'],Fucking Haribos
8742,1177,15325.0,,Well To Hell,11.0,Album,,Voodoo Puppets,320000.0,,188.0,,"[25, 109, 169]","[169, 9, 12, 109, 25]",Creative Commons Attribution,4.0,['horror'],Alice In Horror Land
8743,1178,15325.0,,Well To Hell,11.0,Album,,Voodoo Puppets,320000.0,,185.0,,"[25, 109, 169]","[169, 9, 12, 109, 25]",Creative Commons Attribution,3.0,['horror'],Sweet Hell
8744,1179,15325.0,,Well To Hell,11.0,Album,,Voodoo Puppets,320000.0,,137.0,,"[25, 109, 169]","[169, 9, 12, 109, 25]",Creative Commons Attribution,2.0,['horror'],Laulu Paskasta
8745,1180,15325.0,,Well To Hell,11.0,Album,,Voodoo Puppets,320000.0,,108.0,,"[25, 109, 169]","[169, 9, 12, 109, 25]",Creative Commons Attribution,1.0,['horror'],Intro
8782,1181,15399.0,,Snake Charm,6.0,Album,,Moon Veil,320000.0,,254.0,Electronic,"[15, 468]","[468, 15]",Creative Commons Attribution,1.0,"['ambient', 'chillstep', 'synth wave', 'electronica']",Mantilla
8783,1182,15399.0,,Snake Charm,6.0,Album,,Moon Veil,320000.0,,192.0,Electronic,"[15, 468]","[468, 15]",Creative Commons Attribution,4.0,"['ambient', 'chillstep', 'synth wave', 'electronica']",Scorpio
8784,1183,15399.0,,Snake Charm,6.0,Album,,Moon Veil,320000.0,,303.0,Electronic,"[15, 468]","[468, 15]",Creative Commons Attribution,3.0,"['ambient', 'chillstep', 'synth wave', 'electronica']",Slow Moving
8785,1184,15399.0,,Snake Charm,6.0,Album,,Moon Veil,320000.0,,314.0,Electronic,"[15, 468]","[468, 15]",Creative Commons Attribution,6.0,"['ambient', 'chillstep', 'synth wave', 'electronica']",Ivory
8786,1185,15399.0,,Snake Charm,6.0,Album,,Moon Veil,320000.0,,293.0,Electronic,"[15, 468]","[468, 15]",Creative Commons Attribution,2.0,"['ambient', 'chillstep', 'synth wave', 'electronica']",Snake Charm
8787,1186,15399.0,,Snake Charm,6.0,Album,,Moon Veil,320000.0,,271.0,Electronic,"[15, 468]","[468, 15]",Creative Commons Attribution,5.0,"['ambient', 'chillstep', 'synth wave', 'electronica']",Up There
8800,1187,15474.0,,Das Ist Boris,3.0,Album,(label no name and no logo),Evil Bear Boris,320000.0,,390.0,,"[38, 90]","[38, 12, 45, 53, 90]",Creative Commons Attribution,3.0,[],Geheimnisse des Dritten Reichs
8801,1188,15474.0,,Das Ist Boris,3.0,Album,(label no name and no logo),Evil Bear Boris,320000.0,,266.0,,"[38, 90]","[38, 12, 45, 53, 90]",Creative Commons Attribution,2.0,[],Evil Bear Boris
8802,1189,15474.0,,Das Ist Boris,3.0,Album,(label no name and no logo),Evil Bear Boris,320000.0,,410.0,,"[38, 90]","[38, 12, 45, 53, 90]",Creative Commons Attribution,1.0,[],Fight Club
8803,1190,15473.0,,The Simple Life (Part 1),22.0,Album,,Josh Woodward,173460.0,,241.0,,"[10, 17, 103]","[17, 10, 103]",Creative Commons Attribution,1.0,[],Heritage Place
8804,1191,15473.0,,The Simple Life (Part 1),22.0,Album,,Josh Woodward,177969.0,,226.0,,"[10, 17, 103]","[17, 10, 103]",Creative Commons Attribution,3.0,[],Go
8805,1192,15473.0,,The Simple Life (Part 1),22.0,Album,,Josh Woodward,168485.0,,269.0,,"[10, 17, 103]","[17, 10, 103]",Creative Commons Attribution,5.0,[],Saturday
8806,1193,15473.0,,The Simple Life (Part 1),22.0,Album,,Josh Woodward,153416.0,,267.0,,"[10, 17, 103]","[17, 10, 103]",Creative Commons Attribution,7.0,[],The Parade
8807,1194,15473.0,,The Simple Life (Part 1),22.0,Album,,Josh Woodward,185133.0,,233.0,,"[10, 17, 103]","[17, 10, 103]",Creative Commons Attribution,9.0,[],Revolution Now
8808,1195,15473.0,,The Simple Life (Part 1),22.0,Album,,Josh Woodward,188822.0,,163.0,,"[10, 17, 103]","[17, 10, 103]",Creative Commons Attribution,11.0,[],Flypaper
8809,1196,15473.0,,The Simple Life (Part 1),22.0,Album,,Josh Woodward,161489.0,,192.0,,"[10, 17, 103]","[17, 10, 103]",Creative Commons Attribution,13.0,[],I'm Letting Go
8810,1197,15473.0,,The Simple Life (Part 1),22.0,Album,,Josh Woodward,175413.0,,246.0,,"[10, 17, 103]","[17, 10, 103]",Creative Commons Attribution,15.0,[],Morning Blue
8811,1198,15473.0,,The Simple Life (Part 1),22.0,Album,,Josh Woodward,163390.0,,157.0,,"[10, 17, 103]","[17, 10, 103]",Creative Commons Attribution,17.0,[],The Bottom
8812,1199,15473.0,,The Simple Life (Part 1),22.0,Album,,Josh Woodward,174922.0,,284.0,,"[10, 17, 103]","[17, 10, 103]",Creative Commons Attribution,19.0,[],Rogue Nation
8813,1200,15473.0,,The Simple Life (Part 1),22.0,Album,,Josh Woodward,161624.0,,179.0,,"[10, 17, 103]","[17, 10, 103]",Creative Commons Attribution,21.0,[],History Repeats
8814,1201,15473.0,,The Simple Life (Part 1),22.0,Album,,Josh Woodward,256000.0,,239.0,,"[10, 17, 103]","[17, 10, 103]",Creative Commons Attribution,2.0,[],Heritage Place (Instrumental)
8815,1202,15473.0,,The Simple Life (Part 1),22.0,Album,,Josh Woodward,256000.0,,224.0,,"[10, 17, 103]","[17, 10, 103]",Creative Commons Attribution,4.0,[],Go (Instrumental)
8816,1203,15473.0,,The Simple Life (Part 1),22.0,Album,,Josh Woodward,256000.0,,267.0,,"[10, 17, 103]","[17, 10, 103]",Creative Commons Attribution,6.0,[],Saturday (Instrumental)
8817,1204,15473.0,,The Simple Life (Part 1),22.0,Album,,Josh Woodward,256000.0,,266.0,,"[10, 17, 103]","[17, 10, 103]",Creative Commons Attribution,8.0,[],The Parade (Instrumental)
8818,1205,15473.0,,The Simple Life (Part 1),22.0,Album,,Josh Woodward,256000.0,,232.0,,"[10, 17, 103]","[17, 10, 103]",Creative Commons Attribution,10.0,[],Revolution Now (Instrumental)
8819,1206,15473.0,,The Simple Life (Part 1),22.0,Album,,Josh Woodward,256000.0,,161.0,,"[10, 17, 103]","[17, 10, 103]",Creative Commons Attribution,12.0,[],Flypaper (Instrumental)
8820,1207,15473.0,,The Simple Life (Part 1),22.0,Album,,Josh Woodward,256000.0,,190.0,,"[10, 17, 103]","[17, 10, 103]",Creative Commons Attribution,14.0,[],I'm Letting Go (Instrumental)
8821,1208,15473.0,,The Simple Life (Part 1),22.0,Album,,Josh Woodward,256000.0,,245.0,,"[10, 17, 103]","[17, 10, 103]",Creative Commons Attribution,16.0,[],Morning Blue (Instrumental)
8822,1209,15473.0,,The Simple Life (Part 1),22.0,Album,,Josh Woodward,256000.0,,155.0,,"[10, 17, 103]","[17, 10, 103]",Creative Commons Attribution,18.0,[],The Bottom (Instrumental)
8823,1210,15473.0,,The Simple Life (Part 1),22.0,Album,,Josh Woodward,256000.0,,282.0,,"[10, 17, 103]","[17, 10, 103]",Creative Commons Attribution,20.0,[],Rogue Nation (Instrumental)
8824,1211,15473.0,,The Simple Life (Part 1),22.0,Album,,Josh Woodward,256000.0,,177.0,,"[10, 17, 103]","[17, 10, 103]",Creative Commons Attribution,22.0,[],History Repeats (Instrumental)
8862,1212,14586.0,,Nameless: The Hackers RPG Soundtrack,29.0,Album,,BoxCat Games,320000.0,,205.0,,"[18, 240]","[297, 15, 240, 18, 1235]",Creative Commons Attribution,27.0,[],Against the Wall
8863,1213,14586.0,,Nameless: The Hackers RPG Soundtrack,29.0,Album,,BoxCat Games,320000.0,,287.0,,"[18, 240]","[297, 15, 240, 18, 1235]",Creative Commons Attribution,28.0,[],Frantic
8864,1214,14586.0,,Nameless: The Hackers RPG Soundtrack,29.0,Album,,BoxCat Games,320000.0,,82.0,,"[18, 240]","[297, 15, 240, 18, 1235]",Creative Commons Attribution,29.0,[],Storm
8865,1215,14586.0,,Nameless: The Hackers RPG Soundtrack,29.0,Album,,BoxCat Games,320000.0,,202.0,,"[18, 240]","[297, 15, 240, 18, 1235]",Creative Commons Attribution,13.0,[],Rolling
8866,1216,14586.0,,Nameless: The Hackers RPG Soundtrack,29.0,Album,,BoxCat Games,320000.0,,59.0,,"[18, 240]","[297, 15, 240, 18, 1235]",Creative Commons Attribution,14.0,[],Battle (End)
8867,1217,14586.0,,Nameless: The Hackers RPG Soundtrack,29.0,Album,,BoxCat Games,320000.0,,98.0,,"[18, 240]","[297, 15, 240, 18, 1235]",Creative Commons Attribution,15.0,[],Meeting MtFox
8868,1218,14586.0,,Nameless: The Hackers RPG Soundtrack,29.0,Album,,BoxCat Games,320000.0,,200.0,,"[18, 240]","[297, 15, 240, 18, 1235]",Creative Commons Attribution,16.0,[],Love Of My Life
8869,1219,14586.0,,Nameless: The Hackers RPG Soundtrack,29.0,Album,,BoxCat Games,320000.0,,60.0,,"[18, 240]","[297, 15, 240, 18, 1235]",Creative Commons Attribution,17.0,[],Map Theme
8870,1220,14586.0,,Nameless: The Hackers RPG Soundtrack,29.0,Album,,BoxCat Games,320000.0,,183.0,,"[18, 240]","[297, 15, 240, 18, 1235]",Creative Commons Attribution,18.0,[],Melody
8871,1221,14586.0,,Nameless: The Hackers RPG Soundtrack,29.0,Album,,BoxCat Games,320000.0,,81.0,,"[18, 240]","[297, 15, 240, 18, 1235]",Creative Commons Attribution,19.0,[],Mission
8872,1222,14586.0,,Nameless: The Hackers RPG Soundtrack,29.0,Album,,BoxCat Games,320000.0,,41.0,,"[18, 240]","[297, 15, 240, 18, 1235]",Creative Commons Attribution,20.0,[],Battle (Normal)
8873,1223,14586.0,,Nameless: The Hackers RPG Soundtrack,29.0,Album,,BoxCat Games,320000.0,,76.0,,"[18, 240]","[297, 15, 240, 18, 1235]",Creative Commons Attribution,21.0,[],Rhythm
8874,1224,14586.0,,Nameless: The Hackers RPG Soundtrack,29.0,Album,,BoxCat Games,320000.0,,76.0,,"[18, 240]","[297, 15, 240, 18, 1235]",Creative Commons Attribution,22.0,[],Nameless: the Hackers Title Screen
8875,1225,14586.0,,Nameless: The Hackers RPG Soundtrack,29.0,Album,,BoxCat Games,320000.0,,64.0,,"[18, 240]","[297, 15, 240, 18, 1235]",Creative Commons Attribution,23.0,[],Trace Route
8876,1226,14586.0,,Nameless: The Hackers RPG Soundtrack,29.0,Album,,BoxCat Games,320000.0,,183.0,,"[18, 240]","[297, 15, 240, 18, 1235]",Creative Commons Attribution,24.0,[],Tricks
8877,1227,14586.0,,Nameless: The Hackers RPG Soundtrack,29.0,Album,,BoxCat Games,320000.0,,55.0,,"[18, 240]","[297, 15, 240, 18, 1235]",Creative Commons Attribution,25.0,[],Victory
8878,1228,14586.0,,Nameless: The Hackers RPG Soundtrack,29.0,Album,,BoxCat Games,320000.0,,45.0,,"[18, 240]","[297, 15, 240, 18, 1235]",Creative Commons Attribution,26.0,[],Defeat
10762,1229,17509.0,,microSong Entries,389.0,Album,,FMA Overlords,192000.0,,7.0,Pop,[76],"[10, 76]",CC0 1.0 Universal,1.0,"['interiors c1964', 'existential', 'hardcore-punk', 'pop-punk', 'punk-rock', 'internet boyfriend', 'rew starr', 'public domain', 'creative commons', 'microsong challenge']",Instructions
10764,1230,17509.0,,microSong Entries,389.0,Album,"Altered State Reflections,
Vaatican Records, Sirona Records
Misspelled Records and
Itsu-Jitsu
",Jared C. Balogh,320000.0,,15.0,Pop,[76],"[10, 76]",CC0 1.0 Universal,6.0,"['interiors c1964', 'existential', 'hardcore-punk', 'pop-punk', 'punk-rock', 'internet boyfriend', 'rew starr', 'public domain', 'creative commons', 'microsong challenge']",Fleeting Pint-Sized Quicky
10765,1231,17509.0,,microSong Entries,389.0,Album,,Chuck,128000.0,,10.0,Pop,[76],"[10, 76]",CC0 1.0 Universal,12.0,"['interiors c1964', 'existential', 'hardcore-punk', 'pop-punk', 'punk-rock', 'internet boyfriend', 'rew starr', 'public domain', 'creative commons', 'microsong challenge']",popoly
10767,1232,17509.0,,microSong Entries,389.0,Album,,Big Fresh,128000.0,,15.0,Pop,[76],"[10, 76]",CC0 1.0 Universal,3.0,"['interiors c1964', 'existential', 'hardcore-punk', 'pop-punk', 'punk-rock', 'internet boyfriend', 'rew starr', 'public domain', 'creative commons', 'microsong challenge']",beans
10768,1233,17509.0,,microSong Entries,389.0,Album,"Keshcology, 4-4-2 Music, AMP-Recs",Keshco,256000.0,,15.0,Pop,[76],"[10, 76]",CC0 1.0 Universal,15.0,"['interiors c1964', 'existential', 'hardcore-punk', 'pop-punk', 'punk-rock', 'internet boyfriend', 'rew starr', 'public domain', 'creative commons', 'microsong challenge']",Son Of A Systems Engineer
10773,1234,17509.0,,microSong Entries,389.0,Album,Parenthetical Records,Steve Combs,160000.0,,10.0,Pop,[76],"[10, 76]",CC0 1.0 Universal,11.0,"['interiors c1964', 'existential', 'hardcore-punk', 'pop-punk', 'punk-rock', 'internet boyfriend', 'rew starr', 'public domain', 'creative commons', 'microsong challenge']",New Rock (microSong)
10774,1235,17509.0,,microSong Entries,389.0,Album,Parenthetical Records,Steve Combs,160000.0,,11.0,Pop,[76],"[10, 76]",CC0 1.0 Universal,10.0,"['interiors c1964', 'existential', 'hardcore-punk', 'pop-punk', 'punk-rock', 'internet boyfriend', 'rew starr', 'public domain', 'creative commons', 'microsong challenge']",Modernism (microSong)
10775,1236,17509.0,,microSong Entries,389.0,Album,Parenthetical Records,Steve Combs,160000.0,,11.0,Pop,[76],"[10, 76]",CC0 1.0 Universal,5.0,"['interiors c1964', 'existential', 'hardcore-punk', 'pop-punk', 'punk-rock', 'internet boyfriend', 'rew starr', 'public domain', 'creative commons', 'microsong challenge']",Could Be Worse (microSong)
10776,1237,17509.0,,microSong Entries,389.0,Album,Parenthetical Records,Steve Combs,160000.0,,11.0,Pop,[76],"[10, 76]",CC0 1.0 Universal,18.0,"['interiors c1964', 'existential', 'hardcore-punk', 'pop-punk', 'punk-rock', 'internet boyfriend', 'rew starr', 'public domain', 'creative commons', 'microsong challenge']",Zero (microSong)
10777,1238,17509.0,,microSong Entries,389.0,Album,Parenthetical Records,Steve Combs,160000.0,,11.0,Pop,[76],"[10, 76]",CC0 1.0 Universal,9.0,"['interiors c1964', 'existential', 'hardcore-punk', 'pop-punk', 'punk-rock', 'internet boyfriend', 'rew starr', 'public domain', 'creative commons', 'microsong challenge']",Kill Kill Kill
10778,1239,17509.0,,microSong Entries,389.0,Album,Parenthetical Records,Steve Combs,160000.0,,13.0,Pop,[76],"[10, 76]",CC0 1.0 Universal,13.0,"['interiors c1964', 'existential', 'hardcore-punk', 'pop-punk', 'punk-rock', 'internet boyfriend', 'rew starr', 'public domain', 'creative commons', 'microsong challenge']",Regretz
10779,1240,17509.0,,microSong Entries,389.0,Album,,Jorge Mario Zuleta,192000.0,,15.0,Pop,[76],"[10, 76]",CC0 1.0 Universal,7.0,"['interiors c1964', 'existential', 'hardcore-punk', 'pop-punk', 'punk-rock', 'internet boyfriend', 'rew starr', 'public domain', 'creative commons', 'microsong challenge']",Awake
10780,1241,17509.0,,microSong Entries,389.0,Album,,Jorge Mario Zuleta,192000.0,,15.0,Pop,[76],"[10, 76]",CC0 1.0 Universal,2.0,"['interiors c1964', 'existential', 'hardcore-punk', 'pop-punk', 'punk-rock', 'internet boyfriend', 'rew starr', 'public domain', 'creative commons', 'microsong challenge']",Baked
10782,1242,17509.0,,microSong Entries,389.0,Album,"Yelpco
Matador
Little Mafia
Blackjack
Breathmint
Sunship
Freenoise",U Can Unlearn Guitar,192000.0,,15.0,Pop,[76],"[10, 76]",CC0 1.0 Universal,14.0,"['interiors c1964', 'existential', 'hardcore-punk', 'pop-punk', 'punk-rock', 'internet boyfriend', 'rew starr', 'public domain', 'creative commons', 'microsong challenge']",rzzmtzz
10784,1243,17509.0,,microSong Entries,389.0,Album,,getoffloops,208804.0,,14.0,Pop,[76],"[10, 76]",CC0 1.0 Universal,8.0,"['interiors c1964', 'existential', 'hardcore-punk', 'pop-punk', 'punk-rock', 'internet boyfriend', 'rew starr', 'public domain', 'creative commons', 'microsong challenge']",Intruder
10785,1244,17509.0,,microSong Entries,389.0,Album,,getoffloops,135554.0,,14.0,Pop,[76],"[10, 76]",CC0 1.0 Universal,17.0,"['interiors c1964', 'existential', 'hardcore-punk', 'pop-punk', 'punk-rock', 'internet boyfriend', 'rew starr', 'public domain', 'creative commons', 'microsong challenge']",Unsavory
10786,1245,17509.0,,microSong Entries,389.0,Album,,getoffloops,129408.0,,15.0,Pop,[76],"[10, 76]",CC0 1.0 Universal,4.0,"['interiors c1964', 'existential', 'hardcore-punk', 'pop-punk', 'punk-rock', 'internet boyfriend', 'rew starr', 'public domain', 'creative commons', 'microsong challenge']",Climb
10787,1246,17509.0,,microSong Entries,389.0,Album,,getoffloops,121495.0,,15.0,Pop,[76],"[10, 76]",CC0 1.0 Universal,16.0,"['interiors c1964', 'existential', 'hardcore-punk', 'pop-punk', 'punk-rock', 'internet boyfriend', 'rew starr', 'public domain', 'creative commons', 'microsong challenge']",Sun Kiss
10797,1247,17509.0,,microSong Entries,389.0,Album,,Vad Degtiar,256000.0,,13.0,Pop,[76],"[10, 76]",CC0 1.0 Universal,19.0,"['interiors c1964', 'existential', 'hardcore-punk', 'pop-punk', 'punk-rock', 'internet boyfriend', 'rew starr', 'public domain', 'creative commons', 'microsong challenge']",Chasing After / Being Chased
10815,1248,17545.0,,Loop Mania Sampler Pack,101.0,Album,,Bauchamp,320000.0,,7.0,,"[15, 811]","[811, 21, 15]",CC0 1.0 Universal,0.0,[],_noise and tv
10816,1249,17545.0,,Loop Mania Sampler Pack,101.0,Album,,Bauchamp,320000.0,,16.0,,"[15, 811]","[811, 21, 15]",CC0 1.0 Universal,0.0,[],sud pol
10817,1250,17545.0,,Loop Mania Sampler Pack,101.0,Album,,Bauchamp,320000.0,,13.0,,"[15, 811]","[811, 21, 15]",CC0 1.0 Universal,0.0,[],70 wah wah
10818,1251,17545.0,,Loop Mania Sampler Pack,101.0,Album,,Bauchamp,320000.0,,10.0,,"[15, 811]","[811, 21, 15]",CC0 1.0 Universal,0.0,[],90 lava blue sweet
10819,1252,17545.0,,Loop Mania Sampler Pack,101.0,Album,,Bauchamp,320000.0,,42.0,,"[15, 811]","[811, 21, 15]",CC0 1.0 Universal,0.0,[],90 vie organique moog
10820,1253,17545.0,,Loop Mania Sampler Pack,101.0,Album,,Bauchamp,320000.0,,4.0,,"[15, 811]","[811, 21, 15]",CC0 1.0 Universal,0.0,[],101 scratch it
10821,1254,17545.0,,Loop Mania Sampler Pack,101.0,Album,,Bauchamp,320000.0,,9.0,,"[15, 811]","[811, 21, 15]",CC0 1.0 Universal,0.0,[],103 crip beat
10822,1255,17545.0,,Loop Mania Sampler Pack,101.0,Album,,Bauchamp,320000.0,,51.0,,"[15, 811]","[811, 21, 15]",CC0 1.0 Universal,0.0,[],103 old school casserole beat
10823,1256,17545.0,,Loop Mania Sampler Pack,101.0,Album,,Bauchamp,320000.0,,9.0,,"[15, 811]","[811, 21, 15]",CC0 1.0 Universal,0.0,[],"107 triangle, wood and kick"
10824,1257,17545.0,,Loop Mania Sampler Pack,101.0,Album,,Bauchamp,320000.0,,17.0,,"[15, 811]","[811, 21, 15]",CC0 1.0 Universal,0.0,[],112 beat masher
10825,1258,17545.0,,Loop Mania Sampler Pack,101.0,Album,,Bauchamp,320000.0,,8.0,,"[15, 811]","[811, 21, 15]",CC0 1.0 Universal,0.0,[],116 ragga break drum
10826,1259,17545.0,,Loop Mania Sampler Pack,101.0,Album,,Bauchamp,320000.0,,4.0,,"[15, 811]","[811, 21, 15]",CC0 1.0 Universal,0.0,[],118 extérieur nuit
10827,1260,17545.0,,Loop Mania Sampler Pack,101.0,Album,,Bauchamp,320000.0,,12.0,,"[15, 811]","[811, 21, 15]",CC0 1.0 Universal,0.0,[],118 salissure de vynil et snare
10828,1261,17545.0,,Loop Mania Sampler Pack,101.0,Album,,Bauchamp,320000.0,,8.0,,"[15, 811]","[811, 21, 15]",CC0 1.0 Universal,0.0,[],120 ressort loop
10829,1262,17545.0,,Loop Mania Sampler Pack,101.0,Album,,Bauchamp,320000.0,,29.0,,"[15, 811]","[811, 21, 15]",CC0 1.0 Universal,0.0,[],120 sous le vent
10830,1263,17545.0,,Loop Mania Sampler Pack,101.0,Album,,Bauchamp,320000.0,,23.0,,"[15, 811]","[811, 21, 15]",CC0 1.0 Universal,0.0,[],124 bubble percu 2
10831,1264,17545.0,,Loop Mania Sampler Pack,101.0,Album,,Bauchamp,320000.0,,7.0,,"[15, 811]","[811, 21, 15]",CC0 1.0 Universal,0.0,[],124 simple beat
10832,1265,17545.0,,Loop Mania Sampler Pack,101.0,Album,,Bauchamp,320000.0,,3.0,,"[15, 811]","[811, 21, 15]",CC0 1.0 Universal,0.0,[],125 booty bass
10833,1266,17545.0,,Loop Mania Sampler Pack,101.0,Album,,Bauchamp,320000.0,,30.0,,"[15, 811]","[811, 21, 15]",CC0 1.0 Universal,0.0,[],125 money in the machine
10834,1267,17545.0,,Loop Mania Sampler Pack,101.0,Album,,Bauchamp,320000.0,,15.0,,"[15, 811]","[811, 21, 15]",CC0 1.0 Universal,0.0,[],125 percu wood
10835,1268,17545.0,,Loop Mania Sampler Pack,101.0,Album,,Bauchamp,320000.0,,26.0,,"[15, 811]","[811, 21, 15]",CC0 1.0 Universal,0.0,[],126 cha cha loop
10836,1269,17545.0,,Loop Mania Sampler Pack,101.0,Album,,Bauchamp,320000.0,,15.0,,"[15, 811]","[811, 21, 15]",CC0 1.0 Universal,0.0,[],126 hi hat with a rim shot
10837,1270,17545.0,,Loop Mania Sampler Pack,101.0,Album,,Bauchamp,320000.0,,79.0,,"[15, 811]","[811, 21, 15]",CC0 1.0 Universal,0.0,[],127 bass with bug and perc
10838,1271,17545.0,,Loop Mania Sampler Pack,101.0,Album,,Bauchamp,320000.0,,15.0,,"[15, 811]","[811, 21, 15]",CC0 1.0 Universal,0.0,[],127 beat à l'ancienne
10839,1272,17545.0,,Loop Mania Sampler Pack,101.0,Album,,Bauchamp,320000.0,,7.0,,"[15, 811]","[811, 21, 15]",CC0 1.0 Universal,0.0,[],127 bom beat
10840,1273,17545.0,,Loop Mania Sampler Pack,101.0,Album,,Bauchamp,320000.0,,7.0,,"[15, 811]","[811, 21, 15]",CC0 1.0 Universal,0.0,[],127 ça grince
10841,1274,17545.0,,Loop Mania Sampler Pack,101.0,Album,,Bauchamp,320000.0,,7.0,,"[15, 811]","[811, 21, 15]",CC0 1.0 Universal,0.0,[],127 claphall
10842,1275,17545.0,,Loop Mania Sampler Pack,101.0,Album,,Bauchamp,320000.0,,7.0,,"[15, 811]","[811, 21, 15]",CC0 1.0 Universal,0.0,[],127 cornelius mono disto
10843,1276,17545.0,,Loop Mania Sampler Pack,101.0,Album,,Bauchamp,320000.0,,7.0,,"[15, 811]","[811, 21, 15]",CC0 1.0 Universal,0.0,[],127 crispy
10844,1277,17545.0,,Loop Mania Sampler Pack,101.0,Album,,Bauchamp,320000.0,,3.0,,"[15, 811]","[811, 21, 15]",CC0 1.0 Universal,0.0,[],127 mssv beat
10845,1278,17545.0,,Loop Mania Sampler Pack,101.0,Album,,Bauchamp,320000.0,,7.0,,"[15, 811]","[811, 21, 15]",CC0 1.0 Universal,0.0,[],127 reaggae cut
10846,1279,17545.0,,Loop Mania Sampler Pack,101.0,Album,,Bauchamp,320000.0,,7.0,,"[15, 811]","[811, 21, 15]",CC0 1.0 Universal,0.0,[],127 smile perc
10847,1280,17545.0,,Loop Mania Sampler Pack,101.0,Album,,Bauchamp,320000.0,,62.0,,"[15, 811]","[811, 21, 15]",CC0 1.0 Universal,0.0,[],127 straight and ruff
10848,1281,17545.0,,Loop Mania Sampler Pack,101.0,Album,,Bauchamp,320000.0,,49.0,,"[15, 811]","[811, 21, 15]",CC0 1.0 Universal,0.0,[],127 tamil dance bass and beat
10849,1282,17545.0,,Loop Mania Sampler Pack,101.0,Album,,Bauchamp,320000.0,,7.0,,"[15, 811]","[811, 21, 15]",CC0 1.0 Universal,0.0,[],127 two bass
10850,1283,17545.0,,Loop Mania Sampler Pack,101.0,Album,,Bauchamp,320000.0,,7.0,,"[15, 811]","[811, 21, 15]",CC0 1.0 Universal,0.0,[],127 uk synth
10851,1284,17545.0,,Loop Mania Sampler Pack,101.0,Album,,Bauchamp,320000.0,,3.0,,"[15, 811]","[811, 21, 15]",CC0 1.0 Universal,0.0,[],128 baumont sound 1
10852,1285,17545.0,,Loop Mania Sampler Pack,101.0,Album,,Bauchamp,320000.0,,3.0,,"[15, 811]","[811, 21, 15]",CC0 1.0 Universal,0.0,[],128 baumont sound 2
10853,1286,17545.0,,Loop Mania Sampler Pack,101.0,Album,,Bauchamp,320000.0,,3.0,,"[15, 811]","[811, 21, 15]",CC0 1.0 Universal,0.0,[],128 beat with a weep
10854,1287,17545.0,,Loop Mania Sampler Pack,101.0,Album,,Bauchamp,320000.0,,7.0,,"[15, 811]","[811, 21, 15]",CC0 1.0 Universal,0.0,[],128 beat with a yeah
10855,1288,17545.0,,Loop Mania Sampler Pack,101.0,Album,,Bauchamp,320000.0,,15.0,,"[15, 811]","[811, 21, 15]",CC0 1.0 Universal,0.0,[],128 deep tec beat
10856,1289,17545.0,,Loop Mania Sampler Pack,101.0,Album,,Bauchamp,320000.0,,7.0,,"[15, 811]","[811, 21, 15]",CC0 1.0 Universal,0.0,[],128 dirty disto beat
10857,1290,17545.0,,Loop Mania Sampler Pack,101.0,Album,,Bauchamp,320000.0,,3.0,,"[15, 811]","[811, 21, 15]",CC0 1.0 Universal,0.0,[],128 dirty smplbeat
10858,1291,17545.0,,Loop Mania Sampler Pack,101.0,Album,,Bauchamp,320000.0,,7.0,,"[15, 811]","[811, 21, 15]",CC0 1.0 Universal,0.0,[],128 drum trousseau de clés
10859,1292,17545.0,,Loop Mania Sampler Pack,101.0,Album,,Bauchamp,320000.0,,15.0,,"[15, 811]","[811, 21, 15]",CC0 1.0 Universal,0.0,[],128 groovy snare and hi hat
10860,1293,17545.0,,Loop Mania Sampler Pack,101.0,Album,,Bauchamp,320000.0,,7.0,,"[15, 811]","[811, 21, 15]",CC0 1.0 Universal,0.0,[],128 he you bass
10861,1294,17545.0,,Loop Mania Sampler Pack,101.0,Album,,Bauchamp,320000.0,,3.0,,"[15, 811]","[811, 21, 15]",CC0 1.0 Universal,0.0,[],128 hi hat et finger clap
10862,1295,17545.0,,Loop Mania Sampler Pack,101.0,Album,,Bauchamp,320000.0,,30.0,,"[15, 811]","[811, 21, 15]",CC0 1.0 Universal,0.0,[],128 housecopter
10863,1296,17545.0,,Loop Mania Sampler Pack,101.0,Album,,Bauchamp,320000.0,,37.0,,"[15, 811]","[811, 21, 15]",CC0 1.0 Universal,0.0,[],128 housy stab and bass
10864,1297,17545.0,,Loop Mania Sampler Pack,101.0,Album,,Bauchamp,320000.0,,15.0,,"[15, 811]","[811, 21, 15]",CC0 1.0 Universal,0.0,[],128 in the yard percu
10865,1298,17545.0,,Loop Mania Sampler Pack,101.0,Album,,Bauchamp,320000.0,,3.0,,"[15, 811]","[811, 21, 15]",CC0 1.0 Universal,0.0,[],128 kick pump
10866,1299,17545.0,,Loop Mania Sampler Pack,101.0,Album,,Bauchamp,320000.0,,7.0,,"[15, 811]","[811, 21, 15]",CC0 1.0 Universal,0.0,[],128 lectricvynil
10867,1300,17545.0,,Loop Mania Sampler Pack,101.0,Album,,Bauchamp,320000.0,,15.0,,"[15, 811]","[811, 21, 15]",CC0 1.0 Universal,0.0,[],128 new jack synth
10868,1301,17545.0,,Loop Mania Sampler Pack,101.0,Album,,Bauchamp,320000.0,,3.0,,"[15, 811]","[811, 21, 15]",CC0 1.0 Universal,0.0,[],128 percu sourde
10869,1302,17545.0,,Loop Mania Sampler Pack,101.0,Album,,Bauchamp,320000.0,,9.0,,"[15, 811]","[811, 21, 15]",CC0 1.0 Universal,0.0,[],128 sala 4 4 beat
10870,1303,17545.0,,Loop Mania Sampler Pack,101.0,Album,,Bauchamp,320000.0,,24.0,,"[15, 811]","[811, 21, 15]",CC0 1.0 Universal,0.0,[],128 small beat and support
10871,1304,17545.0,,Loop Mania Sampler Pack,101.0,Album,,Bauchamp,320000.0,,7.0,,"[15, 811]","[811, 21, 15]",CC0 1.0 Universal,0.0,[],128 stems cut
10872,1305,17545.0,,Loop Mania Sampler Pack,101.0,Album,,Bauchamp,320000.0,,11.0,,"[15, 811]","[811, 21, 15]",CC0 1.0 Universal,0.0,[],128 tom kick and noise
10873,1306,17545.0,,Loop Mania Sampler Pack,101.0,Album,,Bauchamp,320000.0,,3.0,,"[15, 811]","[811, 21, 15]",CC0 1.0 Universal,0.0,[],128 tr 606 tom
10874,1307,17545.0,,Loop Mania Sampler Pack,101.0,Album,,Bauchamp,320000.0,,20.0,,"[15, 811]","[811, 21, 15]",CC0 1.0 Universal,0.0,[],129 beat with a double weep
10875,1308,17545.0,,Loop Mania Sampler Pack,101.0,Album,,Bauchamp,320000.0,,7.0,,"[15, 811]","[811, 21, 15]",CC0 1.0 Universal,0.0,[],129 beat with a weep but without kick
10876,1309,17545.0,,Loop Mania Sampler Pack,101.0,Album,,Bauchamp,320000.0,,11.0,,"[15, 811]","[811, 21, 15]",CC0 1.0 Universal,0.0,[],129 small beat
10877,1310,17545.0,,Loop Mania Sampler Pack,101.0,Album,,Bauchamp,320000.0,,7.0,,"[15, 811]","[811, 21, 15]",CC0 1.0 Universal,0.0,[],130 arpeggio rock
10878,1311,17545.0,,Loop Mania Sampler Pack,101.0,Album,,Bauchamp,320000.0,,3.0,,"[15, 811]","[811, 21, 15]",CC0 1.0 Universal,0.0,[],130 bip style
10879,1312,17545.0,,Loop Mania Sampler Pack,101.0,Album,,Bauchamp,320000.0,,14.0,,"[15, 811]","[811, 21, 15]",CC0 1.0 Universal,0.0,[],130 combinaison de percussions
10880,1313,17545.0,,Loop Mania Sampler Pack,101.0,Album,,Bauchamp,320000.0,,7.0,,"[15, 811]","[811, 21, 15]",CC0 1.0 Universal,0.0,[],130 cristal percu
10881,1314,17545.0,,Loop Mania Sampler Pack,101.0,Album,,Bauchamp,320000.0,,7.0,,"[15, 811]","[811, 21, 15]",CC0 1.0 Universal,0.0,[],130 gh beat
10882,1315,17545.0,,Loop Mania Sampler Pack,101.0,Album,,Bauchamp,320000.0,,3.0,,"[15, 811]","[811, 21, 15]",CC0 1.0 Universal,0.0,[],130 guitare bellevue
10883,1316,17545.0,,Loop Mania Sampler Pack,101.0,Album,,Bauchamp,320000.0,,11.0,,"[15, 811]","[811, 21, 15]",CC0 1.0 Universal,0.0,[],130 od beat
10884,1317,17545.0,,Loop Mania Sampler Pack,101.0,Album,,Bauchamp,320000.0,,29.0,,"[15, 811]","[811, 21, 15]",CC0 1.0 Universal,0.0,[],130 old drum break
10885,1318,17545.0,,Loop Mania Sampler Pack,101.0,Album,,Bauchamp,320000.0,,14.0,,"[15, 811]","[811, 21, 15]",CC0 1.0 Universal,0.0,[],130 old drum percu
10886,1319,17545.0,,Loop Mania Sampler Pack,101.0,Album,,Bauchamp,320000.0,,7.0,,"[15, 811]","[811, 21, 15]",CC0 1.0 Universal,0.0,[],130 ragga beat
10887,1320,17545.0,,Loop Mania Sampler Pack,101.0,Album,,Bauchamp,320000.0,,14.0,,"[15, 811]","[811, 21, 15]",CC0 1.0 Universal,0.0,[],130 ragga perc&beat
10888,1321,17545.0,,Loop Mania Sampler Pack,101.0,Album,,Bauchamp,320000.0,,7.0,,"[15, 811]","[811, 21, 15]",CC0 1.0 Universal,0.0,[],130 support tribal style
10889,1322,17545.0,,Loop Mania Sampler Pack,101.0,Album,,Bauchamp,320000.0,,7.0,,"[15, 811]","[811, 21, 15]",CC0 1.0 Universal,0.0,[],132 beat avec souffle
10890,1323,17545.0,,Loop Mania Sampler Pack,101.0,Album,,Bauchamp,320000.0,,10.0,,"[15, 811]","[811, 21, 15]",CC0 1.0 Universal,0.0,[],132 big beat
10891,1324,17545.0,,Loop Mania Sampler Pack,101.0,Album,,Bauchamp,320000.0,,14.0,,"[15, 811]","[811, 21, 15]",CC0 1.0 Universal,0.0,[],132 booty drum
10892,1325,17545.0,,Loop Mania Sampler Pack,101.0,Album,,Bauchamp,320000.0,,43.0,,"[15, 811]","[811, 21, 15]",CC0 1.0 Universal,0.0,[],132 tomcat beat
10893,1326,17545.0,,Loop Mania Sampler Pack,101.0,Album,,Bauchamp,320000.0,,3.0,,"[15, 811]","[811, 21, 15]",CC0 1.0 Universal,0.0,[],133 loco strght
10894,1327,17545.0,,Loop Mania Sampler Pack,101.0,Album,,Bauchamp,320000.0,,10.0,,"[15, 811]","[811, 21, 15]",CC0 1.0 Universal,0.0,[],133 old school boîte à rythme 1
10895,1328,17545.0,,Loop Mania Sampler Pack,101.0,Album,,Bauchamp,320000.0,,5.0,,"[15, 811]","[811, 21, 15]",CC0 1.0 Universal,0.0,[],134 old school boîte à rythme 2
10896,1329,17545.0,,Loop Mania Sampler Pack,101.0,Album,,Bauchamp,320000.0,,5.0,,"[15, 811]","[811, 21, 15]",CC0 1.0 Universal,0.0,[],134 sur la retenue
10897,1330,17545.0,,Loop Mania Sampler Pack,101.0,Album,,Bauchamp,320000.0,,3.0,,"[15, 811]","[811, 21, 15]",CC0 1.0 Universal,0.0,[],135 walking loop
10898,1331,17545.0,,Loop Mania Sampler Pack,101.0,Album,,Bauchamp,320000.0,,13.0,,"[15, 811]","[811, 21, 15]",CC0 1.0 Universal,0.0,[],138 hawaien clap
10899,1332,17545.0,,Loop Mania Sampler Pack,101.0,Album,,Bauchamp,320000.0,,6.0,,"[15, 811]","[811, 21, 15]",CC0 1.0 Universal,0.0,[],140 alpha
10900,1333,17545.0,,Loop Mania Sampler Pack,101.0,Album,,Bauchamp,320000.0,,6.0,,"[15, 811]","[811, 21, 15]",CC0 1.0 Universal,0.0,[],140 beat saturé
10901,1334,17545.0,,Loop Mania Sampler Pack,101.0,Album,,Bauchamp,320000.0,,13.0,,"[15, 811]","[811, 21, 15]",CC0 1.0 Universal,0.0,[],140 blood suspition
10902,1335,17545.0,,Loop Mania Sampler Pack,101.0,Album,,Bauchamp,320000.0,,13.0,,"[15, 811]","[811, 21, 15]",CC0 1.0 Universal,0.0,[],140 destabeat
10903,1336,17545.0,,Loop Mania Sampler Pack,101.0,Album,,Bauchamp,320000.0,,20.0,,"[15, 811]","[811, 21, 15]",CC0 1.0 Universal,0.0,[],140 in the forrest
10904,1337,17545.0,,Loop Mania Sampler Pack,101.0,Album,,Bauchamp,320000.0,,6.0,,"[15, 811]","[811, 21, 15]",CC0 1.0 Universal,0.0,[],140 ouverture
10905,1338,17545.0,,Loop Mania Sampler Pack,101.0,Album,,Bauchamp,320000.0,,6.0,,"[15, 811]","[811, 21, 15]",CC0 1.0 Universal,0.0,[],140 percu invert 24 bit
10906,1339,17545.0,,Loop Mania Sampler Pack,101.0,Album,,Bauchamp,320000.0,,3.0,,"[15, 811]","[811, 21, 15]",CC0 1.0 Universal,0.0,[],140 ragga beat
10907,1340,17545.0,,Loop Mania Sampler Pack,101.0,Album,,Bauchamp,320000.0,,41.0,,"[15, 811]","[811, 21, 15]",CC0 1.0 Universal,0.0,[],140 three step
10908,1341,17545.0,,Loop Mania Sampler Pack,101.0,Album,,Bauchamp,320000.0,,6.0,,"[15, 811]","[811, 21, 15]",CC0 1.0 Universal,0.0,[],145 speed (pressé)
10909,1342,17545.0,,Loop Mania Sampler Pack,101.0,Album,,Bauchamp,320000.0,,6.0,,"[15, 811]","[811, 21, 15]",CC0 1.0 Universal,0.0,[],145 speed percu
10910,1343,17545.0,,Loop Mania Sampler Pack,101.0,Album,,Bauchamp,320000.0,,6.0,,"[15, 811]","[811, 21, 15]",CC0 1.0 Universal,0.0,[],145 speed voice
10911,1344,17545.0,,Loop Mania Sampler Pack,101.0,Album,,Bauchamp,320000.0,,25.0,,"[15, 811]","[811, 21, 15]",CC0 1.0 Universal,0.0,[],148 jucky
10912,1345,17545.0,,Loop Mania Sampler Pack,101.0,Album,,Bauchamp,320000.0,,58.0,,"[15, 811]","[811, 21, 15]",CC0 1.0 Universal,0.0,[],160 friki Bauchamp's theme
10913,1346,17545.0,,Loop Mania Sampler Pack,101.0,Album,,Bauchamp,320000.0,,13.0,,"[15, 811]","[811, 21, 15]",CC0 1.0 Universal,0.0,[],160 friki break
10914,1347,17545.0,,Loop Mania Sampler Pack,101.0,Album,,Bauchamp,320000.0,,22.0,,"[15, 811]","[811, 21, 15]",CC0 1.0 Universal,0.0,[],170 aproximativement percu
10915,1348,17545.0,,Loop Mania Sampler Pack,101.0,Album,,Bauchamp,320000.0,,5.0,,"[15, 811]","[811, 21, 15]",CC0 1.0 Universal,0.0,[],1000 bip bip
10918,1349,17509.0,,microSong Entries,389.0,Album,,Room 34,320000.0,,14.0,Pop,[76],"[10, 76]",CC0 1.0 Universal,24.0,"['interiors c1964', 'existential', 'hardcore-punk', 'pop-punk', 'punk-rock', 'internet boyfriend', 'rew starr', 'public domain', 'creative commons', 'microsong challenge']",The Fall of the Village of the Infinitesimal Forest at the Hands of the Royal Aggressor [An Epic in Seven Parts]
10919,1350,17509.0,,microSong Entries,389.0,Album,,Thomas Kyhn Rovsing Hjørnet,320000.0,,12.0,Pop,[76],"[10, 76]",CC0 1.0 Universal,64.0,"['interiors c1964', 'existential', 'hardcore-punk', 'pop-punk', 'punk-rock', 'internet boyfriend', 'rew starr', 'public domain', 'creative commons', 'microsong challenge']",Ophævelse af fortrængninger og genoprettelse af perversioner (Lifting of Repressions and Restoration of Perversions)
10920,1351,17509.0,,microSong Entries,389.0,Album,,Thomas Kyhn Rovsing Hjørnet,320000.0,,15.0,Pop,[76],"[10, 76]",CC0 1.0 Universal,21.0,"['interiors c1964', 'existential', 'hardcore-punk', 'pop-punk', 'punk-rock', 'internet boyfriend', 'rew starr', 'public domain', 'creative commons', 'microsong challenge']",Mens pølsen koger (While the Sausage Is Cooking)
10921,1352,17509.0,,microSong Entries,389.0,Album,,simon_mathewson,128000.0,,12.0,Pop,[76],"[10, 76]",CC0 1.0 Universal,61.0,"['interiors c1964', 'existential', 'hardcore-punk', 'pop-punk', 'punk-rock', 'internet boyfriend', 'rew starr', 'public domain', 'creative commons', 'microsong challenge']",M100
10922,1353,17509.0,,microSong Entries,389.0,Album,,simon_mathewson,128000.0,,15.0,Pop,[76],"[10, 76]",CC0 1.0 Universal,23.0,"['interiors c1964', 'existential', 'hardcore-punk', 'pop-punk', 'punk-rock', 'internet boyfriend', 'rew starr', 'public domain', 'creative commons', 'microsong challenge']",That Shouldn't Be Any Concern of Yours
10923,1354,17509.0,,microSong Entries,389.0,Album,,Jorge Mario Zuleta,192000.0,,15.0,Pop,[76],"[10, 76]",CC0 1.0 Universal,25.0,"['interiors c1964', 'existential', 'hardcore-punk', 'pop-punk', 'punk-rock', 'internet boyfriend', 'rew starr', 'public domain', 'creative commons', 'microsong challenge']",Croissant
10934,1355,17509.0,,microSong Entries,389.0,Album,,Thomas Kyhn Rovsing Hjørnet,320000.0,,13.0,Pop,[76],"[10, 76]",CC0 1.0 Universal,30.0,"['interiors c1964', 'existential', 'hardcore-punk', 'pop-punk', 'punk-rock', 'internet boyfriend', 'rew starr', 'public domain', 'creative commons', 'microsong challenge']",Næringskatastrofe (Nourishment Catastrophe)
10935,1356,17509.0,,microSong Entries,389.0,Album,,Ellennerv,256000.0,,15.0,Pop,[76],"[10, 76]",CC0 1.0 Universal,31.0,"['interiors c1964', 'existential', 'hardcore-punk', 'pop-punk', 'punk-rock', 'internet boyfriend', 'rew starr', 'public domain', 'creative commons', 'microsong challenge']",Epiphany
10936,1357,17509.0,,microSong Entries,389.0,Album,,Thomas Kyhn Rovsing Hjørnet,320000.0,,15.0,Pop,[76],"[10, 76]",CC0 1.0 Universal,28.0,"['interiors c1964', 'existential', 'hardcore-punk', 'pop-punk', 'punk-rock', 'internet boyfriend', 'rew starr', 'public domain', 'creative commons', 'microsong challenge']",Gynäkologischer Phantasien
10948,1358,17509.0,,microSong Entries,389.0,Album,,Thomas Kyhn Rovsing Hjørnet,320000.0,,14.0,Pop,[76],"[10, 76]",CC0 1.0 Universal,29.0,"['interiors c1964', 'existential', 'hardcore-punk', 'pop-punk', 'punk-rock', 'internet boyfriend', 'rew starr', 'public domain', 'creative commons', 'microsong challenge']","If Adam and Eve Never Existed, Where Did Original Sin Come from?"
10950,1359,17509.0,,microSong Entries,389.0,Album,,Greg Reinfeld,256000.0,,9.0,Pop,[76],"[10, 76]",CC0 1.0 Universal,27.0,"['interiors c1964', 'existential', 'hardcore-punk', 'pop-punk', 'punk-rock', 'internet boyfriend', 'rew starr', 'public domain', 'creative commons', 'microsong challenge']",Clyde the Formidable Cat
10951,1360,17509.0,,microSong Entries,389.0,Album,,Jaan Patterson,320000.0,,15.0,Pop,[76],"[10, 76]",CC0 1.0 Universal,32.0,"['interiors c1964', 'existential', 'hardcore-punk', 'pop-punk', 'punk-rock', 'internet boyfriend', 'rew starr', 'public domain', 'creative commons', 'microsong challenge']",The Flourish Béton
10974,1361,17509.0,,microSong Entries,389.0,Album,,Jorge Mario Zuleta,192000.0,,15.0,Pop,[76],"[10, 76]",CC0 1.0 Universal,227.0,"['interiors c1964', 'existential', 'hardcore-punk', 'pop-punk', 'punk-rock', 'internet boyfriend', 'rew starr', 'public domain', 'creative commons', 'microsong challenge']",Dejeuner
10984,1362,17509.0,,microSong Entries,389.0,Album,,Nick Fraelich,320000.0,,14.0,Pop,[76],"[10, 76]",CC0 1.0 Universal,35.0,"['interiors c1964', 'existential', 'hardcore-punk', 'pop-punk', 'punk-rock', 'internet boyfriend', 'rew starr', 'public domain', 'creative commons', 'microsong challenge']",Pung
10985,1363,17509.0,,microSong Entries,389.0,Album,,Thomas Kyhn Rovsing Hjørnet,320000.0,,14.0,Pop,[76],"[10, 76]",CC0 1.0 Universal,20.0,"['interiors c1964', 'existential', 'hardcore-punk', 'pop-punk', 'punk-rock', 'internet boyfriend', 'rew starr', 'public domain', 'creative commons', 'microsong challenge']",Is Sublimation Always Incomplete?
10987,1364,17509.0,,microSong Entries,389.0,Album,,Lee Rosevere,320000.0,,15.0,Pop,[76],"[10, 76]",CC0 1.0 Universal,38.0,"['interiors c1964', 'existential', 'hardcore-punk', 'pop-punk', 'punk-rock', 'internet boyfriend', 'rew starr', 'public domain', 'creative commons', 'microsong challenge']",The Future of Music
10988,1365,17509.0,,microSong Entries,389.0,Album,,Lee Rosevere,320000.0,,15.0,Pop,[76],"[10, 76]",CC0 1.0 Universal,132.0,"['interiors c1964', 'existential', 'hardcore-punk', 'pop-punk', 'punk-rock', 'internet boyfriend', 'rew starr', 'public domain', 'creative commons', 'microsong challenge']",Get the Gist
10989,1366,17509.0,,microSong Entries,389.0,Album,,Lee Rosevere,320000.0,,15.0,Pop,[76],"[10, 76]",CC0 1.0 Universal,42.0,"['interiors c1964', 'existential', 'hardcore-punk', 'pop-punk', 'punk-rock', 'internet boyfriend', 'rew starr', 'public domain', 'creative commons', 'microsong challenge']",Silent Gazz
10990,1367,17509.0,,microSong Entries,389.0,Album,,Lee Rosevere,320000.0,,14.0,Pop,[76],"[10, 76]",CC0 1.0 Universal,43.0,"['interiors c1964', 'existential', 'hardcore-punk', 'pop-punk', 'punk-rock', 'internet boyfriend', 'rew starr', 'public domain', 'creative commons', 'microsong challenge']",Hey There
10991,1368,17509.0,,microSong Entries,389.0,Album,,Lee Rosevere,320000.0,,15.0,Pop,[76],"[10, 76]",CC0 1.0 Universal,44.0,"['interiors c1964', 'existential', 'hardcore-punk', 'pop-punk', 'punk-rock', 'internet boyfriend', 'rew starr', 'public domain', 'creative commons', 'microsong challenge']",Crow on a Tombstone
10992,1369,17509.0,,microSong Entries,389.0,Album,,Lee Rosevere,320000.0,,15.0,Pop,[76],"[10, 76]",CC0 1.0 Universal,45.0,"['interiors c1964', 'existential', 'hardcore-punk', 'pop-punk', 'punk-rock', 'internet boyfriend', 'rew starr', 'public domain', 'creative commons', 'microsong challenge']",Kalabana
10993,1370,17509.0,,microSong Entries,389.0,Album,,Lee Rosevere,320000.0,,15.0,Pop,[76],"[10, 76]",CC0 1.0 Universal,46.0,"['interiors c1964', 'existential', 'hardcore-punk', 'pop-punk', 'punk-rock', 'internet boyfriend', 'rew starr', 'public domain', 'creative commons', 'microsong challenge']",ASMR
10994,1371,17509.0,,microSong Entries,389.0,Album,,Lee Rosevere,320000.0,,15.0,Pop,[76],"[10, 76]",CC0 1.0 Universal,49.0,"['interiors c1964', 'existential', 'hardcore-punk', 'pop-punk', 'punk-rock', 'internet boyfriend', 'rew starr', 'public domain', 'creative commons', 'microsong challenge']",Wormhole Gazz
10995,1372,17509.0,,microSong Entries,389.0,Album,,Lee Rosevere,320000.0,,15.0,Pop,[76],"[10, 76]",CC0 1.0 Universal,51.0,"['interiors c1964', 'existential', 'hardcore-punk', 'pop-punk', 'punk-rock', 'internet boyfriend', 'rew starr', 'public domain', 'creative commons', 'microsong challenge']",Dream Sequence
10996,1373,17509.0,,microSong Entries,389.0,Album,,Lee Rosevere,320000.0,,15.0,Pop,[76],"[10, 76]",CC0 1.0 Universal,52.0,"['interiors c1964', 'existential', 'hardcore-punk', 'pop-punk', 'punk-rock', 'internet boyfriend', 'rew starr', 'public domain', 'creative commons', 'microsong challenge']",Face of the Clock
10997,1374,17509.0,,microSong Entries,389.0,Album,,Lee Rosevere,320000.0,,15.0,Pop,[76],"[10, 76]",CC0 1.0 Universal,53.0,"['interiors c1964', 'existential', 'hardcore-punk', 'pop-punk', 'punk-rock', 'internet boyfriend', 'rew starr', 'public domain', 'creative commons', 'microsong challenge']",Empty Parkade
10998,1375,17509.0,,microSong Entries,389.0,Album,,Lee Rosevere,320000.0,,15.0,Pop,[76],"[10, 76]",CC0 1.0 Universal,55.0,"['interiors c1964', 'existential', 'hardcore-punk', 'pop-punk', 'punk-rock', 'internet boyfriend', 'rew starr', 'public domain', 'creative commons', 'microsong challenge']",Frantic Gazz
10999,1376,17509.0,,microSong Entries,389.0,Album,,Lee Rosevere,320000.0,,15.0,Pop,[76],"[10, 76]",CC0 1.0 Universal,56.0,"['interiors c1964', 'existential', 'hardcore-punk', 'pop-punk', 'punk-rock', 'internet boyfriend', 'rew starr', 'public domain', 'creative commons', 'microsong challenge']",The Cellist Who Had Fish For Lunch
11000,1377,17509.0,,microSong Entries,389.0,Album,,Lee Rosevere,320000.0,,14.0,Pop,[76],"[10, 76]",CC0 1.0 Universal,57.0,"['interiors c1964', 'existential', 'hardcore-punk', 'pop-punk', 'punk-rock', 'internet boyfriend', 'rew starr', 'public domain', 'creative commons', 'microsong challenge']",Punk's Not Dead It Just Smells Funny
11001,1378,17509.0,,microSong Entries,389.0,Album,,Lee Rosevere,320000.0,,13.0,Pop,[76],"[10, 76]",CC0 1.0 Universal,58.0,"['interiors c1964', 'existential', 'hardcore-punk', 'pop-punk', 'punk-rock', 'internet boyfriend', 'rew starr', 'public domain', 'creative commons', 'microsong challenge']",Castle of Recycled Kings
11002,1379,17509.0,,microSong Entries,389.0,Album,,Lee Rosevere,320000.0,,15.0,Pop,[76],"[10, 76]",CC0 1.0 Universal,59.0,"['interiors c1964', 'existential', 'hardcore-punk', 'pop-punk', 'punk-rock', 'internet boyfriend', 'rew starr', 'public domain', 'creative commons', 'microsong challenge']",EVP
11003,1380,17509.0,,microSong Entries,389.0,Album,,Lee Rosevere,320000.0,,14.0,Pop,[76],"[10, 76]",CC0 1.0 Universal,60.0,"['interiors c1964', 'existential', 'hardcore-punk', 'pop-punk', 'punk-rock', 'internet boyfriend', 'rew starr', 'public domain', 'creative commons', 'microsong challenge']",Crack In The Glass That Lets The Cold Air In
11004,1381,17509.0,,microSong Entries,389.0,Album,,Lee Rosevere,320000.0,,15.0,Pop,[76],"[10, 76]",CC0 1.0 Universal,2.0,"['interiors c1964', 'existential', 'hardcore-punk', 'pop-punk', 'punk-rock', 'internet boyfriend', 'rew starr', 'public domain', 'creative commons', 'microsong challenge']",Summers Playing Pinball
11005,1382,17509.0,,microSong Entries,389.0,Album,,Lee Rosevere,320000.0,,12.0,Pop,[76],"[10, 76]",CC0 1.0 Universal,63.0,"['interiors c1964', 'existential', 'hardcore-punk', 'pop-punk', 'punk-rock', 'internet boyfriend', 'rew starr', 'public domain', 'creative commons', 'microsong challenge']",Nobody Likes a Wet Towel
11006,1383,17509.0,,microSong Entries,389.0,Album,,Lee Rosevere,320000.0,,13.0,Pop,[76],"[10, 76]",CC0 1.0 Universal,65.0,"['interiors c1964', 'existential', 'hardcore-punk', 'pop-punk', 'punk-rock', 'internet boyfriend', 'rew starr', 'public domain', 'creative commons', 'microsong challenge']",Wando
11007,1384,17509.0,,microSong Entries,389.0,Album,,Lee Rosevere,320000.0,,15.0,Pop,[76],"[10, 76]",CC0 1.0 Universal,66.0,"['interiors c1964', 'existential', 'hardcore-punk', 'pop-punk', 'punk-rock', 'internet boyfriend', 'rew starr', 'public domain', 'creative commons', 'microsong challenge']",Sun Over Frost
11008,1385,17509.0,,microSong Entries,389.0,Album,,Lee Rosevere,320000.0,,15.0,Pop,[76],"[10, 76]",CC0 1.0 Universal,67.0,"['interiors c1964', 'existential', 'hardcore-punk', 'pop-punk', 'punk-rock', 'internet boyfriend', 'rew starr', 'public domain', 'creative commons', 'microsong challenge']",Without You
11009,1386,17509.0,,microSong Entries,389.0,Album,,Pezhed,160000.0,,11.0,Pop,[76],"[10, 76]",CC0 1.0 Universal,47.0,"['interiors c1964', 'existential', 'hardcore-punk', 'pop-punk', 'punk-rock', 'internet boyfriend', 'rew starr', 'public domain', 'creative commons', 'microsong challenge']",888 pt.8
11010,1387,17509.0,,microSong Entries,389.0,Album,,Nick Didkovsky,320000.0,,11.0,Pop,[76],"[10, 76]",CC0 1.0 Universal,48.0,"['interiors c1964', 'existential', 'hardcore-punk', 'pop-punk', 'punk-rock', 'internet boyfriend', 'rew starr', 'public domain', 'creative commons', 'microsong challenge']",Ice Cream Time
11011,1388,17509.0,,microSong Entries,389.0,Album,,Pezhed,160000.0,,11.0,Pop,[76],"[10, 76]",CC0 1.0 Universal,41.0,"['interiors c1964', 'existential', 'hardcore-punk', 'pop-punk', 'punk-rock', 'internet boyfriend', 'rew starr', 'public domain', 'creative commons', 'microsong challenge']",Mr. Clampton
11012,1389,17509.0,,microSong Entries,389.0,Album,,The Mostly Bad Virus,256000.0,,14.0,Pop,[76],"[10, 76]",CC0 1.0 Universal,79.0,"['interiors c1964', 'existential', 'hardcore-punk', 'pop-punk', 'punk-rock', 'internet boyfriend', 'rew starr', 'public domain', 'creative commons', 'microsong challenge']",The Ballad of Phil Collins
11013,1390,17509.0,,microSong Entries,389.0,Album,,Ellennerv,256000.0,,15.0,Pop,[76],"[10, 76]",CC0 1.0 Universal,39.0,"['interiors c1964', 'existential', 'hardcore-punk', 'pop-punk', 'punk-rock', 'internet boyfriend', 'rew starr', 'public domain', 'creative commons', 'microsong challenge']",Ambivalence
11014,1391,17509.0,,microSong Entries,389.0,Album,,Julie Depienne,320000.0,,6.0,Pop,[76],"[10, 76]",CC0 1.0 Universal,78.0,"['interiors c1964', 'existential', 'hardcore-punk', 'pop-punk', 'punk-rock', 'internet boyfriend', 'rew starr', 'public domain', 'creative commons', 'microsong challenge']",nono-02
11041,1392,17509.0,,microSong Entries,389.0,Album,,Neblung Price,160000.0,,15.0,Pop,[76],"[10, 76]",CC0 1.0 Universal,69.0,"['interiors c1964', 'existential', 'hardcore-punk', 'pop-punk', 'punk-rock', 'internet boyfriend', 'rew starr', 'public domain', 'creative commons', 'microsong challenge']",Lampost Moonlight
11059,1393,17509.0,,microSong Entries,389.0,Album,,Uncle Milk,320000.0,,14.0,Pop,[76],"[10, 76]",CC0 1.0 Universal,22.0,"['interiors c1964', 'existential', 'hardcore-punk', 'pop-punk', 'punk-rock', 'internet boyfriend', 'rew starr', 'public domain', 'creative commons', 'microsong challenge']",1 snow day (short)
11060,1394,17509.0,,microSong Entries,389.0,Album,,Uncle Milk,320000.0,,9.0,Pop,[76],"[10, 76]",CC0 1.0 Universal,33.0,"['interiors c1964', 'existential', 'hardcore-punk', 'pop-punk', 'punk-rock', 'internet boyfriend', 'rew starr', 'public domain', 'creative commons', 'microsong challenge']",124
11061,1395,17509.0,,microSong Entries,389.0,Album,,Uncle Milk,320000.0,,13.0,Pop,[76],"[10, 76]",CC0 1.0 Universal,34.0,"['interiors c1964', 'existential', 'hardcore-punk', 'pop-punk', 'punk-rock', 'internet boyfriend', 'rew starr', 'public domain', 'creative commons', 'microsong challenge']",apex chappelle
11062,1396,17509.0,,microSong Entries,389.0,Album,,Uncle Milk,320000.0,,9.0,Pop,[76],"[10, 76]",CC0 1.0 Universal,40.0,"['interiors c1964', 'existential', 'hardcore-punk', 'pop-punk', 'punk-rock', 'internet boyfriend', 'rew starr', 'public domain', 'creative commons', 'microsong challenge']",is it a rash
11063,1397,17509.0,,microSong Entries,389.0,Album,,Uncle Milk,320000.0,,12.0,Pop,[76],"[10, 76]",CC0 1.0 Universal,70.0,"['interiors c1964', 'existential', 'hardcore-punk', 'pop-punk', 'punk-rock', 'internet boyfriend', 'rew starr', 'public domain', 'creative commons', 'microsong challenge']",kalas
11064,1398,17509.0,,microSong Entries,389.0,Album,,Uncle Milk,320000.0,,11.0,Pop,[76],"[10, 76]",CC0 1.0 Universal,71.0,"['interiors c1964', 'existential', 'hardcore-punk', 'pop-punk', 'punk-rock', 'internet boyfriend', 'rew starr', 'public domain', 'creative commons', 'microsong challenge']",on two hours sleep
11065,1399,17509.0,,microSong Entries,389.0,Album,,Uncle Milk,320000.0,,14.0,Pop,[76],"[10, 76]",CC0 1.0 Universal,72.0,"['interiors c1964', 'existential', 'hardcore-punk', 'pop-punk', 'punk-rock', 'internet boyfriend', 'rew starr', 'public domain', 'creative commons', 'microsong challenge']",sad flounder
11066,1400,17509.0,,microSong Entries,389.0,Album,,Uncle Milk,320000.0,,14.0,Pop,[76],"[10, 76]",CC0 1.0 Universal,73.0,"['interiors c1964', 'existential', 'hardcore-punk', 'pop-punk', 'punk-rock', 'internet boyfriend', 'rew starr', 'public domain', 'creative commons', 'microsong challenge']",sr8 m8
11067,1401,17509.0,,microSong Entries,389.0,Album,,Uncle Milk,320000.0,,15.0,Pop,[76],"[10, 76]",CC0 1.0 Universal,74.0,"['interiors c1964', 'existential', 'hardcore-punk', 'pop-punk', 'punk-rock', 'internet boyfriend', 'rew starr', 'public domain', 'creative commons', 'microsong challenge']",zate it with a spork
11079,1402,17509.0,,microSong Entries,389.0,Album,,Jackson Schad,128000.0,,14.0,Pop,[76],"[10, 76]",CC0 1.0 Universal,37.0,"['interiors c1964', 'existential', 'hardcore-punk', 'pop-punk', 'punk-rock', 'internet boyfriend', 'rew starr', 'public domain', 'creative commons', 'microsong challenge']",Harper Lee
11084,1403,17509.0,,microSong Entries,389.0,Album,,hms reliant,320000.0,,14.0,Pop,[76],"[10, 76]",CC0 1.0 Universal,76.0,"['interiors c1964', 'existential', 'hardcore-punk', 'pop-punk', 'punk-rock', 'internet boyfriend', 'rew starr', 'public domain', 'creative commons', 'microsong challenge']",notimeforanintro
11085,1404,17509.0,,microSong Entries,389.0,Album,,Ellennerv,256000.0,,15.0,Pop,[76],"[10, 76]",CC0 1.0 Universal,77.0,"['interiors c1964', 'existential', 'hardcore-punk', 'pop-punk', 'punk-rock', 'internet boyfriend', 'rew starr', 'public domain', 'creative commons', 'microsong challenge']",Tipping Point
11089,1405,17509.0,,microSong Entries,389.0,Album,,Rew STaRR,192000.0,,15.0,Pop,[76],"[10, 76]",CC0 1.0 Universal,80.0,"['interiors c1964', 'existential', 'hardcore-punk', 'pop-punk', 'punk-rock', 'internet boyfriend', 'rew starr', 'public domain', 'creative commons', 'microsong challenge']",Internet Boyfriend
11090,1406,17509.0,,microSong Entries,389.0,Album,,The Max Johnson Rubber Mustache Quartet,256000.0,,1.0,Pop,[76],"[10, 76]",CC0 1.0 Universal,82.0,"['interiors c1964', 'existential', 'hardcore-punk', 'pop-punk', 'punk-rock', 'internet boyfriend', 'rew starr', 'public domain', 'creative commons', 'microsong challenge']","One summer morning a man woke up, smiled and said, 'Today will be a good day.'"
11091,1407,17509.0,,microSong Entries,389.0,Album,,Toothless Vengeance,256000.0,,1.0,Pop,[76],"[10, 76]",CC0 1.0 Universal,81.0,"['interiors c1964', 'existential', 'hardcore-punk', 'pop-punk', 'punk-rock', 'internet boyfriend', 'rew starr', 'public domain', 'creative commons', 'microsong challenge']",Revelations
11135,1408,17509.0,,microSong Entries,389.0,Album,,Malaventura,320000.0,,15.0,Pop,[76],"[10, 76]",CC0 1.0 Universal,84.0,"['interiors c1964', 'existential', 'hardcore-punk', 'pop-punk', 'punk-rock', 'internet boyfriend', 'rew starr', 'public domain', 'creative commons', 'microsong challenge']",nanorandomfunk
11136,1409,17509.0,,microSong Entries,389.0,Album,,Arbo Sako,128000.0,,15.0,Pop,[76],"[10, 76]",CC0 1.0 Universal,116.0,"['interiors c1964', 'existential', 'hardcore-punk', 'pop-punk', 'punk-rock', 'internet boyfriend', 'rew starr', 'public domain', 'creative commons', 'microsong challenge']",Oral Unit
11137,1410,17509.0,,microSong Entries,389.0,Album,,Terry Stats,128000.0,,8.0,Pop,[76],"[10, 76]",CC0 1.0 Universal,119.0,"['interiors c1964', 'existential', 'hardcore-punk', 'pop-punk', 'punk-rock', 'internet boyfriend', 'rew starr', 'public domain', 'creative commons', 'microsong challenge']",Blue Lotus Mambo
11138,1411,17509.0,,microSong Entries,389.0,Album,,Hyena Spareib Chamber Ensemble,128000.0,,14.0,Pop,[76],"[10, 76]",CC0 1.0 Universal,112.0,"['interiors c1964', 'existential', 'hardcore-punk', 'pop-punk', 'punk-rock', 'internet boyfriend', 'rew starr', 'public domain', 'creative commons', 'microsong challenge']",The Obvious Reference
11139,1412,17509.0,,microSong Entries,389.0,Album,,Hyena Sparerib,128000.0,,15.0,Pop,[76],"[10, 76]",CC0 1.0 Universal,110.0,"['interiors c1964', 'existential', 'hardcore-punk', 'pop-punk', 'punk-rock', 'internet boyfriend', 'rew starr', 'public domain', 'creative commons', 'microsong challenge']",Memories Is Easy
11140,1413,17509.0,,microSong Entries,389.0,Album,,DM & MM,256000.0,,14.0,Pop,[76],"[10, 76]",CC0 1.0 Universal,91.0,"['interiors c1964', 'existential', 'hardcore-punk', 'pop-punk', 'punk-rock', 'internet boyfriend', 'rew starr', 'public domain', 'creative commons', 'microsong challenge']",Betty
11141,1414,17509.0,,microSong Entries,389.0,Album,,DM & MM,256000.0,,14.0,Pop,[76],"[10, 76]",CC0 1.0 Universal,87.0,"['interiors c1964', 'existential', 'hardcore-punk', 'pop-punk', 'punk-rock', 'internet boyfriend', 'rew starr', 'public domain', 'creative commons', 'microsong challenge']",Got
11142,1415,17509.0,,microSong Entries,389.0,Album,,DM & MM,256000.0,,9.0,Pop,[76],"[10, 76]",CC0 1.0 Universal,86.0,"['interiors c1964', 'existential', 'hardcore-punk', 'pop-punk', 'punk-rock', 'internet boyfriend', 'rew starr', 'public domain', 'creative commons', 'microsong challenge']",Busted
11143,1416,17509.0,,microSong Entries,389.0,Album,,DM & MM,256000.0,,14.0,Pop,[76],"[10, 76]",CC0 1.0 Universal,88.0,"['interiors c1964', 'existential', 'hardcore-punk', 'pop-punk', 'punk-rock', 'internet boyfriend', 'rew starr', 'public domain', 'creative commons', 'microsong challenge']",Our Tootie Too
11144,1417,17509.0,,microSong Entries,389.0,Album,,DM & MM,256000.0,,15.0,Pop,[76],"[10, 76]",CC0 1.0 Universal,90.0,"['interiors c1964', 'existential', 'hardcore-punk', 'pop-punk', 'punk-rock', 'internet boyfriend', 'rew starr', 'public domain', 'creative commons', 'microsong challenge']",Beautiful Snaketail
11145,1418,17509.0,,microSong Entries,389.0,Album,,another cultural landslide,320000.0,,13.0,Pop,[76],"[10, 76]",CC0 1.0 Universal,117.0,"['interiors c1964', 'existential', 'hardcore-punk', 'pop-punk', 'punk-rock', 'internet boyfriend', 'rew starr', 'public domain', 'creative commons', 'microsong challenge']",the problematic nature of secret identities in the face of 21st century technological disruption
11146,1419,-1.0,,,-1.0,,,another cultural landslide,320000.0,,13.0,,[],[],CC0 1.0 Universal,0.0,[],the problematic nature of secret identities in the face of 21st century technological disruption
11147,1420,17509.0,,microSong Entries,389.0,Album,,sexy dubs,127706.0,,0.0,Pop,[76],"[10, 76]",CC0 1.0 Universal,106.0,"['interiors c1964', 'existential', 'hardcore-punk', 'pop-punk', 'punk-rock', 'internet boyfriend', 'rew starr', 'public domain', 'creative commons', 'microsong challenge']",Tiny Penis
11148,1421,17509.0,,microSong Entries,389.0,Album,,sexy dubs,128000.0,,4.0,Pop,[76],"[10, 76]",CC0 1.0 Universal,104.0,"['interiors c1964', 'existential', 'hardcore-punk', 'pop-punk', 'punk-rock', 'internet boyfriend', 'rew starr', 'public domain', 'creative commons', 'microsong challenge']",Secret evil computer recording
11149,1422,17509.0,,microSong Entries,389.0,Album,,sexy dubs,128000.0,,4.0,Pop,[76],"[10, 76]",CC0 1.0 Universal,105.0,"['interiors c1964', 'existential', 'hardcore-punk', 'pop-punk', 'punk-rock', 'internet boyfriend', 'rew starr', 'public domain', 'creative commons', 'microsong challenge']",The Story
11150,1423,17509.0,,microSong Entries,389.0,Album,,sexy dubs,128000.0,,8.0,Pop,[76],"[10, 76]",CC0 1.0 Universal,103.0,"['interiors c1964', 'existential', 'hardcore-punk', 'pop-punk', 'punk-rock', 'internet boyfriend', 'rew starr', 'public domain', 'creative commons', 'microsong challenge']",Real Dance Party online
11151,1424,17509.0,,microSong Entries,389.0,Album,,Null String,128000.0,,6.0,Pop,[76],"[10, 76]",CC0 1.0 Universal,99.0,"['interiors c1964', 'existential', 'hardcore-punk', 'pop-punk', 'punk-rock', 'internet boyfriend', 'rew starr', 'public domain', 'creative commons', 'microsong challenge']",wobble [tiny penis remix]
11160,1425,17509.0,,microSong Entries,389.0,Album,,Null String,128000.0,,5.0,Pop,[76],"[10, 76]",CC0 1.0 Universal,98.0,"['interiors c1964', 'existential', 'hardcore-punk', 'pop-punk', 'punk-rock', 'internet boyfriend', 'rew starr', 'public domain', 'creative commons', 'microsong challenge']",wobble [original mix] [tiny penis remix]
11161,1426,17509.0,,microSong Entries,389.0,Album,,Null String,128000.0,,8.0,Pop,[76],"[10, 76]",CC0 1.0 Universal,97.0,"['interiors c1964', 'existential', 'hardcore-punk', 'pop-punk', 'punk-rock', 'internet boyfriend', 'rew starr', 'public domain', 'creative commons', 'microsong challenge']",the lich arrives
11162,1427,17509.0,,microSong Entries,389.0,Album,,Null String,128000.0,,6.0,Pop,[76],"[10, 76]",CC0 1.0 Universal,101.0,"['interiors c1964', 'existential', 'hardcore-punk', 'pop-punk', 'punk-rock', 'internet boyfriend', 'rew starr', 'public domain', 'creative commons', 'microsong challenge']",lich beats
11163,1428,17509.0,,microSong Entries,389.0,Album,,DM & MM,256000.0,,15.0,Pop,[76],"[10, 76]",CC0 1.0 Universal,89.0,"['interiors c1964', 'existential', 'hardcore-punk', 'pop-punk', 'punk-rock', 'internet boyfriend', 'rew starr', 'public domain', 'creative commons', 'microsong challenge']",Wheeze
11164,1429,17509.0,,microSong Entries,389.0,Album,,DM & MM,256000.0,,13.0,Pop,[76],"[10, 76]",CC0 1.0 Universal,92.0,"['interiors c1964', 'existential', 'hardcore-punk', 'pop-punk', 'punk-rock', 'internet boyfriend', 'rew starr', 'public domain', 'creative commons', 'microsong challenge']",Blood
11168,1430,17509.0,,microSong Entries,389.0,Album,,Hyena Sparerib,128000.0,,14.0,Pop,[76],"[10, 76]",CC0 1.0 Universal,111.0,"['interiors c1964', 'existential', 'hardcore-punk', 'pop-punk', 'punk-rock', 'internet boyfriend', 'rew starr', 'public domain', 'creative commons', 'microsong challenge']","Palms Open, Heart out"
11171,1431,17509.0,,microSong Entries,389.0,Album,,squinchy and the founder,128000.0,,10.0,Pop,[76],"[10, 76]",CC0 1.0 Universal,114.0,"['interiors c1964', 'existential', 'hardcore-punk', 'pop-punk', 'punk-rock', 'internet boyfriend', 'rew starr', 'public domain', 'creative commons', 'microsong challenge']",burp lord
11172,1432,17509.0,,microSong Entries,389.0,Album,,baz-gibbons,320000.0,,14.0,Pop,[76],"[10, 76]",CC0 1.0 Universal,118.0,"['interiors c1964', 'existential', 'hardcore-punk', 'pop-punk', 'punk-rock', 'internet boyfriend', 'rew starr', 'public domain', 'creative commons', 'microsong challenge']","We Are Not Bears, We Are Racoons"
11173,1433,17509.0,,microSong Entries,389.0,Album,,szabi,256000.0,,15.0,Pop,[76],"[10, 76]",CC0 1.0 Universal,115.0,"['interiors c1964', 'existential', 'hardcore-punk', 'pop-punk', 'punk-rock', 'internet boyfriend', 'rew starr', 'public domain', 'creative commons', 'microsong challenge']",fame for orchestra oboa and basson
11174,1434,17509.0,,microSong Entries,389.0,Album,,Stereo Akt,256000.0,,15.0,Pop,[76],"[10, 76]",CC0 1.0 Universal,113.0,"['interiors c1964', 'existential', 'hardcore-punk', 'pop-punk', 'punk-rock', 'internet boyfriend', 'rew starr', 'public domain', 'creative commons', 'microsong challenge']",Before you die
11175,1435,17509.0,,microSong Entries,389.0,Album,,Marco Kalnenek,256000.0,,14.0,Pop,[76],"[10, 76]",CC0 1.0 Universal,108.0,"['interiors c1964', 'existential', 'hardcore-punk', 'pop-punk', 'punk-rock', 'internet boyfriend', 'rew starr', 'public domain', 'creative commons', 'microsong challenge']","Quick, Let's Dance"
11176,1436,17509.0,,microSong Entries,389.0,Album,,Marco Kalnenek,256000.0,,4.0,Pop,[76],"[10, 76]",CC0 1.0 Universal,109.0,"['interiors c1964', 'existential', 'hardcore-punk', 'pop-punk', 'punk-rock', 'internet boyfriend', 'rew starr', 'public domain', 'creative commons', 'microsong challenge']",Minimalism-ism
11177,1437,17509.0,,microSong Entries,389.0,Album,,Marco Kalnenek,256000.0,,14.0,Pop,[76],"[10, 76]",CC0 1.0 Universal,107.0,"['interiors c1964', 'existential', 'hardcore-punk', 'pop-punk', 'punk-rock', 'internet boyfriend', 'rew starr', 'public domain', 'creative commons', 'microsong challenge']",Fool Moon (Not Too Long)
11178,1438,17509.0,,microSong Entries,389.0,Album,,Marco Kalnenek,256000.0,,14.0,Pop,[76],"[10, 76]",CC0 1.0 Universal,122.0,"['interiors c1964', 'existential', 'hardcore-punk', 'pop-punk', 'punk-rock', 'internet boyfriend', 'rew starr', 'public domain', 'creative commons', 'microsong challenge']",ElectricShockingKrautRockingMinimalMachine
11179,1439,17509.0,,microSong Entries,389.0,Album,,Marco Kalnenek,256000.0,,3.0,Pop,[76],"[10, 76]",CC0 1.0 Universal,123.0,"['interiors c1964', 'existential', 'hardcore-punk', 'pop-punk', 'punk-rock', 'internet boyfriend', 'rew starr', 'public domain', 'creative commons', 'microsong challenge']",Improv
11180,1440,17509.0,,microSong Entries,389.0,Album,,John Brennan,160000.0,,11.0,Pop,[76],"[10, 76]",CC0 1.0 Universal,121.0,"['interiors c1964', 'existential', 'hardcore-punk', 'pop-punk', 'punk-rock', 'internet boyfriend', 'rew starr', 'public domain', 'creative commons', 'microsong challenge']",Background for a Shoe Commercial (or something)
11181,1441,17509.0,,microSong Entries,389.0,Album,,Jorge Mario Zuleta,192000.0,,14.0,Pop,[76],"[10, 76]",CC0 1.0 Universal,120.0,"['interiors c1964', 'existential', 'hardcore-punk', 'pop-punk', 'punk-rock', 'internet boyfriend', 'rew starr', 'public domain', 'creative commons', 'microsong challenge']",Errata
11182,1442,17509.0,,microSong Entries,389.0,Album,,"Daniel ""BozoDel"" Piovezan",256000.0,,14.0,Pop,[76],"[10, 76]",CC0 1.0 Universal,124.0,"['interiors c1964', 'existential', 'hardcore-punk', 'pop-punk', 'punk-rock', 'internet boyfriend', 'rew starr', 'public domain', 'creative commons', 'microsong challenge']",Baroque Chorus
11183,1443,17509.0,,microSong Entries,389.0,Album,"Section 27, Bumpfoot, Alkalinear, Zimmer, Record Records",junior85,320000.0,,14.0,Pop,[76],"[10, 76]",CC0 1.0 Universal,130.0,"['interiors c1964', 'existential', 'hardcore-punk', 'pop-punk', 'punk-rock', 'internet boyfriend', 'rew starr', 'public domain', 'creative commons', 'microsong challenge']",Function!
11184,1444,17509.0,,microSong Entries,389.0,Album,"Section 27, Bumpfoot, Alkalinear, Zimmer, Record Records",junior85,320000.0,,14.0,Pop,[76],"[10, 76]",CC0 1.0 Universal,131.0,"['interiors c1964', 'existential', 'hardcore-punk', 'pop-punk', 'punk-rock', 'internet boyfriend', 'rew starr', 'public domain', 'creative commons', 'microsong challenge']",Re-Function!
11185,1445,17509.0,,microSong Entries,389.0,Album,"Section 27, Bumpfoot, Alkalinear, Zimmer, Record Records",junior85,320000.0,,15.0,Pop,[76],"[10, 76]",CC0 1.0 Universal,128.0,"['interiors c1964', 'existential', 'hardcore-punk', 'pop-punk', 'punk-rock', 'internet boyfriend', 'rew starr', 'public domain', 'creative commons', 'microsong challenge']",As Fast As You Can Happen
11186,1446,17509.0,,microSong Entries,389.0,Album,,Ian Alex Mac,320000.0,,15.0,Pop,[76],"[10, 76]",CC0 1.0 Universal,125.0,"['interiors c1964', 'existential', 'hardcore-punk', 'pop-punk', 'punk-rock', 'internet boyfriend', 'rew starr', 'public domain', 'creative commons', 'microsong challenge']","Eat Shit, Carrie White!"
11187,1447,17509.0,,microSong Entries,389.0,Album,,EPP!,192000.0,,15.0,Pop,[76],"[10, 76]",CC0 1.0 Universal,126.0,"['interiors c1964', 'existential', 'hardcore-punk', 'pop-punk', 'punk-rock', 'internet boyfriend', 'rew starr', 'public domain', 'creative commons', 'microsong challenge']",Copy Taste
11196,1448,17509.0,,microSong Entries,389.0,Album,,Jorge Mario Zuleta,192000.0,,15.0,Pop,[76],"[10, 76]",CC0 1.0 Universal,129.0,"['interiors c1964', 'existential', 'hardcore-punk', 'pop-punk', 'punk-rock', 'internet boyfriend', 'rew starr', 'public domain', 'creative commons', 'microsong challenge']",Fading Faith
11197,1449,17509.0,,microSong Entries,389.0,Album,,Squire Tuck,192000.0,,14.0,Pop,[76],"[10, 76]",CC0 1.0 Universal,127.0,"['interiors c1964', 'existential', 'hardcore-punk', 'pop-punk', 'punk-rock', 'internet boyfriend', 'rew starr', 'public domain', 'creative commons', 'microsong challenge']",No Time To Lose
11198,1450,17509.0,,microSong Entries,389.0,Album,,"Daniel ""BozoDel"" Piovezan",256000.0,,15.0,Pop,[76],"[10, 76]",CC0 1.0 Universal,133.0,"['interiors c1964', 'existential', 'hardcore-punk', 'pop-punk', 'punk-rock', 'internet boyfriend', 'rew starr', 'public domain', 'creative commons', 'microsong challenge']",Kretzmann Western
11199,1451,17509.0,,microSong Entries,389.0,Album,,¶RADIO HUMMINGBIRD,320000.0,,15.0,Pop,[76],"[10, 76]",CC0 1.0 Universal,135.0,"['interiors c1964', 'existential', 'hardcore-punk', 'pop-punk', 'punk-rock', 'internet boyfriend', 'rew starr', 'public domain', 'creative commons', 'microsong challenge']",repeated truth
11200,1452,17509.0,,microSong Entries,389.0,Album,,Jorge Mario Zuleta,192000.0,,15.0,Pop,[76],"[10, 76]",CC0 1.0 Universal,138.0,"['interiors c1964', 'existential', 'hardcore-punk', 'pop-punk', 'punk-rock', 'internet boyfriend', 'rew starr', 'public domain', 'creative commons', 'microsong challenge']",HarpBleed
11201,1453,17509.0,,microSong Entries,389.0,Album,,Jorge Mario Zuleta,192000.0,,15.0,Pop,[76],"[10, 76]",CC0 1.0 Universal,142.0,"['interiors c1964', 'existential', 'hardcore-punk', 'pop-punk', 'punk-rock', 'internet boyfriend', 'rew starr', 'public domain', 'creative commons', 'microsong challenge']",Dejeuner
11202,1454,17509.0,,microSong Entries,389.0,Album,,Ian Alex Mac,320000.0,,15.0,Pop,[76],"[10, 76]",CC0 1.0 Universal,136.0,"['interiors c1964', 'existential', 'hardcore-punk', 'pop-punk', 'punk-rock', 'internet boyfriend', 'rew starr', 'public domain', 'creative commons', 'microsong challenge']",Sick
11203,1455,17509.0,,microSong Entries,389.0,Album,,Ian Alex Mac,320000.0,,12.0,Pop,[76],"[10, 76]",CC0 1.0 Universal,3.0,"['interiors c1964', 'existential', 'hardcore-punk', 'pop-punk', 'punk-rock', 'internet boyfriend', 'rew starr', 'public domain', 'creative commons', 'microsong challenge']",I Hate Buses
11204,1456,17509.0,,microSong Entries,389.0,Album,,Jorge Mario Zuleta,192000.0,,14.0,Pop,[76],"[10, 76]",CC0 1.0 Universal,137.0,"['interiors c1964', 'existential', 'hardcore-punk', 'pop-punk', 'punk-rock', 'internet boyfriend', 'rew starr', 'public domain', 'creative commons', 'microsong challenge']",Gnocci is Power
11205,1457,17509.0,,microSong Entries,389.0,Album,,spaceaser,320000.0,,15.0,Pop,[76],"[10, 76]",CC0 1.0 Universal,145.0,"['interiors c1964', 'existential', 'hardcore-punk', 'pop-punk', 'punk-rock', 'internet boyfriend', 'rew starr', 'public domain', 'creative commons', 'microsong challenge']",swollen lung
11207,1458,17509.0,,microSong Entries,389.0,Album,,zepezauer,320000.0,,13.0,Pop,[76],"[10, 76]",CC0 1.0 Universal,153.0,"['interiors c1964', 'existential', 'hardcore-punk', 'pop-punk', 'punk-rock', 'internet boyfriend', 'rew starr', 'public domain', 'creative commons', 'microsong challenge']",stop it
11208,1459,17509.0,,microSong Entries,389.0,Album,,baz-gibbons,320000.0,,14.0,Pop,[76],"[10, 76]",CC0 1.0 Universal,147.0,"['interiors c1964', 'existential', 'hardcore-punk', 'pop-punk', 'punk-rock', 'internet boyfriend', 'rew starr', 'public domain', 'creative commons', 'microsong challenge']",The Cogito Song (I Dreamt of Descartes)
11209,1460,17509.0,,microSong Entries,389.0,Album,,Ranjit Bhatnagar,180962.0,,7.0,Pop,[76],"[10, 76]",CC0 1.0 Universal,144.0,"['interiors c1964', 'existential', 'hardcore-punk', 'pop-punk', 'punk-rock', 'internet boyfriend', 'rew starr', 'public domain', 'creative commons', 'microsong challenge']",Bath Time
11210,1461,17509.0,,microSong Entries,389.0,Album,,Ranjit Bhatnagar,180693.0,,7.0,Pop,[76],"[10, 76]",CC0 1.0 Universal,148.0,"['interiors c1964', 'existential', 'hardcore-punk', 'pop-punk', 'punk-rock', 'internet boyfriend', 'rew starr', 'public domain', 'creative commons', 'microsong challenge']",Yellow Balloon Snow Boots
11211,1462,17509.0,,microSong Entries,389.0,Album,,Ranjit Bhatnagar,181618.0,,7.0,Pop,[76],"[10, 76]",CC0 1.0 Universal,151.0,"['interiors c1964', 'existential', 'hardcore-punk', 'pop-punk', 'punk-rock', 'internet boyfriend', 'rew starr', 'public domain', 'creative commons', 'microsong challenge']",Meat Spiral
11213,1463,17509.0,,microSong Entries,389.0,Album,,Botielus,320000.0,,14.0,Pop,[76],"[10, 76]",CC0 1.0 Universal,149.0,"['interiors c1964', 'existential', 'hardcore-punk', 'pop-punk', 'punk-rock', 'internet boyfriend', 'rew starr', 'public domain', 'creative commons', 'microsong challenge']",Botiny1
11214,1464,17509.0,,microSong Entries,389.0,Album,,Meshinda,256000.0,,13.0,Pop,[76],"[10, 76]",CC0 1.0 Universal,146.0,"['interiors c1964', 'existential', 'hardcore-punk', 'pop-punk', 'punk-rock', 'internet boyfriend', 'rew starr', 'public domain', 'creative commons', 'microsong challenge']",Terekete
11215,1465,17509.0,,microSong Entries,389.0,Album,,szabi,256000.0,,15.0,Pop,[76],"[10, 76]",CC0 1.0 Universal,150.0,"['interiors c1964', 'existential', 'hardcore-punk', 'pop-punk', 'punk-rock', 'internet boyfriend', 'rew starr', 'public domain', 'creative commons', 'microsong challenge']",mania
11216,1466,17509.0,,microSong Entries,389.0,Album,,Jorge Mario Zuleta,192000.0,,13.0,Pop,[76],"[10, 76]",CC0 1.0 Universal,139.0,"['interiors c1964', 'existential', 'hardcore-punk', 'pop-punk', 'punk-rock', 'internet boyfriend', 'rew starr', 'public domain', 'creative commons', 'microsong challenge']",Ignite
11217,1467,17509.0,,microSong Entries,389.0,Album,,Jorge Mario Zuleta,192000.0,,15.0,Pop,[76],"[10, 76]",CC0 1.0 Universal,140.0,"['interiors c1964', 'existential', 'hardcore-punk', 'pop-punk', 'punk-rock', 'internet boyfriend', 'rew starr', 'public domain', 'creative commons', 'microsong challenge']",Juvenile Aisle
11218,1468,17509.0,,microSong Entries,389.0,Album,"Section 27, Bumpfoot, Alkalinear, Zimmer, Record Records",junior85,320000.0,,15.0,Pop,[76],"[10, 76]",CC0 1.0 Universal,152.0,"['interiors c1964', 'existential', 'hardcore-punk', 'pop-punk', 'punk-rock', 'internet boyfriend', 'rew starr', 'public domain', 'creative commons', 'microsong challenge']",Oxygen Pump
11219,1469,17509.0,,microSong Entries,389.0,Album,,Jorge Mario Zuleta,192000.0,,15.0,Pop,[76],"[10, 76]",CC0 1.0 Universal,141.0,"['interiors c1964', 'existential', 'hardcore-punk', 'pop-punk', 'punk-rock', 'internet boyfriend', 'rew starr', 'public domain', 'creative commons', 'microsong challenge']",Kakao
11220,1470,17509.0,,microSong Entries,389.0,Album,,Jorge Mario Zuleta,192000.0,,15.0,Pop,[76],"[10, 76]",CC0 1.0 Universal,143.0,"['interiors c1964', 'existential', 'hardcore-punk', 'pop-punk', 'punk-rock', 'internet boyfriend', 'rew starr', 'public domain', 'creative commons', 'microsong challenge']",Lame
11222,1471,17509.0,,microSong Entries,389.0,Album,,Jim Price,160000.0,,14.0,Pop,[76],"[10, 76]",CC0 1.0 Universal,156.0,"['interiors c1964', 'existential', 'hardcore-punk', 'pop-punk', 'punk-rock', 'internet boyfriend', 'rew starr', 'public domain', 'creative commons', 'microsong challenge']",Dugan Man
11223,1472,17509.0,,microSong Entries,389.0,Album,,Deep Soda,231267.0,,14.0,Pop,[76],"[10, 76]",CC0 1.0 Universal,160.0,"['interiors c1964', 'existential', 'hardcore-punk', 'pop-punk', 'punk-rock', 'internet boyfriend', 'rew starr', 'public domain', 'creative commons', 'microsong challenge']",Lord Gordon
11224,1473,17509.0,,microSong Entries,389.0,Album,,Nick Fraelich,320000.0,,15.0,Pop,[76],"[10, 76]",CC0 1.0 Universal,158.0,"['interiors c1964', 'existential', 'hardcore-punk', 'pop-punk', 'punk-rock', 'internet boyfriend', 'rew starr', 'public domain', 'creative commons', 'microsong challenge']",Gaws
11225,1474,17509.0,,microSong Entries,389.0,Album,,Piano & Elektron,320000.0,,15.0,Pop,[76],"[10, 76]",CC0 1.0 Universal,154.0,"['interiors c1964', 'existential', 'hardcore-punk', 'pop-punk', 'punk-rock', 'internet boyfriend', 'rew starr', 'public domain', 'creative commons', 'microsong challenge']",Auto Ran Star Tropic
11226,1475,17509.0,,microSong Entries,389.0,Album,,B2B,160000.0,,11.0,Pop,[76],"[10, 76]",CC0 1.0 Universal,159.0,"['interiors c1964', 'existential', 'hardcore-punk', 'pop-punk', 'punk-rock', 'internet boyfriend', 'rew starr', 'public domain', 'creative commons', 'microsong challenge']",Short & Sharp
11227,1476,17509.0,,microSong Entries,389.0,Album,,B2B,160000.0,,15.0,Pop,[76],"[10, 76]",CC0 1.0 Universal,155.0,"['interiors c1964', 'existential', 'hardcore-punk', 'pop-punk', 'punk-rock', 'internet boyfriend', 'rew starr', 'public domain', 'creative commons', 'microsong challenge']",Copy of After the rain (v3)
11228,1477,17509.0,,microSong Entries,389.0,Album,,B2B,160000.0,,14.0,Pop,[76],"[10, 76]",CC0 1.0 Universal,157.0,"['interiors c1964', 'existential', 'hardcore-punk', 'pop-punk', 'punk-rock', 'internet boyfriend', 'rew starr', 'public domain', 'creative commons', 'microsong challenge']",Echoes in Em
11230,1478,17509.0,,microSong Entries,389.0,Album,,Room 34,320000.0,,15.0,Pop,[76],"[10, 76]",CC0 1.0 Universal,212.0,"['interiors c1964', 'existential', 'hardcore-punk', 'pop-punk', 'punk-rock', 'internet boyfriend', 'rew starr', 'public domain', 'creative commons', 'microsong challenge']",Meadow Moment
11232,1479,17509.0,,microSong Entries,389.0,Album,,A-1 Mr. Son,192000.0,,10.0,Pop,[76],"[10, 76]",CC0 1.0 Universal,216.0,"['interiors c1964', 'existential', 'hardcore-punk', 'pop-punk', 'punk-rock', 'internet boyfriend', 'rew starr', 'public domain', 'creative commons', 'microsong challenge']",Short & Sweet
11233,1480,17509.0,,microSong Entries,389.0,Album,"Candlegravity Studio
Bunkai-Kei Records
VKRS Records",Candlegravity,236022.0,,15.0,Pop,[76],"[10, 76]",CC0 1.0 Universal,164.0,"['interiors c1964', 'existential', 'hardcore-punk', 'pop-punk', 'punk-rock', 'internet boyfriend', 'rew starr', 'public domain', 'creative commons', 'microsong challenge']",The Train Home
11234,1481,17509.0,,microSong Entries,389.0,Album,"Candlegravity Studio
Bunkai-Kei Records
VKRS Records",Candlegravity,272745.0,,15.0,Pop,[76],"[10, 76]",CC0 1.0 Universal,162.0,"['interiors c1964', 'existential', 'hardcore-punk', 'pop-punk', 'punk-rock', 'internet boyfriend', 'rew starr', 'public domain', 'creative commons', 'microsong challenge']",Indecision
11235,1482,17509.0,,microSong Entries,389.0,Album,"Candlegravity Studio
Bunkai-Kei Records
VKRS Records",Candlegravity,279649.0,,15.0,Pop,[76],"[10, 76]",CC0 1.0 Universal,163.0,"['interiors c1964', 'existential', 'hardcore-punk', 'pop-punk', 'punk-rock', 'internet boyfriend', 'rew starr', 'public domain', 'creative commons', 'microsong challenge']",Ame Daisuki
11236,1483,17509.0,,microSong Entries,389.0,Album,,¶RADIO HUMMINGBIRD,320000.0,,15.0,Pop,[76],"[10, 76]",CC0 1.0 Universal,161.0,"['interiors c1964', 'existential', 'hardcore-punk', 'pop-punk', 'punk-rock', 'internet boyfriend', 'rew starr', 'public domain', 'creative commons', 'microsong challenge']",true feelings
11237,1484,17509.0,,microSong Entries,389.0,Album,,BaKer vs Casamento,160000.0,,15.0,Pop,[76],"[10, 76]",CC0 1.0 Universal,208.0,"['interiors c1964', 'existential', 'hardcore-punk', 'pop-punk', 'punk-rock', 'internet boyfriend', 'rew starr', 'public domain', 'creative commons', 'microsong challenge']",Sprint! 100 meter
11238,1485,17509.0,,microSong Entries,389.0,Album,,Mymanteus The Archmage,160000.0,,15.0,Pop,[76],"[10, 76]",CC0 1.0 Universal,206.0,"['interiors c1964', 'existential', 'hardcore-punk', 'pop-punk', 'punk-rock', 'internet boyfriend', 'rew starr', 'public domain', 'creative commons', 'microsong challenge']",Seconds Blues
11239,1486,17509.0,,microSong Entries,389.0,Album,,B2B,160000.0,,15.0,Pop,[76],"[10, 76]",CC0 1.0 Universal,210.0,"['interiors c1964', 'existential', 'hardcore-punk', 'pop-punk', 'punk-rock', 'internet boyfriend', 'rew starr', 'public domain', 'creative commons', 'microsong challenge']",Train Ride
11240,1487,17509.0,,microSong Entries,389.0,Album,,Tytia Mina Teremina,256000.0,,15.0,Pop,[76],"[10, 76]",CC0 1.0 Universal,205.0,"['interiors c1964', 'existential', 'hardcore-punk', 'pop-punk', 'punk-rock', 'internet boyfriend', 'rew starr', 'public domain', 'creative commons', 'microsong challenge']",Rytas Seišeliuose
11241,1488,17509.0,,microSong Entries,389.0,Album,Round TUIT,Apache Tomcat,128000.0,,15.0,Pop,[76],"[10, 76]",CC0 1.0 Universal,201.0,"['interiors c1964', 'existential', 'hardcore-punk', 'pop-punk', 'punk-rock', 'internet boyfriend', 'rew starr', 'public domain', 'creative commons', 'microsong challenge']",Its Jazz Baby
11242,1489,17509.0,,microSong Entries,389.0,Album,AFA Sound Machine,Gumbel,320000.0,,15.0,Pop,[76],"[10, 76]",CC0 1.0 Universal,225.0,"['interiors c1964', 'existential', 'hardcore-punk', 'pop-punk', 'punk-rock', 'internet boyfriend', 'rew starr', 'public domain', 'creative commons', 'microsong challenge']",Elvis Enjoying a Deep Fried Mars Bar
11243,1490,17509.0,,microSong Entries,389.0,Album,,Salakapakka Sound System,320000.0,,15.0,Pop,[76],"[10, 76]",CC0 1.0 Universal,200.0,"['interiors c1964', 'existential', 'hardcore-punk', 'pop-punk', 'punk-rock', 'internet boyfriend', 'rew starr', 'public domain', 'creative commons', 'microsong challenge']",Iron ballad
11244,1491,17509.0,,microSong Entries,389.0,Album,,Zachary Preston,128000.0,,14.0,Pop,[76],"[10, 76]",CC0 1.0 Universal,211.0,"['interiors c1964', 'existential', 'hardcore-punk', 'pop-punk', 'punk-rock', 'internet boyfriend', 'rew starr', 'public domain', 'creative commons', 'microsong challenge']",Tiny Knit
11245,1492,17509.0,,microSong Entries,389.0,Album,,"Zachary Preston, Audio from Huygens",128000.0,,14.0,Pop,[76],"[10, 76]",CC0 1.0 Universal,209.0,"['interiors c1964', 'existential', 'hardcore-punk', 'pop-punk', 'punk-rock', 'internet boyfriend', 'rew starr', 'public domain', 'creative commons', 'microsong challenge']",TinyKnit
11246,1493,17509.0,,microSong Entries,389.0,Album,,Ethan Hein,192000.0,,15.0,Pop,[76],"[10, 76]",CC0 1.0 Universal,175.0,"['interiors c1964', 'existential', 'hardcore-punk', 'pop-punk', 'punk-rock', 'internet boyfriend', 'rew starr', 'public domain', 'creative commons', 'microsong challenge']",Fifteen Seconds of Funk
11247,1494,17509.0,,microSong Entries,389.0,Album,,kollagemontage,320000.0,,14.0,Pop,[76],"[10, 76]",CC0 1.0 Universal,184.0,"['interiors c1964', 'existential', 'hardcore-punk', 'pop-punk', 'punk-rock', 'internet boyfriend', 'rew starr', 'public domain', 'creative commons', 'microsong challenge']",Coming Forth By Day
11248,1495,17509.0,,microSong Entries,389.0,Album,,kollagemontage,320000.0,,14.0,Pop,[76],"[10, 76]",CC0 1.0 Universal,194.0,"['interiors c1964', 'existential', 'hardcore-punk', 'pop-punk', 'punk-rock', 'internet boyfriend', 'rew starr', 'public domain', 'creative commons', 'microsong challenge']",Worldwide Breakdown
11249,1496,17509.0,,microSong Entries,389.0,Album,,kollagemontage,320000.0,,15.0,Pop,[76],"[10, 76]",CC0 1.0 Universal,188.0,"['interiors c1964', 'existential', 'hardcore-punk', 'pop-punk', 'punk-rock', 'internet boyfriend', 'rew starr', 'public domain', 'creative commons', 'microsong challenge']",Hearbeats
11250,1497,17509.0,,microSong Entries,389.0,Album,,kollagemontage,320000.0,,14.0,Pop,[76],"[10, 76]",CC0 1.0 Universal,186.0,"['interiors c1964', 'existential', 'hardcore-punk', 'pop-punk', 'punk-rock', 'internet boyfriend', 'rew starr', 'public domain', 'creative commons', 'microsong challenge']",Feel
11251,1498,17509.0,,microSong Entries,389.0,Album,,kollagemontage,320000.0,,14.0,Pop,[76],"[10, 76]",CC0 1.0 Universal,192.0,"['interiors c1964', 'existential', 'hardcore-punk', 'pop-punk', 'punk-rock', 'internet boyfriend', 'rew starr', 'public domain', 'creative commons', 'microsong challenge']",The Stomp
11252,1499,17509.0,,microSong Entries,389.0,Album,,kollagemontage,320000.0,,14.0,Pop,[76],"[10, 76]",CC0 1.0 Universal,191.0,"['interiors c1964', 'existential', 'hardcore-punk', 'pop-punk', 'punk-rock', 'internet boyfriend', 'rew starr', 'public domain', 'creative commons', 'microsong challenge']",The 0ddeye
11253,1500,17509.0,,microSong Entries,389.0,Album,,kollagemontage,320000.0,,14.0,Pop,[76],"[10, 76]",CC0 1.0 Universal,189.0,"['interiors c1964', 'existential', 'hardcore-punk', 'pop-punk', 'punk-rock', 'internet boyfriend', 'rew starr', 'public domain', 'creative commons', 'microsong challenge']",Running of the Bulls
11254,1501,17509.0,,microSong Entries,389.0,Album,,kollagemontage,320000.0,,12.0,Pop,[76],"[10, 76]",CC0 1.0 Universal,187.0,"['interiors c1964', 'existential', 'hardcore-punk', 'pop-punk', 'punk-rock', 'internet boyfriend', 'rew starr', 'public domain', 'creative commons', 'microsong challenge']",Hate Crime
11255,1502,17509.0,,microSong Entries,389.0,Album,,kollagemontage,320000.0,,14.0,Pop,[76],"[10, 76]",CC0 1.0 Universal,182.0,"['interiors c1964', 'existential', 'hardcore-punk', 'pop-punk', 'punk-rock', 'internet boyfriend', 'rew starr', 'public domain', 'creative commons', 'microsong challenge']",Beat Drop
11256,1503,17509.0,,microSong Entries,389.0,Album,,kollagemontage,320000.0,,14.0,Pop,[76],"[10, 76]",CC0 1.0 Universal,185.0,"['interiors c1964', 'existential', 'hardcore-punk', 'pop-punk', 'punk-rock', 'internet boyfriend', 'rew starr', 'public domain', 'creative commons', 'microsong challenge']",Ego Drop
11257,1504,17509.0,,microSong Entries,389.0,Album,,kollagemontage,320000.0,,14.0,Pop,[76],"[10, 76]",CC0 1.0 Universal,190.0,"['interiors c1964', 'existential', 'hardcore-punk', 'pop-punk', 'punk-rock', 'internet boyfriend', 'rew starr', 'public domain', 'creative commons', 'microsong challenge']",Star
11258,1505,17509.0,,microSong Entries,389.0,Album,,kollagemontage,320000.0,,14.0,Pop,[76],"[10, 76]",CC0 1.0 Universal,183.0,"['interiors c1964', 'existential', 'hardcore-punk', 'pop-punk', 'punk-rock', 'internet boyfriend', 'rew starr', 'public domain', 'creative commons', 'microsong challenge']",BloodDrops
11259,1506,17509.0,,microSong Entries,389.0,Album,,kollagemontage,320000.0,,14.0,Pop,[76],"[10, 76]",CC0 1.0 Universal,193.0,"['interiors c1964', 'existential', 'hardcore-punk', 'pop-punk', 'punk-rock', 'internet boyfriend', 'rew starr', 'public domain', 'creative commons', 'microsong challenge']",This
11260,1507,17509.0,,microSong Entries,389.0,Album,,kollagemontage,320000.0,,14.0,Pop,[76],"[10, 76]",CC0 1.0 Universal,181.0,"['interiors c1964', 'existential', 'hardcore-punk', 'pop-punk', 'punk-rock', 'internet boyfriend', 'rew starr', 'public domain', 'creative commons', 'microsong challenge']",Alalala
11261,1508,17509.0,,microSong Entries,389.0,Album,,The Jazz Kissingers,92353.0,,13.0,Pop,[76],"[10, 76]",CC0 1.0 Universal,198.0,"['interiors c1964', 'existential', 'hardcore-punk', 'pop-punk', 'punk-rock', 'internet boyfriend', 'rew starr', 'public domain', 'creative commons', 'microsong challenge']",I Wish I Could Identify That Smell
11262,1509,17509.0,,microSong Entries,389.0,Album,,The Jazz Kissingers,104627.0,,11.0,Pop,[76],"[10, 76]",CC0 1.0 Universal,196.0,"['interiors c1964', 'existential', 'hardcore-punk', 'pop-punk', 'punk-rock', 'internet boyfriend', 'rew starr', 'public domain', 'creative commons', 'microsong challenge']","Oh, You Touched It."
11263,1510,17509.0,,microSong Entries,389.0,Album,,"Daniel ""BozoDel"" Piovezan",256000.0,,15.0,Pop,[76],"[10, 76]",CC0 1.0 Universal,202.0,"['interiors c1964', 'existential', 'hardcore-punk', 'pop-punk', 'punk-rock', 'internet boyfriend', 'rew starr', 'public domain', 'creative commons', 'microsong challenge']",Nosgoth
11264,1511,17509.0,,microSong Entries,389.0,Album,,Pipe Choir,256000.0,,15.0,Pop,[76],"[10, 76]",CC0 1.0 Universal,165.0,"['interiors c1964', 'existential', 'hardcore-punk', 'pop-punk', 'punk-rock', 'internet boyfriend', 'rew starr', 'public domain', 'creative commons', 'microsong challenge']",Be With You
11265,1512,17509.0,,microSong Entries,389.0,Album,,Pipe Choir,256000.0,,11.0,Pop,[76],"[10, 76]",CC0 1.0 Universal,168.0,"['interiors c1964', 'existential', 'hardcore-punk', 'pop-punk', 'punk-rock', 'internet boyfriend', 'rew starr', 'public domain', 'creative commons', 'microsong challenge']",Flight
11266,1513,17509.0,,microSong Entries,389.0,Album,,Pipe Choir,256000.0,,14.0,Pop,[76],"[10, 76]",CC0 1.0 Universal,171.0,"['interiors c1964', 'existential', 'hardcore-punk', 'pop-punk', 'punk-rock', 'internet boyfriend', 'rew starr', 'public domain', 'creative commons', 'microsong challenge']",Stand Up
11267,1514,17509.0,,microSong Entries,389.0,Album,,Pipe Choir,256000.0,,9.0,Pop,[76],"[10, 76]",CC0 1.0 Universal,172.0,"['interiors c1964', 'existential', 'hardcore-punk', 'pop-punk', 'punk-rock', 'internet boyfriend', 'rew starr', 'public domain', 'creative commons', 'microsong challenge']",Time
11268,1515,17509.0,,microSong Entries,389.0,Album,,Pipe Choir,256000.0,,14.0,Pop,[76],"[10, 76]",CC0 1.0 Universal,166.0,"['interiors c1964', 'existential', 'hardcore-punk', 'pop-punk', 'punk-rock', 'internet boyfriend', 'rew starr', 'public domain', 'creative commons', 'microsong challenge']",Be With You Too
11270,1516,17509.0,,microSong Entries,389.0,Album,,A.K Perkins,320000.0,,14.0,Pop,[76],"[10, 76]",CC0 1.0 Universal,173.0,"['interiors c1964', 'existential', 'hardcore-punk', 'pop-punk', 'punk-rock', 'internet boyfriend', 'rew starr', 'public domain', 'creative commons', 'microsong challenge']",Clatterwall
11271,1517,17509.0,,microSong Entries,389.0,Album,"Yelpco
Matador
Little Mafia
Blackjack
Breathmint
Sunship
Freenoise",U Can Unlearn Guitar,192000.0,,15.0,Pop,[76],"[10, 76]",CC0 1.0 Universal,204.0,"['interiors c1964', 'existential', 'hardcore-punk', 'pop-punk', 'punk-rock', 'internet boyfriend', 'rew starr', 'public domain', 'creative commons', 'microsong challenge']",PipingOfQueens
11272,1518,17509.0,,microSong Entries,389.0,Album,"Yelpco
Matador
Little Mafia
Blackjack
Breathmint
Sunship
Freenoise",U Can Unlearn Guitar,192000.0,,15.0,Pop,[76],"[10, 76]",CC0 1.0 Universal,207.0,"['interiors c1964', 'existential', 'hardcore-punk', 'pop-punk', 'punk-rock', 'internet boyfriend', 'rew starr', 'public domain', 'creative commons', 'microsong challenge']",Speed Stenographer's Sonata
11273,1519,17509.0,,microSong Entries,389.0,Album,"Yelpco
Matador
Little Mafia
Blackjack
Breathmint
Sunship
Freenoise",U Can Unlearn Guitar,224000.0,,14.0,Pop,[76],"[10, 76]",CC0 1.0 Universal,174.0,"['interiors c1964', 'existential', 'hardcore-punk', 'pop-punk', 'punk-rock', 'internet boyfriend', 'rew starr', 'public domain', 'creative commons', 'microsong challenge']",FAIL
11274,1520,17509.0,,microSong Entries,389.0,Album,,Window shop Debauchery,122329.0,,15.0,Pop,[76],"[10, 76]",CC0 1.0 Universal,178.0,"['interiors c1964', 'existential', 'hardcore-punk', 'pop-punk', 'punk-rock', 'internet boyfriend', 'rew starr', 'public domain', 'creative commons', 'microsong challenge']",groovy 15
11275,1521,17509.0,,microSong Entries,389.0,Album,,Window shop Debauchery,73534.0,,15.0,Pop,[76],"[10, 76]",CC0 1.0 Universal,180.0,"['interiors c1964', 'existential', 'hardcore-punk', 'pop-punk', 'punk-rock', 'internet boyfriend', 'rew starr', 'public domain', 'creative commons', 'microsong challenge']","Because I am a clown, my biggest fear is coulrophobia"
11276,1522,17509.0,,microSong Entries,389.0,Album,,Window shop Debauchery,133751.0,,15.0,Pop,[76],"[10, 76]",CC0 1.0 Universal,176.0,"['interiors c1964', 'existential', 'hardcore-punk', 'pop-punk', 'punk-rock', 'internet boyfriend', 'rew starr', 'public domain', 'creative commons', 'microsong challenge']",Fiona
11277,1523,17509.0,,microSong Entries,389.0,Album,,jacket jacket,320000.0,,15.0,Pop,[76],"[10, 76]",CC0 1.0 Universal,199.0,"['interiors c1964', 'existential', 'hardcore-punk', 'pop-punk', 'punk-rock', 'internet boyfriend', 'rew starr', 'public domain', 'creative commons', 'microsong challenge']",i wonder what it's like to be alive
11278,1524,17509.0,,microSong Entries,389.0,Album,,Eric Brehm,128000.0,,14.0,Pop,[76],"[10, 76]",CC0 1.0 Universal,177.0,"['interiors c1964', 'existential', 'hardcore-punk', 'pop-punk', 'punk-rock', 'internet boyfriend', 'rew starr', 'public domain', 'creative commons', 'microsong challenge']",Grating Cheese on Sand
11279,1525,17509.0,,microSong Entries,389.0,Album,,Mire Berch,128000.0,,14.0,Pop,[76],"[10, 76]",CC0 1.0 Universal,203.0,"['interiors c1964', 'existential', 'hardcore-punk', 'pop-punk', 'punk-rock', 'internet boyfriend', 'rew starr', 'public domain', 'creative commons', 'microsong challenge']",Wanton Mouth Feel
11280,1526,17509.0,,microSong Entries,389.0,Album,AFA Sound Machine,Gumbel,320000.0,,15.0,Pop,[76],"[10, 76]",CC0 1.0 Universal,179.0,"['interiors c1964', 'existential', 'hardcore-punk', 'pop-punk', 'punk-rock', 'internet boyfriend', 'rew starr', 'public domain', 'creative commons', 'microsong challenge']",Snack
11281,1527,17509.0,,microSong Entries,389.0,Album,,"Daniel ""BozoDel"" Piovezan",256000.0,,14.0,Pop,[76],"[10, 76]",CC0 1.0 Universal,195.0,"['interiors c1964', 'existential', 'hardcore-punk', 'pop-punk', 'punk-rock', 'internet boyfriend', 'rew starr', 'public domain', 'creative commons', 'microsong challenge']",Worth
11282,1528,17509.0,,microSong Entries,389.0,Album,,Keith Burton,320000.0,,15.0,Pop,[76],"[10, 76]",CC0 1.0 Universal,197.0,"['interiors c1964', 'existential', 'hardcore-punk', 'pop-punk', 'punk-rock', 'internet boyfriend', 'rew starr', 'public domain', 'creative commons', 'microsong challenge']",Bloomfield Ave
11283,1529,17509.0,,microSong Entries,389.0,Album,,Keith Burton,320000.0,,12.0,Pop,[76],"[10, 76]",CC0 1.0 Universal,214.0,"['interiors c1964', 'existential', 'hardcore-punk', 'pop-punk', 'punk-rock', 'internet boyfriend', 'rew starr', 'public domain', 'creative commons', 'microsong challenge']",Smashed
11284,1530,17509.0,,microSong Entries,389.0,Album,,Keith Burton,320000.0,,14.0,Pop,[76],"[10, 76]",CC0 1.0 Universal,215.0,"['interiors c1964', 'existential', 'hardcore-punk', 'pop-punk', 'punk-rock', 'internet boyfriend', 'rew starr', 'public domain', 'creative commons', 'microsong challenge']",The Ballad of John & Cynthia & Mark
11285,1531,17509.0,,microSong Entries,389.0,Album,,Keith Burton,320000.0,,12.0,Pop,[76],"[10, 76]",CC0 1.0 Universal,213.0,"['interiors c1964', 'existential', 'hardcore-punk', 'pop-punk', 'punk-rock', 'internet boyfriend', 'rew starr', 'public domain', 'creative commons', 'microsong challenge']",Moon.
11286,1532,17509.0,,microSong Entries,389.0,Album,,Keith Burton,320000.0,,15.0,Pop,[76],"[10, 76]",CC0 1.0 Universal,217.0,"['interiors c1964', 'existential', 'hardcore-punk', 'pop-punk', 'punk-rock', 'internet boyfriend', 'rew starr', 'public domain', 'creative commons', 'microsong challenge']",walking
11287,1533,17509.0,,microSong Entries,389.0,Album,"Yelpco
Matador
Little Mafia
Blackjack
Breathmint
Sunship
Freenoise",U Can Unlearn Guitar,192000.0,,15.0,Pop,[76],"[10, 76]",CC0 1.0 Universal,218.0,"['interiors c1964', 'existential', 'hardcore-punk', 'pop-punk', 'punk-rock', 'internet boyfriend', 'rew starr', 'public domain', 'creative commons', 'microsong challenge']",Sate' Seconds
11288,1534,17509.0,,microSong Entries,389.0,Album,,Stephen Motz,320000.0,,15.0,Pop,[76],"[10, 76]",CC0 1.0 Universal,221.0,"['interiors c1964', 'existential', 'hardcore-punk', 'pop-punk', 'punk-rock', 'internet boyfriend', 'rew starr', 'public domain', 'creative commons', 'microsong challenge']",Slick and Reflecive
11289,1535,17509.0,,microSong Entries,389.0,Album,,Stephen Motz,320000.0,,15.0,Pop,[76],"[10, 76]",CC0 1.0 Universal,220.0,"['interiors c1964', 'existential', 'hardcore-punk', 'pop-punk', 'punk-rock', 'internet boyfriend', 'rew starr', 'public domain', 'creative commons', 'microsong challenge']",Mechanomad
11290,1536,17509.0,,microSong Entries,389.0,Album,,Stephen Motz,320000.0,,15.0,Pop,[76],"[10, 76]",CC0 1.0 Universal,219.0,"['interiors c1964', 'existential', 'hardcore-punk', 'pop-punk', 'punk-rock', 'internet boyfriend', 'rew starr', 'public domain', 'creative commons', 'microsong challenge']",Leaps and Bounds
11291,1537,17509.0,,microSong Entries,389.0,Album,,The Singing French Fries,256000.0,,6.0,Pop,[76],"[10, 76]",CC0 1.0 Universal,223.0,"['interiors c1964', 'existential', 'hardcore-punk', 'pop-punk', 'punk-rock', 'internet boyfriend', 'rew starr', 'public domain', 'creative commons', 'microsong challenge']",Fuck Haiku
11292,1538,17509.0,,microSong Entries,389.0,Album,,Troy Holder,160000.0,,13.0,Pop,[76],"[10, 76]",CC0 1.0 Universal,224.0,"['interiors c1964', 'existential', 'hardcore-punk', 'pop-punk', 'punk-rock', 'internet boyfriend', 'rew starr', 'public domain', 'creative commons', 'microsong challenge']",Microdot
11293,1539,17509.0,,microSong Entries,389.0,Album,,Troy Holder,160000.0,,9.0,Pop,[76],"[10, 76]",CC0 1.0 Universal,222.0,"['interiors c1964', 'existential', 'hardcore-punk', 'pop-punk', 'punk-rock', 'internet boyfriend', 'rew starr', 'public domain', 'creative commons', 'microsong challenge']",Dərp
11294,1540,17509.0,,microSong Entries,389.0,Album,,mr_melvis,320000.0,,12.0,Pop,[76],"[10, 76]",CC0 1.0 Universal,229.0,"['interiors c1964', 'existential', 'hardcore-punk', 'pop-punk', 'punk-rock', 'internet boyfriend', 'rew starr', 'public domain', 'creative commons', 'microsong challenge']",Level 1
11295,1541,17509.0,,microSong Entries,389.0,Album,,mr_melvis,320000.0,,13.0,Pop,[76],"[10, 76]",CC0 1.0 Universal,228.0,"['interiors c1964', 'existential', 'hardcore-punk', 'pop-punk', 'punk-rock', 'internet boyfriend', 'rew starr', 'public domain', 'creative commons', 'microsong challenge']",Morning 02-16-15
11296,1542,17509.0,,microSong Entries,389.0,Album,,"Interiors, c.1964",320000.0,,15.0,Pop,[76],"[10, 76]",CC0 1.0 Universal,230.0,"['interiors c1964', 'existential', 'hardcore-punk', 'pop-punk', 'punk-rock', 'internet boyfriend', 'rew starr', 'public domain', 'creative commons', 'microsong challenge']",Across the bridge
11297,1543,17509.0,,microSong Entries,389.0,Album,,Troy Holder,160000.0,,1.0,Pop,[76],"[10, 76]",CC0 1.0 Universal,231.0,"['interiors c1964', 'existential', 'hardcore-punk', 'pop-punk', 'punk-rock', 'internet boyfriend', 'rew starr', 'public domain', 'creative commons', 'microsong challenge']",Snip
11298,1544,17509.0,,microSong Entries,389.0,Album,,sthm,320000.0,,13.0,Pop,[76],"[10, 76]",CC0 1.0 Universal,243.0,"['interiors c1964', 'existential', 'hardcore-punk', 'pop-punk', 'punk-rock', 'internet boyfriend', 'rew starr', 'public domain', 'creative commons', 'microsong challenge']",$x4 (MicroSong)
11299,1545,17509.0,,microSong Entries,389.0,Album,,tunnelsurf,128000.0,,10.0,Pop,[76],"[10, 76]",CC0 1.0 Universal,245.0,"['interiors c1964', 'existential', 'hardcore-punk', 'pop-punk', 'punk-rock', 'internet boyfriend', 'rew starr', 'public domain', 'creative commons', 'microsong challenge']",-4
11300,1546,17509.0,,microSong Entries,389.0,Album,,boooooooty,256000.0,,2.0,Pop,[76],"[10, 76]",CC0 1.0 Universal,232.0,"['interiors c1964', 'existential', 'hardcore-punk', 'pop-punk', 'punk-rock', 'internet boyfriend', 'rew starr', 'public domain', 'creative commons', 'microsong challenge']",(Oh Snap!) Get a Load of That Booty
11301,1547,17509.0,,microSong Entries,389.0,Album,,jacket jacket,320000.0,,14.0,Pop,[76],"[10, 76]",CC0 1.0 Universal,236.0,"['interiors c1964', 'existential', 'hardcore-punk', 'pop-punk', 'punk-rock', 'internet boyfriend', 'rew starr', 'public domain', 'creative commons', 'microsong challenge']",disrepair
11302,1548,17509.0,,microSong Entries,389.0,Album,,Capatti/Kater Duo,192000.0,,15.0,Pop,[76],"[10, 76]",CC0 1.0 Universal,241.0,"['interiors c1964', 'existential', 'hardcore-punk', 'pop-punk', 'punk-rock', 'internet boyfriend', 'rew starr', 'public domain', 'creative commons', 'microsong challenge']","Tour de Force, Pt. I"
11303,1549,17509.0,,microSong Entries,389.0,Album,,Guillaume Tucker,256000.0,,14.0,Pop,[76],"[10, 76]",CC0 1.0 Universal,235.0,"['interiors c1964', 'existential', 'hardcore-punk', 'pop-punk', 'punk-rock', 'internet boyfriend', 'rew starr', 'public domain', 'creative commons', 'microsong challenge']",Bebop Molecule
11304,1550,17509.0,,microSong Entries,389.0,Album,,Troy Holder,160000.0,,14.0,Pop,[76],"[10, 76]",CC0 1.0 Universal,237.0,"['interiors c1964', 'existential', 'hardcore-punk', 'pop-punk', 'punk-rock', 'internet boyfriend', 'rew starr', 'public domain', 'creative commons', 'microsong challenge']",Exoskeleton
11305,1551,17509.0,,microSong Entries,389.0,Album,,Troy Holder,160000.0,,15.0,Pop,[76],"[10, 76]",CC0 1.0 Universal,239.0,"['interiors c1964', 'existential', 'hardcore-punk', 'pop-punk', 'punk-rock', 'internet boyfriend', 'rew starr', 'public domain', 'creative commons', 'microsong challenge']",Itsy Bitsy Interlude
11306,1552,17509.0,,microSong Entries,389.0,Album,,Stavaris,256000.0,,15.0,Pop,[76],"[10, 76]",CC0 1.0 Universal,238.0,"['interiors c1964', 'existential', 'hardcore-punk', 'pop-punk', 'punk-rock', 'internet boyfriend', 'rew starr', 'public domain', 'creative commons', 'microsong challenge']",Flu song
11307,1553,17509.0,,microSong Entries,389.0,Album,,Vincent Priceless,128000.0,,15.0,Pop,[76],"[10, 76]",CC0 1.0 Universal,242.0,"['interiors c1964', 'existential', 'hardcore-punk', 'pop-punk', 'punk-rock', 'internet boyfriend', 'rew starr', 'public domain', 'creative commons', 'microsong challenge']",Poet With An Axe
11308,1554,17509.0,,microSong Entries,389.0,Album,,James Price,160000.0,,14.0,Pop,[76],"[10, 76]",CC0 1.0 Universal,240.0,"['interiors c1964', 'existential', 'hardcore-punk', 'pop-punk', 'punk-rock', 'internet boyfriend', 'rew starr', 'public domain', 'creative commons', 'microsong challenge']",Jughead and Liza
11309,1555,17509.0,,microSong Entries,389.0,Album,,WARenTERROR,192000.0,,15.0,Pop,[76],"[10, 76]",CC0 1.0 Universal,234.0,"['interiors c1964', 'existential', 'hardcore-punk', 'pop-punk', 'punk-rock', 'internet boyfriend', 'rew starr', 'public domain', 'creative commons', 'microsong challenge']",Army of lovers
11310,1556,17509.0,,microSong Entries,389.0,Album,,durwolden,320000.0,,14.0,Pop,[76],"[10, 76]",CC0 1.0 Universal,246.0,"['interiors c1964', 'existential', 'hardcore-punk', 'pop-punk', 'punk-rock', 'internet boyfriend', 'rew starr', 'public domain', 'creative commons', 'microsong challenge']",RAM
11311,1557,17509.0,,microSong Entries,389.0,Album,,L' isola di Semo,192000.0,,14.0,Pop,[76],"[10, 76]",CC0 1.0 Universal,244.0,"['interiors c1964', 'existential', 'hardcore-punk', 'pop-punk', 'punk-rock', 'internet boyfriend', 'rew starr', 'public domain', 'creative commons', 'microsong challenge']",E' una magia
11312,1558,17509.0,,microSong Entries,389.0,Album,,Flux Without Pause,320000.0,,14.0,Pop,[76],"[10, 76]",CC0 1.0 Universal,247.0,"['interiors c1964', 'existential', 'hardcore-punk', 'pop-punk', 'punk-rock', 'internet boyfriend', 'rew starr', 'public domain', 'creative commons', 'microsong challenge']",dont make a mark leave a mark
11313,1559,17509.0,,microSong Entries,389.0,Album,,Vanya Zhuk,320000.0,,15.0,Pop,[76],"[10, 76]",CC0 1.0 Universal,248.0,"['interiors c1964', 'existential', 'hardcore-punk', 'pop-punk', 'punk-rock', 'internet boyfriend', 'rew starr', 'public domain', 'creative commons', 'microsong challenge']",All night long
11314,1560,17509.0,,microSong Entries,389.0,Album,,the bobby fuller five,192000.0,,13.0,Pop,[76],"[10, 76]",CC0 1.0 Universal,249.0,"['interiors c1964', 'existential', 'hardcore-punk', 'pop-punk', 'punk-rock', 'internet boyfriend', 'rew starr', 'public domain', 'creative commons', 'microsong challenge']",better sight without glasses
11315,1561,17509.0,,microSong Entries,389.0,Album,,the bobby fuller five,192000.0,,14.0,Pop,[76],"[10, 76]",CC0 1.0 Universal,1.0,"['interiors c1964', 'existential', 'hardcore-punk', 'pop-punk', 'punk-rock', 'internet boyfriend', 'rew starr', 'public domain', 'creative commons', 'microsong challenge']",surfing the pipeline
11316,1562,17509.0,,microSong Entries,389.0,Album,,jmhs students,128000.0,,15.0,Pop,[76],"[10, 76]",CC0 1.0 Universal,49.0,"['interiors c1964', 'existential', 'hardcore-punk', 'pop-punk', 'punk-rock', 'internet boyfriend', 'rew starr', 'public domain', 'creative commons', 'microsong challenge']",Security
11317,1563,17509.0,,microSong Entries,389.0,Album,,jmhs students,128000.0,,15.0,Pop,[76],"[10, 76]",CC0 1.0 Universal,50.0,"['interiors c1964', 'existential', 'hardcore-punk', 'pop-punk', 'punk-rock', 'internet boyfriend', 'rew starr', 'public domain', 'creative commons', 'microsong challenge']",Far From Here
11318,1564,17509.0,,microSong Entries,389.0,Album,,jmhs students,128000.0,,14.0,Pop,[76],"[10, 76]",CC0 1.0 Universal,51.0,"['interiors c1964', 'existential', 'hardcore-punk', 'pop-punk', 'punk-rock', 'internet boyfriend', 'rew starr', 'public domain', 'creative commons', 'microsong challenge']",I Saw the Light
11319,1565,17509.0,,microSong Entries,389.0,Album,,jmhs students,128000.0,,13.0,Pop,[76],"[10, 76]",CC0 1.0 Universal,46.0,"['interiors c1964', 'existential', 'hardcore-punk', 'pop-punk', 'punk-rock', 'internet boyfriend', 'rew starr', 'public domain', 'creative commons', 'microsong challenge']",Outside World
11320,1566,17509.0,,microSong Entries,389.0,Album,,jmhs students,128000.0,,12.0,Pop,[76],"[10, 76]",CC0 1.0 Universal,47.0,"['interiors c1964', 'existential', 'hardcore-punk', 'pop-punk', 'punk-rock', 'internet boyfriend', 'rew starr', 'public domain', 'creative commons', 'microsong challenge']",Say Goodbye
11321,1567,17509.0,,microSong Entries,389.0,Album,,jmhs students,128000.0,,15.0,Pop,[76],"[10, 76]",CC0 1.0 Universal,48.0,"['interiors c1964', 'existential', 'hardcore-punk', 'pop-punk', 'punk-rock', 'internet boyfriend', 'rew starr', 'public domain', 'creative commons', 'microsong challenge']",Attitude
11322,1568,17509.0,,microSong Entries,389.0,Album,,BABY59,192000.0,,14.0,Pop,[76],"[10, 76]",CC0 1.0 Universal,32.0,"['interiors c1964', 'existential', 'hardcore-punk', 'pop-punk', 'punk-rock', 'internet boyfriend', 'rew starr', 'public domain', 'creative commons', 'microsong challenge']",UNTITLED 2
11323,1569,17509.0,,microSong Entries,389.0,Album,,BABY59,192000.0,,14.0,Pop,[76],"[10, 76]",CC0 1.0 Universal,35.0,"['interiors c1964', 'existential', 'hardcore-punk', 'pop-punk', 'punk-rock', 'internet boyfriend', 'rew starr', 'public domain', 'creative commons', 'microsong challenge']",UNTITLED 8
11324,1570,17509.0,,microSong Entries,389.0,Album,,BABY59,192000.0,,14.0,Pop,[76],"[10, 76]",CC0 1.0 Universal,36.0,"['interiors c1964', 'existential', 'hardcore-punk', 'pop-punk', 'punk-rock', 'internet boyfriend', 'rew starr', 'public domain', 'creative commons', 'microsong challenge']",UNTITLED 13
11325,1571,17509.0,,microSong Entries,389.0,Album,,BABY59,192000.0,,14.0,Pop,[76],"[10, 76]",CC0 1.0 Universal,37.0,"['interiors c1964', 'existential', 'hardcore-punk', 'pop-punk', 'punk-rock', 'internet boyfriend', 'rew starr', 'public domain', 'creative commons', 'microsong challenge']",UNTITLED 17
11326,1572,17509.0,,microSong Entries,389.0,Album,,BABY59,192000.0,,14.0,Pop,[76],"[10, 76]",CC0 1.0 Universal,38.0,"['interiors c1964', 'existential', 'hardcore-punk', 'pop-punk', 'punk-rock', 'internet boyfriend', 'rew starr', 'public domain', 'creative commons', 'microsong challenge']",UNTITLED 19
11327,1573,17509.0,,microSong Entries,389.0,Album,,BABY59,192000.0,,14.0,Pop,[76],"[10, 76]",CC0 1.0 Universal,33.0,"['interiors c1964', 'existential', 'hardcore-punk', 'pop-punk', 'punk-rock', 'internet boyfriend', 'rew starr', 'public domain', 'creative commons', 'microsong challenge']",UNTITLED 20
11328,1574,17509.0,,microSong Entries,389.0,Album,,BABY59,192000.0,,8.0,Pop,[76],"[10, 76]",CC0 1.0 Universal,34.0,"['interiors c1964', 'existential', 'hardcore-punk', 'pop-punk', 'punk-rock', 'internet boyfriend', 'rew starr', 'public domain', 'creative commons', 'microsong challenge']",UNTITLED 22
11329,1575,17509.0,,microSong Entries,389.0,Album,,Pipe Choir,256000.0,,14.0,Pop,[76],"[10, 76]",CC0 1.0 Universal,8.0,"['interiors c1964', 'existential', 'hardcore-punk', 'pop-punk', 'punk-rock', 'internet boyfriend', 'rew starr', 'public domain', 'creative commons', 'microsong challenge']",Electricity
11330,1576,17509.0,,microSong Entries,389.0,Album,,Pipe Choir,256000.0,,14.0,Pop,[76],"[10, 76]",CC0 1.0 Universal,9.0,"['interiors c1964', 'existential', 'hardcore-punk', 'pop-punk', 'punk-rock', 'internet boyfriend', 'rew starr', 'public domain', 'creative commons', 'microsong challenge']",Enya
11331,1577,17509.0,,microSong Entries,389.0,Album,,Pipe Choir,256000.0,,14.0,Pop,[76],"[10, 76]",CC0 1.0 Universal,10.0,"['interiors c1964', 'existential', 'hardcore-punk', 'pop-punk', 'punk-rock', 'internet boyfriend', 'rew starr', 'public domain', 'creative commons', 'microsong challenge']",Homesick
11333,1578,17509.0,,microSong Entries,389.0,Album,,Pipe Choir,256000.0,,14.0,Pop,[76],"[10, 76]",CC0 1.0 Universal,12.0,"['interiors c1964', 'existential', 'hardcore-punk', 'pop-punk', 'punk-rock', 'internet boyfriend', 'rew starr', 'public domain', 'creative commons', 'microsong challenge']",Mammitonk 1
11334,1579,17509.0,,microSong Entries,389.0,Album,,Pipe Choir,256000.0,,13.0,Pop,[76],"[10, 76]",CC0 1.0 Universal,13.0,"['interiors c1964', 'existential', 'hardcore-punk', 'pop-punk', 'punk-rock', 'internet boyfriend', 'rew starr', 'public domain', 'creative commons', 'microsong challenge']",Mammitonk 2
11335,1580,17509.0,,microSong Entries,389.0,Album,,Pipe Choir,256000.0,,14.0,Pop,[76],"[10, 76]",CC0 1.0 Universal,14.0,"['interiors c1964', 'existential', 'hardcore-punk', 'pop-punk', 'punk-rock', 'internet boyfriend', 'rew starr', 'public domain', 'creative commons', 'microsong challenge']",Mammitonk 3
11336,1581,17509.0,,microSong Entries,389.0,Album,,Pipe Choir,256000.0,,11.0,Pop,[76],"[10, 76]",CC0 1.0 Universal,15.0,"['interiors c1964', 'existential', 'hardcore-punk', 'pop-punk', 'punk-rock', 'internet boyfriend', 'rew starr', 'public domain', 'creative commons', 'microsong challenge']",Morning Pond
11337,1582,17509.0,,microSong Entries,389.0,Album,,Pipe Choir,256000.0,,14.0,Pop,[76],"[10, 76]",CC0 1.0 Universal,16.0,"['interiors c1964', 'existential', 'hardcore-punk', 'pop-punk', 'punk-rock', 'internet boyfriend', 'rew starr', 'public domain', 'creative commons', 'microsong challenge']",Nebulus
11338,1583,17509.0,,microSong Entries,389.0,Album,,Pipe Choir,256000.0,,11.0,Pop,[76],"[10, 76]",CC0 1.0 Universal,18.0,"['interiors c1964', 'existential', 'hardcore-punk', 'pop-punk', 'punk-rock', 'internet boyfriend', 'rew starr', 'public domain', 'creative commons', 'microsong challenge']",Spy Theme
11339,1584,17509.0,,microSong Entries,389.0,Album,,Pipe Choir,256000.0,,14.0,Pop,[76],"[10, 76]",CC0 1.0 Universal,19.0,"['interiors c1964', 'existential', 'hardcore-punk', 'pop-punk', 'punk-rock', 'internet boyfriend', 'rew starr', 'public domain', 'creative commons', 'microsong challenge']",Static Check
11340,1585,17509.0,,microSong Entries,389.0,Album,,Pipe Choir,256000.0,,15.0,Pop,[76],"[10, 76]",CC0 1.0 Universal,20.0,"['interiors c1964', 'existential', 'hardcore-punk', 'pop-punk', 'punk-rock', 'internet boyfriend', 'rew starr', 'public domain', 'creative commons', 'microsong challenge']",Sunbeam 1
11341,1586,17509.0,,microSong Entries,389.0,Album,,Pipe Choir,256000.0,,14.0,Pop,[76],"[10, 76]",CC0 1.0 Universal,21.0,"['interiors c1964', 'existential', 'hardcore-punk', 'pop-punk', 'punk-rock', 'internet boyfriend', 'rew starr', 'public domain', 'creative commons', 'microsong challenge']",Sunbeam 2
11342,1587,17509.0,,microSong Entries,389.0,Album,,Pipe Choir,256000.0,,14.0,Pop,[76],"[10, 76]",CC0 1.0 Universal,22.0,"['interiors c1964', 'existential', 'hardcore-punk', 'pop-punk', 'punk-rock', 'internet boyfriend', 'rew starr', 'public domain', 'creative commons', 'microsong challenge']",The Desert Archer
11343,1588,17509.0,,microSong Entries,389.0,Album,,Pipe Choir,256000.0,,14.0,Pop,[76],"[10, 76]",CC0 1.0 Universal,23.0,"['interiors c1964', 'existential', 'hardcore-punk', 'pop-punk', 'punk-rock', 'internet boyfriend', 'rew starr', 'public domain', 'creative commons', 'microsong challenge']",The Goof
11344,1589,17509.0,,microSong Entries,389.0,Album,,Pipe Choir,256000.0,,15.0,Pop,[76],"[10, 76]",CC0 1.0 Universal,24.0,"['interiors c1964', 'existential', 'hardcore-punk', 'pop-punk', 'punk-rock', 'internet boyfriend', 'rew starr', 'public domain', 'creative commons', 'microsong challenge']",The Shimmer
11345,1590,17509.0,,microSong Entries,389.0,Album,,Pipe Choir,256000.0,,11.0,Pop,[76],"[10, 76]",CC0 1.0 Universal,25.0,"['interiors c1964', 'existential', 'hardcore-punk', 'pop-punk', 'punk-rock', 'internet boyfriend', 'rew starr', 'public domain', 'creative commons', 'microsong challenge']",The Snow Falcon
11346,1591,17509.0,,microSong Entries,389.0,Album,,Pipe Choir,256000.0,,12.0,Pop,[76],"[10, 76]",CC0 1.0 Universal,11.0,"['interiors c1964', 'existential', 'hardcore-punk', 'pop-punk', 'punk-rock', 'internet boyfriend', 'rew starr', 'public domain', 'creative commons', 'microsong challenge']",Infinius Fail
11347,1592,17509.0,,microSong Entries,389.0,Album,,Pipe Choir,256000.0,,15.0,Pop,[76],"[10, 76]",CC0 1.0 Universal,7.0,"['interiors c1964', 'existential', 'hardcore-punk', 'pop-punk', 'punk-rock', 'internet boyfriend', 'rew starr', 'public domain', 'creative commons', 'microsong challenge']",Betrayal
11348,1593,17509.0,,microSong Entries,389.0,Album,,Pipe Choir,256000.0,,15.0,Pop,[76],"[10, 76]",CC0 1.0 Universal,17.0,"['interiors c1964', 'existential', 'hardcore-punk', 'pop-punk', 'punk-rock', 'internet boyfriend', 'rew starr', 'public domain', 'creative commons', 'microsong challenge']",Nikki
11350,1594,17509.0,,microSong Entries,389.0,Album,,Fredericks,160000.0,,15.0,Pop,[76],"[10, 76]",CC0 1.0 Universal,45.0,"['interiors c1964', 'existential', 'hardcore-punk', 'pop-punk', 'punk-rock', 'internet boyfriend', 'rew starr', 'public domain', 'creative commons', 'microsong challenge']",Partch Crash
11351,1595,17509.0,,microSong Entries,389.0,Album,,Fredericks,160000.0,,14.0,Pop,[76],"[10, 76]",CC0 1.0 Universal,40.0,"['interiors c1964', 'existential', 'hardcore-punk', 'pop-punk', 'punk-rock', 'internet boyfriend', 'rew starr', 'public domain', 'creative commons', 'microsong challenge']",Corner
11352,1596,17509.0,,microSong Entries,389.0,Album,,Fredericks,160000.0,,14.0,Pop,[76],"[10, 76]",CC0 1.0 Universal,42.0,"['interiors c1964', 'existential', 'hardcore-punk', 'pop-punk', 'punk-rock', 'internet boyfriend', 'rew starr', 'public domain', 'creative commons', 'microsong challenge']",Short Shrift
11353,1597,17509.0,,microSong Entries,389.0,Album,,Fredericks,160000.0,,15.0,Pop,[76],"[10, 76]",CC0 1.0 Universal,31.0,"['interiors c1964', 'existential', 'hardcore-punk', 'pop-punk', 'punk-rock', 'internet boyfriend', 'rew starr', 'public domain', 'creative commons', 'microsong challenge']",So Soon
11354,1598,17509.0,,microSong Entries,389.0,Album,,The Mostly Bad Virus,256000.0,,14.0,Pop,[76],"[10, 76]",CC0 1.0 Universal,3.0,"['interiors c1964', 'existential', 'hardcore-punk', 'pop-punk', 'punk-rock', 'internet boyfriend', 'rew starr', 'public domain', 'creative commons', 'microsong challenge']","Being in a Band, a Very Serious Endeavor"
11355,1599,17509.0,,microSong Entries,389.0,Album,,The Mostly Bad Virus,256000.0,,14.0,Pop,[76],"[10, 76]",CC0 1.0 Universal,4.0,"['interiors c1964', 'existential', 'hardcore-punk', 'pop-punk', 'punk-rock', 'internet boyfriend', 'rew starr', 'public domain', 'creative commons', 'microsong challenge']","Being in a Band, a Very Serious Endeavor (Radio Edit)"
11356,1600,17509.0,,microSong Entries,389.0,Album,,The Mostly Bad Virus,256000.0,,7.0,Pop,[76],"[10, 76]",CC0 1.0 Universal,30.0,"['interiors c1964', 'existential', 'hardcore-punk', 'pop-punk', 'punk-rock', 'internet boyfriend', 'rew starr', 'public domain', 'creative commons', 'microsong challenge']",Let's Go Swimming
11357,1601,17509.0,,microSong Entries,389.0,Album,,The Mostly Bad Virus,256000.0,,7.0,Pop,[76],"[10, 76]",CC0 1.0 Universal,44.0,"['interiors c1964', 'existential', 'hardcore-punk', 'pop-punk', 'punk-rock', 'internet boyfriend', 'rew starr', 'public domain', 'creative commons', 'microsong challenge']",Sike!
11358,1602,17509.0,,microSong Entries,389.0,Album,,dj moleintheground,320000.0,,13.0,Pop,[76],"[10, 76]",CC0 1.0 Universal,5.0,"['interiors c1964', 'existential', 'hardcore-punk', 'pop-punk', 'punk-rock', 'internet boyfriend', 'rew starr', 'public domain', 'creative commons', 'microsong challenge']",20140403_indianamusicians
11359,1603,17509.0,,microSong Entries,389.0,Album,,Myra Briggs,320000.0,,13.0,Pop,[76],"[10, 76]",CC0 1.0 Universal,39.0,"['interiors c1964', 'existential', 'hardcore-punk', 'pop-punk', 'punk-rock', 'internet boyfriend', 'rew starr', 'public domain', 'creative commons', 'microsong challenge']",Voices Love it All
11360,1604,17509.0,,microSong Entries,389.0,Album,,jacket jacket,320000.0,,15.0,Pop,[76],"[10, 76]",CC0 1.0 Universal,28.0,"['interiors c1964', 'existential', 'hardcore-punk', 'pop-punk', 'punk-rock', 'internet boyfriend', 'rew starr', 'public domain', 'creative commons', 'microsong challenge']",field guides
11361,1605,17509.0,,microSong Entries,389.0,Album,,Hearthrob,320000.0,,14.0,Pop,[76],"[10, 76]",CC0 1.0 Universal,29.0,"['interiors c1964', 'existential', 'hardcore-punk', 'pop-punk', 'punk-rock', 'internet boyfriend', 'rew starr', 'public domain', 'creative commons', 'microsong challenge']",Giant Ginger Chunk
11362,1606,17509.0,,microSong Entries,389.0,Album,,Dan Darbandi,128000.0,,12.0,Pop,[76],"[10, 76]",CC0 1.0 Universal,41.0,"['interiors c1964', 'existential', 'hardcore-punk', 'pop-punk', 'punk-rock', 'internet boyfriend', 'rew starr', 'public domain', 'creative commons', 'microsong challenge']",Poop Your Pants!
11363,1607,17509.0,,microSong Entries,389.0,Album,,boooooooty,256000.0,,3.0,Pop,[76],"[10, 76]",CC0 1.0 Universal,43.0,"['interiors c1964', 'existential', 'hardcore-punk', 'pop-punk', 'punk-rock', 'internet boyfriend', 'rew starr', 'public domain', 'creative commons', 'microsong challenge']",Shorts Song
11364,1608,17509.0,,microSong Entries,389.0,Album,,will soderberg...,320000.0,,10.0,Pop,[76],"[10, 76]",CC0 1.0 Universal,26.0,"['interiors c1964', 'existential', 'hardcore-punk', 'pop-punk', 'punk-rock', 'internet boyfriend', 'rew starr', 'public domain', 'creative commons', 'microsong challenge']",i'm telling...
11365,1609,17509.0,,microSong Entries,389.0,Album,,Capatti/Kater Duo,192000.0,,15.0,Pop,[76],"[10, 76]",CC0 1.0 Universal,27.0,"['interiors c1964', 'existential', 'hardcore-punk', 'pop-punk', 'punk-rock', 'internet boyfriend', 'rew starr', 'public domain', 'creative commons', 'microsong challenge']","Tour de Force, Pt. I (Muddy Coffee Mix)"
11366,1610,17509.0,,microSong Entries,389.0,Album,,Capatti/Kater Duo,192000.0,,15.0,Pop,[76],"[10, 76]",CC0 1.0 Universal,60.0,"['interiors c1964', 'existential', 'hardcore-punk', 'pop-punk', 'punk-rock', 'internet boyfriend', 'rew starr', 'public domain', 'creative commons', 'microsong challenge']","Tour de Force, Pt. I (Muddy Coffee Mix) 2"
11367,1611,17509.0,,microSong Entries,389.0,Album,,Jorge Mario Zuleta,192000.0,,15.0,Pop,[76],"[10, 76]",CC0 1.0 Universal,52.0,"['interiors c1964', 'existential', 'hardcore-punk', 'pop-punk', 'punk-rock', 'internet boyfriend', 'rew starr', 'public domain', 'creative commons', 'microsong challenge']",Mourning Advertisement
11368,1612,17509.0,,microSong Entries,389.0,Album,,Jorge Mario Zuleta,192000.0,,15.0,Pop,[76],"[10, 76]",CC0 1.0 Universal,53.0,"['interiors c1964', 'existential', 'hardcore-punk', 'pop-punk', 'punk-rock', 'internet boyfriend', 'rew starr', 'public domain', 'creative commons', 'microsong challenge']",Nature
11369,1613,17509.0,,microSong Entries,389.0,Album,,Jorge Mario Zuleta,192000.0,,15.0,Pop,[76],"[10, 76]",CC0 1.0 Universal,54.0,"['interiors c1964', 'existential', 'hardcore-punk', 'pop-punk', 'punk-rock', 'internet boyfriend', 'rew starr', 'public domain', 'creative commons', 'microsong challenge']",Challenger
11370,1614,17509.0,,microSong Entries,389.0,Album,,Jorge Mario Zuleta,192000.0,,15.0,Pop,[76],"[10, 76]",CC0 1.0 Universal,55.0,"['interiors c1964', 'existential', 'hardcore-punk', 'pop-punk', 'punk-rock', 'internet boyfriend', 'rew starr', 'public domain', 'creative commons', 'microsong challenge']",Obnoxious
11371,1615,17509.0,,microSong Entries,389.0,Album,,Jorge Mario Zuleta,192000.0,,15.0,Pop,[76],"[10, 76]",CC0 1.0 Universal,56.0,"['interiors c1964', 'existential', 'hardcore-punk', 'pop-punk', 'punk-rock', 'internet boyfriend', 'rew starr', 'public domain', 'creative commons', 'microsong challenge']",Pressure
11372,1616,17509.0,,microSong Entries,389.0,Album,,Jorge Mario Zuleta,192000.0,,15.0,Pop,[76],"[10, 76]",CC0 1.0 Universal,57.0,"['interiors c1964', 'existential', 'hardcore-punk', 'pop-punk', 'punk-rock', 'internet boyfriend', 'rew starr', 'public domain', 'creative commons', 'microsong challenge']",Queso
11373,1617,17509.0,,microSong Entries,389.0,Album,,Jorge Mario Zuleta,192000.0,,15.0,Pop,[76],"[10, 76]",CC0 1.0 Universal,58.0,"['interiors c1964', 'existential', 'hardcore-punk', 'pop-punk', 'punk-rock', 'internet boyfriend', 'rew starr', 'public domain', 'creative commons', 'microsong challenge']",Razeb
11374,1618,17509.0,,microSong Entries,389.0,Album,,Jorge Mario Zuleta,192000.0,,15.0,Pop,[76],"[10, 76]",CC0 1.0 Universal,59.0,"['interiors c1964', 'existential', 'hardcore-punk', 'pop-punk', 'punk-rock', 'internet boyfriend', 'rew starr', 'public domain', 'creative commons', 'microsong challenge']",Secrecy
11381,1619,17509.0,,microSong Entries,389.0,Album,,Ellennerv,256000.0,,12.0,Pop,[76],"[10, 76]",CC0 1.0 Universal,61.0,"['interiors c1964', 'existential', 'hardcore-punk', 'pop-punk', 'punk-rock', 'internet boyfriend', 'rew starr', 'public domain', 'creative commons', 'microsong challenge']",Twist it till it Breaks
11382,1620,17509.0,,microSong Entries,389.0,Album,,Thomas Aussenac,256000.0,,15.0,Pop,[76],"[10, 76]",CC0 1.0 Universal,73.0,"['interiors c1964', 'existential', 'hardcore-punk', 'pop-punk', 'punk-rock', 'internet boyfriend', 'rew starr', 'public domain', 'creative commons', 'microsong challenge']",13 Notes
11383,1621,17509.0,,microSong Entries,389.0,Album,,Troy Holder,160000.0,,15.0,Pop,[76],"[10, 76]",CC0 1.0 Universal,78.0,"['interiors c1964', 'existential', 'hardcore-punk', 'pop-punk', 'punk-rock', 'internet boyfriend', 'rew starr', 'public domain', 'creative commons', 'microsong challenge']",Popppy Seed
11384,1622,17509.0,,microSong Entries,389.0,Album,,Breakmaster Cylinder,256000.0,,15.0,Pop,[76],"[10, 76]",CC0 1.0 Universal,63.0,"['interiors c1964', 'existential', 'hardcore-punk', 'pop-punk', 'punk-rock', 'internet boyfriend', 'rew starr', 'public domain', 'creative commons', 'microsong challenge']",Basement Harp
11385,1623,17509.0,,microSong Entries,389.0,Album,,Breakmaster Cylinder,256000.0,,15.0,Pop,[76],"[10, 76]",CC0 1.0 Universal,65.0,"['interiors c1964', 'existential', 'hardcore-punk', 'pop-punk', 'punk-rock', 'internet boyfriend', 'rew starr', 'public domain', 'creative commons', 'microsong challenge']",Floorways Congealing
11386,1624,17509.0,,microSong Entries,389.0,Album,,Breakmaster Cylinder,256000.0,,15.0,Pop,[76],"[10, 76]",CC0 1.0 Universal,69.0,"['interiors c1964', 'existential', 'hardcore-punk', 'pop-punk', 'punk-rock', 'internet boyfriend', 'rew starr', 'public domain', 'creative commons', 'microsong challenge']",Key Cards
11387,1625,17509.0,,microSong Entries,389.0,Album,,Breakmaster Cylinder,256000.0,,15.0,Pop,[76],"[10, 76]",CC0 1.0 Universal,67.0,"['interiors c1964', 'existential', 'hardcore-punk', 'pop-punk', 'punk-rock', 'internet boyfriend', 'rew starr', 'public domain', 'creative commons', 'microsong challenge']",Stumpbox
11388,1626,17509.0,,microSong Entries,389.0,Album,,Breakmaster Cylinder,256000.0,,15.0,Pop,[76],"[10, 76]",CC0 1.0 Universal,68.0,"['interiors c1964', 'existential', 'hardcore-punk', 'pop-punk', 'punk-rock', 'internet boyfriend', 'rew starr', 'public domain', 'creative commons', 'microsong challenge']",Zap Master
11389,1627,17509.0,,microSong Entries,389.0,Album,,Breakmaster Cylinder feat. Dislotec,256000.0,,15.0,Pop,[76],"[10, 76]",CC0 1.0 Universal,62.0,"['interiors c1964', 'existential', 'hardcore-punk', 'pop-punk', 'punk-rock', 'internet boyfriend', 'rew starr', 'public domain', 'creative commons', 'microsong challenge']",A Bird Poem
11390,1628,17509.0,,microSong Entries,389.0,Album,,Breakmaster Cylinder feat. Dislotec,256000.0,,15.0,Pop,[76],"[10, 76]",CC0 1.0 Universal,1.0,"['interiors c1964', 'existential', 'hardcore-punk', 'pop-punk', 'punk-rock', 'internet boyfriend', 'rew starr', 'public domain', 'creative commons', 'microsong challenge']",Paint Your Grandma's Portrait
11391,1629,17509.0,,microSong Entries,389.0,Album,,Mark DeAngelis,160000.0,,12.0,Pop,[76],"[10, 76]",CC0 1.0 Universal,83.0,"['interiors c1964', 'existential', 'hardcore-punk', 'pop-punk', 'punk-rock', 'internet boyfriend', 'rew starr', 'public domain', 'creative commons', 'microsong challenge']",Tofu is...
11392,1630,17509.0,,microSong Entries,389.0,Album,,Pipe Choir,256000.0,,15.0,Pop,[76],"[10, 76]",CC0 1.0 Universal,71.0,"['interiors c1964', 'existential', 'hardcore-punk', 'pop-punk', 'punk-rock', 'internet boyfriend', 'rew starr', 'public domain', 'creative commons', 'microsong challenge']",Afterlife
11393,1631,17509.0,,microSong Entries,389.0,Album,,Pipe Choir,256000.0,,13.0,Pop,[76],"[10, 76]",CC0 1.0 Universal,70.0,"['interiors c1964', 'existential', 'hardcore-punk', 'pop-punk', 'punk-rock', 'internet boyfriend', 'rew starr', 'public domain', 'creative commons', 'microsong challenge']",Atmospheres
11394,1632,17509.0,,microSong Entries,389.0,Album,,GIMCRA©K,256000.0,,13.0,Pop,[76],"[10, 76]",CC0 1.0 Universal,81.0,"['interiors c1964', 'existential', 'hardcore-punk', 'pop-punk', 'punk-rock', 'internet boyfriend', 'rew starr', 'public domain', 'creative commons', 'microsong challenge']",大きい 赤 塊 !
11395,1633,17509.0,,microSong Entries,389.0,Album,,Gregodactyl and Momosaurus Rex,256000.0,,13.0,Pop,[76],"[10, 76]",CC0 1.0 Universal,76.0,"['interiors c1964', 'existential', 'hardcore-punk', 'pop-punk', 'punk-rock', 'internet boyfriend', 'rew starr', 'public domain', 'creative commons', 'microsong challenge']",Headphone Tada
11396,1634,17509.0,,microSong Entries,389.0,Album,,Mark DeAngelis,160000.0,,10.0,Pop,[76],"[10, 76]",CC0 1.0 Universal,82.0,"['interiors c1964', 'existential', 'hardcore-punk', 'pop-punk', 'punk-rock', 'internet boyfriend', 'rew starr', 'public domain', 'creative commons', 'microsong challenge']",Dwedle Dum
11397,1635,17509.0,,microSong Entries,389.0,Album,,Pete Galub,128000.0,,14.0,Pop,[76],"[10, 76]",CC0 1.0 Universal,64.0,"['interiors c1964', 'existential', 'hardcore-punk', 'pop-punk', 'punk-rock', 'internet boyfriend', 'rew starr', 'public domain', 'creative commons', 'microsong challenge']",Crinkle
11398,1636,17509.0,,microSong Entries,389.0,Album,,Eric Brehm’s iMouthlist,80000.0,,15.0,Pop,[76],"[10, 76]",CC0 1.0 Universal,75.0,"['interiors c1964', 'existential', 'hardcore-punk', 'pop-punk', 'punk-rock', 'internet boyfriend', 'rew starr', 'public domain', 'creative commons', 'microsong challenge']",Great Big Map
11399,1637,17509.0,,microSong Entries,389.0,Album,,Mire Berch,128000.0,,3.0,Pop,[76],"[10, 76]",CC0 1.0 Universal,77.0,"['interiors c1964', 'existential', 'hardcore-punk', 'pop-punk', 'punk-rock', 'internet boyfriend', 'rew starr', 'public domain', 'creative commons', 'microsong challenge']",MFA
11400,1638,17509.0,,microSong Entries,389.0,Album,,Mire Berch,128000.0,,14.0,Pop,[76],"[10, 76]",CC0 1.0 Universal,74.0,"['interiors c1964', 'existential', 'hardcore-punk', 'pop-punk', 'punk-rock', 'internet boyfriend', 'rew starr', 'public domain', 'creative commons', 'microsong challenge']",Buiisness Sale
11401,1639,17509.0,,microSong Entries,389.0,Album,,Fifteen Candles,160000.0,,15.0,Pop,[76],"[10, 76]",CC0 1.0 Universal,79.0,"['interiors c1964', 'existential', 'hardcore-punk', 'pop-punk', 'punk-rock', 'internet boyfriend', 'rew starr', 'public domain', 'creative commons', 'microsong challenge']",Yr Butt
11402,1640,17509.0,,microSong Entries,389.0,Album,,Fifteen Candles,128000.0,,14.0,Pop,[76],"[10, 76]",CC0 1.0 Universal,72.0,"['interiors c1964', 'existential', 'hardcore-punk', 'pop-punk', 'punk-rock', 'internet boyfriend', 'rew starr', 'public domain', 'creative commons', 'microsong challenge']",Katie Homeslice
11451,1641,17785.0,,z/aire,8.0,Album,,ZAIRE,256000.0,,296.0,,"[2, 15]","[2, 15]",CC0 1.0 Universal,1.0,"['futuristic', 'amazing', 'lo-fi', 'experimental', 'villa ballester', 'argentina']",ANSIEDAD
11452,1642,17785.0,,z/aire,8.0,Album,,ZAIRE,256000.0,,268.0,,"[2, 15]","[2, 15]",CC0 1.0 Universal,2.0,"['futuristic', 'amazing', 'lo-fi', 'experimental', 'villa ballester', 'argentina']",LA REPRESENTACION DEL TERRENO (MAPA)
11453,1643,17785.0,,z/aire,8.0,Album,,ZAIRE,256000.0,,310.0,,"[2, 15]","[2, 15]",CC0 1.0 Universal,3.0,"['futuristic', 'amazing', 'lo-fi', 'experimental', 'villa ballester', 'argentina']",ENSAYO DE LO POR VENIR
11454,1644,17785.0,,z/aire,8.0,Album,,ZAIRE,256000.0,,263.0,,"[2, 15]","[2, 15]",CC0 1.0 Universal,4.0,"['futuristic', 'amazing', 'lo-fi', 'experimental', 'villa ballester', 'argentina']",LAS LLUVIAS DE RANCHIPUR
11455,1645,17785.0,,z/aire,8.0,Album,,ZAIRE,256000.0,,317.0,,"[2, 15]","[2, 15]",CC0 1.0 Universal,5.0,"['futuristic', 'amazing', 'lo-fi', 'experimental', 'villa ballester', 'argentina']",MONO  ANTROPOCENTRICO (TRAICION A LA ESPECIE)
11456,1646,17785.0,,z/aire,8.0,Album,,ZAIRE,256000.0,,292.0,,"[2, 15]","[2, 15]",CC0 1.0 Universal,6.0,"['futuristic', 'amazing', 'lo-fi', 'experimental', 'villa ballester', 'argentina']",SUPERMERCADO TIBETANO
11457,1647,17785.0,,z/aire,8.0,Album,,ZAIRE,256000.0,,184.0,,"[2, 15]","[2, 15]",CC0 1.0 Universal,7.0,"['futuristic', 'amazing', 'lo-fi', 'experimental', 'villa ballester', 'argentina']",ISLA DE JAVA
11458,1648,17785.0,,z/aire,8.0,Album,,ZAIRE,256000.0,,308.0,,"[2, 15]","[2, 15]",CC0 1.0 Universal,8.0,"['futuristic', 'amazing', 'lo-fi', 'experimental', 'villa ballester', 'argentina']",TWITTER DE AMOR ENTRE ANDROIDES
11460,1649,17801.0,,Poincare Conjecture,6.0,Album,,Zoliborz,320000.0,,208.0,Rock,[31],"[12, 31]",CC0 1.0 Universal,1.0,[],Roland Garros 2048
11461,1650,17801.0,,Poincare Conjecture,6.0,Album,,Zoliborz,320000.0,,204.0,Rock,[31],"[12, 31]",CC0 1.0 Universal,2.0,[],Poincare Conjecture
11462,1651,17801.0,,Poincare Conjecture,6.0,Album,,Zoliborz,320000.0,,52.0,Rock,[31],"[12, 31]",CC0 1.0 Universal,3.0,[],The Secret of Life
11463,1652,17801.0,,Poincare Conjecture,6.0,Album,,Zoliborz,320000.0,,272.0,Rock,[31],"[12, 31]",CC0 1.0 Universal,4.0,[],Hangovered
11464,1653,17801.0,,Poincare Conjecture,6.0,Album,,Zoliborz,320000.0,,126.0,Rock,[31],"[12, 31]",CC0 1.0 Universal,5.0,[],To Balagopalan Ganapathy
11465,1654,17801.0,,Poincare Conjecture,6.0,Album,,Zoliborz,320000.0,,273.0,Rock,[31],"[12, 31]",CC0 1.0 Universal,6.0,[],The Call of the Polar Star
11508,1655,17850.0,,Masters Remastered,69.0,Album,,FMA Overlords,192000.0,,89.0,Classical,[659],"[659, 5]",CC0 1.0 Universal,1.0,"['concerto', 'brahms', 'masters remastered', 'wfmu', 'fma']",Can/Can't (Orpheus In The Underworld)
11533,1656,17850.0,,Masters Remastered,69.0,Album,,Bach and Joe DeGeorge,179802.0,,139.0,Classical,[659],"[659, 5]",CC0 1.0 Universal,5.0,"['concerto', 'brahms', 'masters remastered', 'wfmu', 'fma']",Tocatta in D Minor
11534,1657,17850.0,,Masters Remastered,69.0,Album,,Greg Reinfeld,256000.0,,183.0,Classical,[659],"[659, 5]",CC0 1.0 Universal,2.0,"['concerto', 'brahms', 'masters remastered', 'wfmu', 'fma']",Canon in D ni nonaC (Pachelbel's Canon)
11535,1658,17850.0,,Masters Remastered,69.0,Album,,Expwy,320000.0,,849.0,Classical,[659],"[659, 5]",CC0 1.0 Universal,4.0,"['concerto', 'brahms', 'masters remastered', 'wfmu', 'fma']",Omnes - Organum Triplum-Haec Dies
11536,1659,17850.0,,Masters Remastered,69.0,Album,,sickclown,320000.0,,460.0,Classical,[659],"[659, 5]",CC0 1.0 Universal,3.0,"['concerto', 'brahms', 'masters remastered', 'wfmu', 'fma']",chpn_op35_fun&roll .sickclown 3
11543,1660,17850.0,,Masters Remastered,69.0,Album,,Jaan Patterson,320000.0,,534.0,Classical,[659],"[659, 5]",CC0 1.0 Universal,6.0,"['concerto', 'brahms', 'masters remastered', 'wfmu', 'fma']",Toccata and Fugue (Johann Sebastian Bach)
11546,1661,17850.0,,Masters Remastered,69.0,Album,,In Glove With Bach,160000.0,,77.0,Classical,[659],"[659, 5]",CC0 1.0 Universal,7.0,"['concerto', 'brahms', 'masters remastered', 'wfmu', 'fma']","Invention No. 8 Collage - Sans Gloves, Latex Gloves, Thin Gloves, Ski Gloves, Mittens, Boxing Gloves"
11547,1662,17850.0,,Masters Remastered,69.0,Album,,MonkSeven,320000.0,,186.0,Classical,[659],"[659, 5]",CC0 1.0 Universal,8.0,"['concerto', 'brahms', 'masters remastered', 'wfmu', 'fma']",Satie's Gym Shoes: One
11576,1663,17850.0,,Masters Remastered,69.0,Album,,Verslo Rizikos Rezervas,256000.0,,178.0,Classical,[659],"[659, 5]",CC0 1.0 Universal,9.0,"['concerto', 'brahms', 'masters remastered', 'wfmu', 'fma']",Sveikinimai gerbejams (feat. Dmitri Shostakovich Symphony No. 7)
11577,1664,17850.0,,Masters Remastered,69.0,Album,,Future Sauce,192000.0,,200.0,Classical,[659],"[659, 5]",CC0 1.0 Universal,10.0,"['concerto', 'brahms', 'masters remastered', 'wfmu', 'fma']",Gymnopedie No. 1 (Erik Satie)
11578,1665,17850.0,,Masters Remastered,69.0,Album,"Yelpco
Matador
Little Mafia
Blackjack
Breathmint
Sunship
Freenoise",U Can Unlearn Guitar,192000.0,,386.0,Classical,[659],"[659, 5]",CC0 1.0 Universal,13.0,"['concerto', 'brahms', 'masters remastered', 'wfmu', 'fma']",Beethoven Really Rolls Over (Rage Over Lost Penny)
11589,1666,17850.0,,Masters Remastered,69.0,Album,,Jaan Patterson,320000.0,,571.0,Classical,[659],"[659, 5]",CC0 1.0 Universal,11.0,"['concerto', 'brahms', 'masters remastered', 'wfmu', 'fma']","Hungarian Rhapsody No.2, S.244:2"
11592,1667,17850.0,,Masters Remastered,69.0,Album,,Jaan Patterson,320000.0,,78.0,Classical,[659],"[659, 5]",CC0 1.0 Universal,12.0,"['concerto', 'brahms', 'masters remastered', 'wfmu', 'fma']",The Flight of the Bumblebee (Nikolai Andrejewitsch Rimski-Korsakow)
11598,1668,17850.0,,Masters Remastered,69.0,Album,,Greg Reinfeld,256000.0,,210.0,Classical,[659],"[659, 5]",CC0 1.0 Universal,15.0,"['concerto', 'brahms', 'masters remastered', 'wfmu', 'fma']",Two-Part Invention in 1985 (Bach's Inventions and Sinfonias)
11601,1669,17850.0,,Masters Remastered,69.0,Album,,The Good China,192000.0,,141.0,Classical,[659],"[659, 5]",CC0 1.0 Universal,14.0,"['concerto', 'brahms', 'masters remastered', 'wfmu', 'fma']",From the New World (Theme from Dvorak's 9th Symphony)
11650,1670,17850.0,,Masters Remastered,69.0,Album,,Greg Reinfeld,256000.0,,256.0,Classical,[659],"[659, 5]",CC0 1.0 Universal,16.0,"['concerto', 'brahms', 'masters remastered', 'wfmu', 'fma']",Turkish Eternity (Mozart's Piano Sonata No. 11)
11651,1671,17850.0,,Masters Remastered,69.0,Album,,Troy Holder,160000.0,,185.0,Classical,[659],"[659, 5]",CC0 1.0 Universal,17.0,"['concerto', 'brahms', 'masters remastered', 'wfmu', 'fma']",Troy Holder - Ode to Joy (Beethoven)
11652,1672,17850.0,,Masters Remastered,69.0,Album,,Alpha Hydrae,320000.0,,157.0,Classical,[659],"[659, 5]",CC0 1.0 Universal,25.0,"['concerto', 'brahms', 'masters remastered', 'wfmu', 'fma']",Alpha Hydrae - Hashi&Kiku (Schuman's Traumerei)
11653,1673,17850.0,,Masters Remastered,69.0,Album,,International Surrealist Bulletin,256000.0,,272.0,Classical,[659],"[659, 5]",CC0 1.0 Universal,22.0,"['concerto', 'brahms', 'masters remastered', 'wfmu', 'fma']",Gnossienne no. 1
11654,1674,17850.0,,Masters Remastered,69.0,Album,,Troy Holder,160000.0,,187.0,Classical,[659],"[659, 5]",CC0 1.0 Universal,18.0,"['concerto', 'brahms', 'masters remastered', 'wfmu', 'fma']",Lacrimosa (Mozart)
11655,1675,17850.0,,Masters Remastered,69.0,Album,Parenthetical Records,Steve Combs,192000.0,,72.0,Classical,[659],"[659, 5]",CC0 1.0 Universal,26.0,"['concerto', 'brahms', 'masters remastered', 'wfmu', 'fma']",Furry Leash (Für Elise)
11656,1676,17850.0,,Masters Remastered,69.0,Album,Parenthetical Records,Steve Combs,192000.0,,51.0,Classical,[659],"[659, 5]",CC0 1.0 Universal,21.0,"['concerto', 'brahms', 'masters remastered', 'wfmu', 'fma']",Canon in D
11657,1677,17850.0,,Masters Remastered,69.0,Album,,Mons J,320000.0,,61.0,Classical,[659],"[659, 5]",CC0 1.0 Universal,19.0,"['concerto', 'brahms', 'masters remastered', 'wfmu', 'fma']",Allegro Can Bro (Beethoven Symphony No.5)
11658,1678,17850.0,,Masters Remastered,69.0,Album,,Jaan Patterson,320000.0,,224.0,Classical,[659],"[659, 5]",CC0 1.0 Universal,23.0,"['concerto', 'brahms', 'masters remastered', 'wfmu', 'fma']",Rachmaninov - Morceau de Fantaisie Elegie in E-min
11661,1679,17850.0,,Masters Remastered,69.0,Album,,Luke Larix,160000.0,,326.0,Classical,[659],"[659, 5]",CC0 1.0 Universal,20.0,"['concerto', 'brahms', 'masters remastered', 'wfmu', 'fma']",The Fifth Gnossiennes
11687,1680,16256.0,,Recorded by Jean Ritchie in 1956,-1.0,,,Howie Mitchell,128000.0,,40.0,Folk,[17],[17],Creative Commons Attribution,1.0,[],Intro
11688,1681,16256.0,,Recorded by Jean Ritchie in 1956,-1.0,,,Howie Mitchell,128000.0,,194.0,Folk,[17],[17],Creative Commons Attribution,2.0,[],The Admiral
11689,1682,16256.0,,Recorded by Jean Ritchie in 1956,-1.0,,,Howie Mitchell,128000.0,,32.0,Folk,[17],[17],Creative Commons Attribution,3.0,[],Intro - Haul Away Joe
11690,1683,16256.0,,Recorded by Jean Ritchie in 1956,-1.0,,,Howie Mitchell,128000.0,,114.0,Folk,[17],[17],Creative Commons Attribution,5.0,[],Q & A
11691,1684,16256.0,,Recorded by Jean Ritchie in 1956,-1.0,,,Howie Mitchell,128000.0,,211.0,Folk,[17],[17],Creative Commons Attribution,6.0,[],Deep Blue Sea (with Jean Ritchie)
11692,1685,16256.0,,Recorded by Jean Ritchie in 1956,-1.0,,,Howie Mitchell,128000.0,,4.0,Folk,[17],[17],Creative Commons Attribution,7.0,[],Intro - Henry Martin
11693,1686,16256.0,,Recorded by Jean Ritchie in 1956,-1.0,,,Howie Mitchell,128000.0,,171.0,Folk,[17],[17],Creative Commons Attribution,8.0,[],Henry Martin
11694,1687,16256.0,,Recorded by Jean Ritchie in 1956,-1.0,,,Howie Mitchell,128000.0,,99.0,Folk,[17],[17],Creative Commons Attribution,9.0,[],About Dulcimers
11695,1688,17850.0,,Masters Remastered,69.0,Album,,Jaan Patterson,320000.0,,262.0,Classical,[659],"[659, 5]",CC0 1.0 Universal,27.0,"['concerto', 'brahms', 'masters remastered', 'wfmu', 'fma']",Gnossiennes No.1 (Éric Alfred Leslie Satie)
11697,1689,17850.0,,Masters Remastered,69.0,Album,,Lee Rosevere,320000.0,,77.0,Classical,[659],"[659, 5]",CC0 1.0 Universal,24.0,"['concerto', 'brahms', 'masters remastered', 'wfmu', 'fma']",Madgapuff March (rmx) by JS Bach
11698,1690,17850.0,,Masters Remastered,69.0,Album,,simon_mathewson,320000.0,,285.0,Classical,[659],"[659, 5]",CC0 1.0 Universal,28.0,"['concerto', 'brahms', 'masters remastered', 'wfmu', 'fma']",Robert SCHUMANN Op 68 No. 1 (Melody)
11715,1691,17850.0,,Masters Remastered,69.0,Album,,NoLogic,160000.0,,136.0,Classical,[659],"[659, 5]",CC0 1.0 Universal,32.0,"['concerto', 'brahms', 'masters remastered', 'wfmu', 'fma']",1 Prologue (Fantasia in C minor K 475 by W. A. Mozart)
11716,1692,17850.0,,Masters Remastered,69.0,Album,,NoLogic,160000.0,,515.0,Classical,[659],"[659, 5]",CC0 1.0 Universal,33.0,"['concerto', 'brahms', 'masters remastered', 'wfmu', 'fma']",2 Adagio (Fantasia in C minor K 475 by W. A. Mozart)
11717,1693,17850.0,,Masters Remastered,69.0,Album,,NoLogic,160000.0,,147.0,Classical,[659],"[659, 5]",CC0 1.0 Universal,34.0,"['concerto', 'brahms', 'masters remastered', 'wfmu', 'fma']",3 Allegro_part_1 (Fantasia in C minor K 475 by W. A. Mozart)
11718,1694,17850.0,,Masters Remastered,69.0,Album,,NoLogic,160000.0,,79.0,Classical,[659],"[659, 5]",CC0 1.0 Universal,35.0,"['concerto', 'brahms', 'masters remastered', 'wfmu', 'fma']",4 Allegro_part_2 (Fantasia in C minor K 475 by W. A. Mozart)
11719,1695,17850.0,,Masters Remastered,69.0,Album,,NoLogic,160000.0,,248.0,Classical,[659],"[659, 5]",CC0 1.0 Universal,36.0,"['concerto', 'brahms', 'masters remastered', 'wfmu', 'fma']",5 Andantino (Fantasia in C minor K 475 by W. A. Mozart)
11720,1696,17850.0,,Masters Remastered,69.0,Album,,NoLogic,160000.0,,511.0,Classical,[659],"[659, 5]",CC0 1.0 Universal,37.0,"['concerto', 'brahms', 'masters remastered', 'wfmu', 'fma']",6 Più Allegro (Fantasia in C minor K 475 by W. A. Mozart)
11721,1697,17850.0,,Masters Remastered,69.0,Album,,NoLogic,160000.0,,317.0,Classical,[659],"[659, 5]",CC0 1.0 Universal,38.0,"['concerto', 'brahms', 'masters remastered', 'wfmu', 'fma']",7 Tempo I (Fantasia in C minor K 475 by W. A. Mozart)
11722,1698,17850.0,,Masters Remastered,69.0,Album,,NoLogic,160000.0,,540.0,Classical,[659],"[659, 5]",CC0 1.0 Universal,39.0,"['concerto', 'brahms', 'masters remastered', 'wfmu', 'fma']",8 Epilogue (Fantasia in C minor K 475 by W. A. Mozart)
11723,1699,17914.0,Jaan Patterson,Masters Remastered,8.0,Album,,Jaan Patterson,320000.0,,240.0,Experimental,"[1, 38, 125]","[1, 125, 38]",CC0 1.0 Universal,6.0,"['ungetreu', 'surrism', 'masters remastered', 'fma', 'wfmu', 'jaan patterson']",Nulla in Mundo Pax Sincera (Vivaldi)
11724,1700,17850.0,,Masters Remastered,69.0,Album,,Jaan Patterson,320000.0,,240.0,Classical,[659],"[659, 5]",CC0 1.0 Universal,31.0,"['concerto', 'brahms', 'masters remastered', 'wfmu', 'fma']",Nulla in Mundo Pax Sincera (Vivaldi)
11725,1701,17850.0,,Masters Remastered,69.0,Album,Metal-Oxide-Malfunction (defunct),Telegraphy,320000.0,,387.0,Classical,[659],"[659, 5]",CC0 1.0 Universal,29.0,"['concerto', 'brahms', 'masters remastered', 'wfmu', 'fma']",Camille Saint Saens Danse Macabre
11726,1702,17850.0,,Masters Remastered,69.0,Album,,Tytia Mina Teremina,256000.0,,206.0,Classical,[659],"[659, 5]",CC0 1.0 Universal,30.0,"['concerto', 'brahms', 'masters remastered', 'wfmu', 'fma']",Rimsky Champagne Aeroplane (A fantasia on the Song of the Indian Guest by Rimsky-Korsakov)
11747,1703,17850.0,,Masters Remastered,69.0,Album,,Dislotec,320000.0,,99.0,Classical,[659],"[659, 5]",CC0 1.0 Universal,41.0,"['concerto', 'brahms', 'masters remastered', 'wfmu', 'fma']",Solfeggio (prod. Breakmaster Cylinder) - C.P.E. Bach
11748,1704,17850.0,,Masters Remastered,69.0,Album,,The Use,192000.0,,112.0,Classical,[659],"[659, 5]",CC0 1.0 Universal,40.0,"['concerto', 'brahms', 'masters remastered', 'wfmu', 'fma']",Polovetsian Dance (Crazy Circus Music)
11763,1705,17850.0,,Masters Remastered,69.0,Album,,kollagemontage,320000.0,,266.0,Classical,[659],"[659, 5]",CC0 1.0 Universal,43.0,"['concerto', 'brahms', 'masters remastered', 'wfmu', 'fma']",9N05513NN3 #1 (Gnossienne #1 - Erik Satie)
11764,1706,17850.0,,Masters Remastered,69.0,Album,,The Good China,192000.0,,101.0,Classical,[659],"[659, 5]",CC0 1.0 Universal,42.0,"['concerto', 'brahms', 'masters remastered', 'wfmu', 'fma']",The End (Chopin Prelude #4)
11766,1707,17850.0,,Masters Remastered,69.0,Album,,Morphw Cybhuman,256000.0,,228.0,Classical,[659],"[659, 5]",CC0 1.0 Universal,45.0,"['concerto', 'brahms', 'masters remastered', 'wfmu', 'fma']",Bach Toccata in D minor
11767,1708,17850.0,,Masters Remastered,69.0,Album,,zejuju,101106.0,,107.0,Classical,[659],"[659, 5]",CC0 1.0 Universal,46.0,"['concerto', 'brahms', 'masters remastered', 'wfmu', 'fma']",marseillaise
11768,1709,17850.0,,Masters Remastered,69.0,Album,,The Use,256000.0,,185.0,Classical,[659],"[659, 5]",CC0 1.0 Universal,48.0,"['concerto', 'brahms', 'masters remastered', 'wfmu', 'fma']",J.S. Bach - Prelude No 6 in D glitched minor
11769,1710,17850.0,,Masters Remastered,69.0,Album,,Control K,192000.0,,286.0,Classical,[659],"[659, 5]",CC0 1.0 Universal,48.0,"['concerto', 'brahms', 'masters remastered', 'wfmu', 'fma']",Eine Kleine Nasamusik
11793,1711,17850.0,,Masters Remastered,69.0,Album,,Allie Automne (prod. by Meera),231321.0,,164.0,Classical,[659],"[659, 5]",CC0 1.0 Universal,49.0,"['concerto', 'brahms', 'masters remastered', 'wfmu', 'fma']",Fur Elise
11794,1712,17850.0,,Masters Remastered,69.0,Album,,Floyd Willems,320000.0,,172.0,Classical,[659],"[659, 5]",CC0 1.0 Universal,50.0,"['concerto', 'brahms', 'masters remastered', 'wfmu', 'fma']",Gnome & Promenade/Pictures at an Exhibition/Mussorgsky
11795,1713,17850.0,,Masters Remastered,69.0,Album,,The Use,256000.0,,160.0,Classical,[659],"[659, 5]",CC0 1.0 Universal,52.0,"['concerto', 'brahms', 'masters remastered', 'wfmu', 'fma']",Pachelbel's Canon in R Mason
11796,1714,17850.0,,Masters Remastered,69.0,Album,,MANWOMANCHILD,320000.0,,180.0,Classical,[659],"[659, 5]",CC0 1.0 Universal,51.0,"['concerto', 'brahms', 'masters remastered', 'wfmu', 'fma']",Bach Prelude in C BWV 846
12560,1715,18257.0,,Education and What-not,7.0,Album,,Mrs. Grossman (& Monty),192000.0,,94.0,Spoken,[138],"[138, 20]",CC0 1.0 Universal,1.0,[],Home Economics
12561,1716,18257.0,,Education and What-not,7.0,Album,,Mrs. Grossman (& Monty),192000.0,,139.0,Spoken,[138],"[138, 20]",CC0 1.0 Universal,2.0,[],Trailer-Chemistry
12562,1717,18257.0,,Education and What-not,7.0,Album,,Mrs. Grossman (& Monty),192000.0,,119.0,Spoken,[138],"[138, 20]",CC0 1.0 Universal,3.0,[],Music Appreciation
12563,1718,18257.0,,Education and What-not,7.0,Album,,Mrs. Grossman (& Monty),192000.0,,143.0,Spoken,[138],"[138, 20]",CC0 1.0 Universal,4.0,[],Driver Education
12564,1719,18257.0,,Education and What-not,7.0,Album,,Mrs. Grossman (& Monty),192000.0,,148.0,Spoken,[138],"[138, 20]",CC0 1.0 Universal,5.0,[],Industrial Arts
12565,1720,18257.0,,Education and What-not,7.0,Album,,Mrs. Grossman (& Monty),192000.0,,193.0,Spoken,[138],"[138, 20]",CC0 1.0 Universal,6.0,[],William Tell
12566,1721,18257.0,,Education and What-not,7.0,Album,,Mrs. Grossman (& Monty),192000.0,,104.0,Spoken,[138],"[138, 20]",CC0 1.0 Universal,7.0,[],Hunt and Pecker
12759,1722,18318.0,,Party Fun With Recorders - Volume One,29.0,Album,,Karen,192000.0,,89.0,,"[30, 138, 378]","[38, 138, 20, 378, 30]",CC0 1.0 Universal,1.0,['kid-friendly'],Hello Everybody
12760,1723,18318.0,,Party Fun With Recorders - Volume One,29.0,Album,,April,192000.0,,76.0,,"[30, 138, 378]","[38, 138, 20, 378, 30]",CC0 1.0 Universal,2.0,['kid-friendly'],Peanut Butter Jelly
12761,1724,18318.0,,Party Fun With Recorders - Volume One,29.0,Album,,Justin,192000.0,,82.0,,"[30, 138, 378]","[38, 138, 20, 378, 30]",CC0 1.0 Universal,3.0,['kid-friendly'],Rock 'N' Roll Boy
12762,1725,18318.0,,Party Fun With Recorders - Volume One,29.0,Album,,The Cheese Band,192000.0,,228.0,,"[30, 138, 378]","[38, 138, 20, 378, 30]",CC0 1.0 Universal,4.0,['kid-friendly'],I Like Cheese
12763,1726,18318.0,,Party Fun With Recorders - Volume One,29.0,Album,,Charlie and Todd,192000.0,,28.0,,"[30, 138, 378]","[38, 138, 20, 378, 30]",CC0 1.0 Universal,5.0,['kid-friendly'],Cassette Squeaking/Venetian Blind
12764,1727,18318.0,,Party Fun With Recorders - Volume One,29.0,Album,,Daddy And Daughter,192000.0,,31.0,,"[30, 138, 378]","[38, 138, 20, 378, 30]",CC0 1.0 Universal,6.0,['kid-friendly'],Honeycomb Sticks
12765,1728,18318.0,,Party Fun With Recorders - Volume One,29.0,Album,,David,192000.0,,142.0,,"[30, 138, 378]","[38, 138, 20, 378, 30]",CC0 1.0 Universal,7.0,['kid-friendly'],Pick The Goobers Out
12766,1729,18318.0,,Party Fun With Recorders - Volume One,29.0,Album,,Charlie and Todd,192000.0,,49.0,,"[30, 138, 378]","[38, 138, 20, 378, 30]",CC0 1.0 Universal,8.0,['kid-friendly'],Funny Time I
12767,1730,18318.0,,Party Fun With Recorders - Volume One,29.0,Album,,Tanya,192000.0,,93.0,,"[30, 138, 378]","[38, 138, 20, 378, 30]",CC0 1.0 Universal,9.0,['kid-friendly'],Practice Makes Perfect
12768,1731,18318.0,,Party Fun With Recorders - Volume One,29.0,Album,,Karen,192000.0,,58.0,,"[30, 138, 378]","[38, 138, 20, 378, 30]",CC0 1.0 Universal,10.0,['kid-friendly'],Puppies and Screams/We Are Drunk
12769,1732,18318.0,,Party Fun With Recorders - Volume One,29.0,Album,,Charlie and Todd,192000.0,,34.0,,"[30, 138, 378]","[38, 138, 20, 378, 30]",CC0 1.0 Universal,11.0,['kid-friendly'],Funny Time II
12770,1733,18318.0,,Party Fun With Recorders - Volume One,29.0,Album,,Daddy And Daughter,192000.0,,53.0,,"[30, 138, 378]","[38, 138, 20, 378, 30]",CC0 1.0 Universal,12.0,['kid-friendly'],Popcorn Popping On The Apricot Tree (Take 1)
12771,1734,18318.0,,Party Fun With Recorders - Volume One,29.0,Album,,Karen,192000.0,,87.0,,"[30, 138, 378]","[38, 138, 20, 378, 30]",CC0 1.0 Universal,13.0,['kid-friendly'],The News Update
12772,1735,18318.0,,Party Fun With Recorders - Volume One,29.0,Album,,Charlie and Todd,192000.0,,32.0,,"[30, 138, 378]","[38, 138, 20, 378, 30]",CC0 1.0 Universal,14.0,['kid-friendly'],Stop That
12773,1736,18318.0,,Party Fun With Recorders - Volume One,29.0,Album,,Shannon And April With Friends,192000.0,,155.0,,"[30, 138, 378]","[38, 138, 20, 378, 30]",CC0 1.0 Universal,15.0,['kid-friendly'],Holiday Recordings
12774,1737,18318.0,,Party Fun With Recorders - Volume One,29.0,Album,,David,192000.0,,155.0,,"[30, 138, 378]","[38, 138, 20, 378, 30]",CC0 1.0 Universal,16.0,['kid-friendly'],Vacumn Cleaner Attacks
12775,1738,18318.0,,Party Fun With Recorders - Volume One,29.0,Album,,Charlie and Todd,192000.0,,59.0,,"[30, 138, 378]","[38, 138, 20, 378, 30]",CC0 1.0 Universal,17.0,['kid-friendly'],Funny Time III
12776,1739,18318.0,,Party Fun With Recorders - Volume One,29.0,Album,,Daddy And Daughter,192000.0,,46.0,,"[30, 138, 378]","[38, 138, 20, 378, 30]",CC0 1.0 Universal,18.0,['kid-friendly'],Popcorn Popping On The Apricot Tree (Take 2)
12777,1740,18318.0,,Party Fun With Recorders - Volume One,29.0,Album,,Charlie and Todd,192000.0,,97.0,,"[30, 138, 378]","[38, 138, 20, 378, 30]",CC0 1.0 Universal,19.0,['kid-friendly'],Splatt!
12778,1741,18318.0,,Party Fun With Recorders - Volume One,29.0,Album,,Tanya,192000.0,,89.0,,"[30, 138, 378]","[38, 138, 20, 378, 30]",CC0 1.0 Universal,20.0,['kid-friendly'],Magic Penny/Tanya Introduces Herself And Her Brother Justin
12779,1742,18318.0,,Party Fun With Recorders - Volume One,29.0,Album,,Charlie and Todd,192000.0,,37.0,,"[30, 138, 378]","[38, 138, 20, 378, 30]",CC0 1.0 Universal,21.0,['kid-friendly'],A Conversation Between Two Red Ants
12780,1743,18318.0,,Party Fun With Recorders - Volume One,29.0,Album,,The Cheese Band,192000.0,,123.0,,"[30, 138, 378]","[38, 138, 20, 378, 30]",CC0 1.0 Universal,22.0,['kid-friendly'],The Cheese Band
12781,1744,18318.0,,Party Fun With Recorders - Volume One,29.0,Album,,David,192000.0,,42.0,,"[30, 138, 378]","[38, 138, 20, 378, 30]",CC0 1.0 Universal,23.0,['kid-friendly'],C3-PO
12782,1745,18318.0,,Party Fun With Recorders - Volume One,29.0,Album,,Charlie and Todd,192000.0,,43.0,,"[30, 138, 378]","[38, 138, 20, 378, 30]",CC0 1.0 Universal,24.0,['kid-friendly'],Natural Sounds
12783,1746,18318.0,,Party Fun With Recorders - Volume One,29.0,Album,,Daddy And Daughter,192000.0,,73.0,,"[30, 138, 378]","[38, 138, 20, 378, 30]",CC0 1.0 Universal,25.0,['kid-friendly'],I Am A Child Of God/The Spirit Of God
12784,1747,18318.0,,Party Fun With Recorders - Volume One,29.0,Album,,Charlie and Todd,192000.0,,94.0,,"[30, 138, 378]","[38, 138, 20, 378, 30]",CC0 1.0 Universal,26.0,['kid-friendly'],That's A Whopper!
12785,1748,18318.0,,Party Fun With Recorders - Volume One,29.0,Album,,Karen,192000.0,,99.0,,"[30, 138, 378]","[38, 138, 20, 378, 30]",CC0 1.0 Universal,27.0,['kid-friendly'],Television Time
12786,1749,18318.0,,Party Fun With Recorders - Volume One,29.0,Album,,Justin and Tanya,192000.0,,125.0,,"[30, 138, 378]","[38, 138, 20, 378, 30]",CC0 1.0 Universal,28.0,['kid-friendly'],Don't Stop Hammering!
12787,1750,18318.0,,Party Fun With Recorders - Volume One,29.0,Album,,Grandpa Norm,192000.0,,988.0,,"[30, 138, 378]","[38, 138, 20, 378, 30]",CC0 1.0 Universal,29.0,['kid-friendly'],For Aidan
13899,1751,18912.0,,Antique Phonograph Music Program 08/25/2015,12.0,,,Ada Jones and Walter Van Brunt,320000.0,,162.0,Old-Time / Historic,[8],[8],Public Domain,0.0,[],All Alone
13900,1752,18912.0,,Antique Phonograph Music Program 08/25/2015,12.0,,,Billy Murray,320000.0,,141.0,Old-Time / Historic,[8],[8],Public Domain,0.0,[],Arrah Wanna
13901,1753,18912.0,,Antique Phonograph Music Program 08/25/2015,12.0,,,John Steel,320000.0,,149.0,Old-Time / Historic,[8],[8],Public Domain,0.0,[],Bring Back My Blushing Rose
13902,1754,18912.0,,Antique Phonograph Music Program 08/25/2015,12.0,,,J.W. Myeres,320000.0,,154.0,Old-Time / Historic,[8],[8],Public Domain,0.0,[],Colleen Bawn
13903,1755,18912.0,,Antique Phonograph Music Program 08/25/2015,12.0,,,Knickerbocker Quartet,320000.0,,249.0,Old-Time / Historic,[8],[8],Public Domain,0.0,[],Good-Night
13904,1756,18912.0,,Antique Phonograph Music Program 08/25/2015,12.0,,,The Columbians,320000.0,,175.0,Old-Time / Historic,[8],[8],Public Domain,0.0,[],Just Like A Rainbow
13905,1757,18912.0,,Antique Phonograph Music Program 08/25/2015,12.0,,,Pan Tuzinsky,320000.0,,173.0,Old-Time / Historic,[8],[8],Public Domain,0.0,[],Kmotem Byti
13906,1758,18912.0,,Antique Phonograph Music Program 08/25/2015,12.0,,,Orkiestra Polska,320000.0,,189.0,Old-Time / Historic,[8],[8],Public Domain,0.0,[],Kochanie
13907,1759,18912.0,,Antique Phonograph Music Program 08/25/2015,12.0,,,Lizzie Miles,320000.0,,176.0,Old-Time / Historic,[8],[8],Public Domain,0.0,[],My Pillow And Me
13908,1760,18912.0,,Antique Phonograph Music Program 08/25/2015,12.0,,,Vernon Dalhart,320000.0,,206.0,Old-Time / Historic,[8],[8],Public Domain,0.0,[],The Alcoholic Blues
13909,1761,18912.0,,Antique Phonograph Music Program 08/25/2015,12.0,,,Strassmeir Dachaur Bauernkapelle,320000.0,,179.0,Old-Time / Historic,[8],[8],Public Domain,0.0,[],Werdenfelser Trompeten Landler
14461,1762,19289.0,,Et Recule,12.0,Album,,Alpha Hydrae,320000.0,,211.0,,"[12, 32]","[32, 12, 38]",CC0 1.0 Universal,1.0,"['free rock', 'art rock', 'guitar', 'free music', 'royalty free music', 'heavy guitar', 'opera noise', 'effect pedals', 'rock', 'noise rock']",Avance
14462,1763,19289.0,,Et Recule,12.0,Album,,Alpha Hydrae,320000.0,,334.0,,"[12, 32]","[32, 12, 38]",CC0 1.0 Universal,2.0,"['free rock', 'art rock', 'guitar', 'free music', 'royalty free music', 'heavy guitar', 'opera noise', 'effect pedals', 'rock', 'noise rock']",Chill Out Secret Mission
14463,1764,19289.0,,Et Recule,12.0,Album,,Alpha Hydrae,320000.0,,348.0,,"[12, 32]","[32, 12, 38]",CC0 1.0 Universal,3.0,"['free rock', 'art rock', 'guitar', 'free music', 'royalty free music', 'heavy guitar', 'opera noise', 'effect pedals', 'rock', 'noise rock']",A Fucking Tribute To The Mysticism Of Your Fuckin' Sound
14464,1765,19289.0,,Et Recule,12.0,Album,,Alpha Hydrae,320000.0,,144.0,,"[12, 32]","[32, 12, 38]",CC0 1.0 Universal,4.0,"['free rock', 'art rock', 'guitar', 'free music', 'royalty free music', 'heavy guitar', 'opera noise', 'effect pedals', 'rock', 'noise rock']",Fish Attack !!!!
14465,1766,19289.0,,Et Recule,12.0,Album,,Alpha Hydrae,320000.0,,429.0,,"[12, 32]","[32, 12, 38]",CC0 1.0 Universal,5.0,"['free rock', 'art rock', 'guitar', 'free music', 'royalty free music', 'heavy guitar', 'opera noise', 'effect pedals', 'rock', 'noise rock']",Friends and Apples
14466,1767,19289.0,,Et Recule,12.0,Album,,Alpha Hydrae,320000.0,,279.0,,"[12, 32]","[32, 12, 38]",CC0 1.0 Universal,6.0,"['free rock', 'art rock', 'guitar', 'free music', 'royalty free music', 'heavy guitar', 'opera noise', 'effect pedals', 'rock', 'noise rock']",Ce que l'on ne reverra plus jamais
14467,1768,19289.0,,Et Recule,12.0,Album,,Alpha Hydrae,320000.0,,299.0,,"[12, 32]","[32, 12, 38]",CC0 1.0 Universal,7.0,"['free rock', 'art rock', 'guitar', 'free music', 'royalty free music', 'heavy guitar', 'opera noise', 'effect pedals', 'rock', 'noise rock']",Pool
14468,1769,19289.0,,Et Recule,12.0,Album,,Alpha Hydrae,320000.0,,588.0,,"[12, 32]","[32, 12, 38]",CC0 1.0 Universal,8.0,"['free rock', 'art rock', 'guitar', 'free music', 'royalty free music', 'heavy guitar', 'opera noise', 'effect pedals', 'rock', 'noise rock']",Brouillard
14469,1770,19289.0,,Et Recule,12.0,Album,,Alpha Hydrae,320000.0,,167.0,,"[12, 32]","[32, 12, 38]",CC0 1.0 Universal,9.0,"['free rock', 'art rock', 'guitar', 'free music', 'royalty free music', 'heavy guitar', 'opera noise', 'effect pedals', 'rock', 'noise rock']",Trystan
14470,1771,19289.0,,Et Recule,12.0,Album,,Alpha Hydrae,320000.0,,678.0,,"[12, 32]","[32, 12, 38]",CC0 1.0 Universal,10.0,"['free rock', 'art rock', 'guitar', 'free music', 'royalty free music', 'heavy guitar', 'opera noise', 'effect pedals', 'rock', 'noise rock']",Gotcha
14471,1772,19289.0,,Et Recule,12.0,Album,,Alpha Hydrae,320000.0,,181.0,,"[12, 32]","[32, 12, 38]",CC0 1.0 Universal,11.0,"['free rock', 'art rock', 'guitar', 'free music', 'royalty free music', 'heavy guitar', 'opera noise', 'effect pedals', 'rock', 'noise rock']",ZREM
14472,1773,19289.0,,Et Recule,12.0,Album,,Alpha Hydrae,320000.0,,142.0,,"[12, 32]","[32, 12, 38]",CC0 1.0 Universal,12.0,"['free rock', 'art rock', 'guitar', 'free music', 'royalty free music', 'heavy guitar', 'opera noise', 'effect pedals', 'rock', 'noise rock']",Cruheles
14524,1774,19319.0,Cheyenne Hohman,FMA Fundrasier 2015,4.0,Album,,FMA Overlords,192000.0,,47.0,,[],[],CC0 1.0 Universal,1.0,['public domain'],Brought To You By You
14529,1775,19331.0,,Peace Love Respect Overdrive,21.0,Album,,Alpha Hydrae,320000.0,,318.0,,"[12, 32, 38]","[32, 12, 38]",CC0 1.0 Universal,1.0,"['experimental rock', 'dark', 'effect pedals', 'free music', 'art rock', 'music for video', 'prepared guitar', 'rock', 'noise rock', 'video games', 'royalty free music', 'noise', 'free rock']",To be like a chased rabbit
14530,1776,19331.0,,Peace Love Respect Overdrive,21.0,Album,,Alpha Hydrae,320000.0,,208.0,,"[12, 32, 38]","[32, 12, 38]",CC0 1.0 Universal,3.0,"['experimental rock', 'dark', 'effect pedals', 'free music', 'art rock', 'music for video', 'prepared guitar', 'rock', 'noise rock', 'video games', 'royalty free music', 'noise', 'free rock']",Paix
14531,1777,19331.0,,Peace Love Respect Overdrive,21.0,Album,,Alpha Hydrae,320000.0,,399.0,,"[12, 32, 38]","[32, 12, 38]",CC0 1.0 Universal,4.0,"['experimental rock', 'dark', 'effect pedals', 'free music', 'art rock', 'music for video', 'prepared guitar', 'rock', 'noise rock', 'video games', 'royalty free music', 'noise', 'free rock']",All you need is noise
14532,1778,19331.0,,Peace Love Respect Overdrive,21.0,Album,,Alpha Hydrae,320000.0,,359.0,,"[12, 32, 38]","[32, 12, 38]",CC0 1.0 Universal,5.0,"['experimental rock', 'dark', 'effect pedals', 'free music', 'art rock', 'music for video', 'prepared guitar', 'rock', 'noise rock', 'video games', 'royalty free music', 'noise', 'free rock']",Histoire de fantome chinois V
14533,1779,19331.0,,Peace Love Respect Overdrive,21.0,Album,,Alpha Hydrae,320000.0,,212.0,,"[12, 32, 38]","[32, 12, 38]",CC0 1.0 Universal,6.0,"['experimental rock', 'dark', 'effect pedals', 'free music', 'art rock', 'music for video', 'prepared guitar', 'rock', 'noise rock', 'video games', 'royalty free music', 'noise', 'free rock']",Amour
14534,1780,19331.0,,Peace Love Respect Overdrive,21.0,Album,,Alpha Hydrae,320000.0,,293.0,,"[12, 32, 38]","[32, 12, 38]",CC0 1.0 Universal,7.0,"['experimental rock', 'dark', 'effect pedals', 'free music', 'art rock', 'music for video', 'prepared guitar', 'rock', 'noise rock', 'video games', 'royalty free music', 'noise', 'free rock']",Une copie d'une copie d'une copie...
14535,1781,19331.0,,Peace Love Respect Overdrive,21.0,Album,,Alpha Hydrae,320000.0,,546.0,,"[12, 32, 38]","[32, 12, 38]",CC0 1.0 Universal,8.0,"['experimental rock', 'dark', 'effect pedals', 'free music', 'art rock', 'music for video', 'prepared guitar', 'rock', 'noise rock', 'video games', 'royalty free music', 'noise', 'free rock']",Respect
14536,1782,19331.0,,Peace Love Respect Overdrive,21.0,Album,,Alpha Hydrae,320000.0,,368.0,,"[12, 32, 38]","[32, 12, 38]",CC0 1.0 Universal,9.0,"['experimental rock', 'dark', 'effect pedals', 'free music', 'art rock', 'music for video', 'prepared guitar', 'rock', 'noise rock', 'video games', 'royalty free music', 'noise', 'free rock']",Il y a du bruit partout
14537,1783,19331.0,,Peace Love Respect Overdrive,21.0,Album,,Alpha Hydrae,320000.0,,278.0,,"[12, 32, 38]","[32, 12, 38]",CC0 1.0 Universal,10.0,"['experimental rock', 'dark', 'effect pedals', 'free music', 'art rock', 'music for video', 'prepared guitar', 'rock', 'noise rock', 'video games', 'royalty free music', 'noise', 'free rock']",Ce qui traverse
14538,1784,19331.0,,Peace Love Respect Overdrive,21.0,Album,,Alpha Hydrae,320000.0,,349.0,,"[12, 32, 38]","[32, 12, 38]",CC0 1.0 Universal,11.0,"['experimental rock', 'dark', 'effect pedals', 'free music', 'art rock', 'music for video', 'prepared guitar', 'rock', 'noise rock', 'video games', 'royalty free music', 'noise', 'free rock']",Être à côté de ses pompes
14539,1785,19331.0,,Peace Love Respect Overdrive,21.0,Album,,Alpha Hydrae,320000.0,,572.0,,"[12, 32, 38]","[32, 12, 38]",CC0 1.0 Universal,12.0,"['experimental rock', 'dark', 'effect pedals', 'free music', 'art rock', 'music for video', 'prepared guitar', 'rock', 'noise rock', 'video games', 'royalty free music', 'noise', 'free rock']",Looping
14540,1786,19331.0,,Peace Love Respect Overdrive,21.0,Album,,Alpha Hydrae,320000.0,,455.0,,"[12, 32, 38]","[32, 12, 38]",CC0 1.0 Universal,13.0,"['experimental rock', 'dark', 'effect pedals', 'free music', 'art rock', 'music for video', 'prepared guitar', 'rock', 'noise rock', 'video games', 'royalty free music', 'noise', 'free rock']",Six jours sans pluie
14541,1787,19331.0,,Peace Love Respect Overdrive,21.0,Album,,Alpha Hydrae,320000.0,,157.0,,"[12, 32, 38]","[32, 12, 38]",CC0 1.0 Universal,14.0,"['experimental rock', 'dark', 'effect pedals', 'free music', 'art rock', 'music for video', 'prepared guitar', 'rock', 'noise rock', 'video games', 'royalty free music', 'noise', 'free rock']",Hashi&Kiku
14542,1788,19331.0,,Peace Love Respect Overdrive,21.0,Album,,Alpha Hydrae,320000.0,,357.0,,"[12, 32, 38]","[32, 12, 38]",CC0 1.0 Universal,15.0,"['experimental rock', 'dark', 'effect pedals', 'free music', 'art rock', 'music for video', 'prepared guitar', 'rock', 'noise rock', 'video games', 'royalty free music', 'noise', 'free rock']",La Pêche
14543,1789,19331.0,,Peace Love Respect Overdrive,21.0,Album,,Alpha Hydrae,320000.0,,327.0,,"[12, 32, 38]","[32, 12, 38]",CC0 1.0 Universal,16.0,"['experimental rock', 'dark', 'effect pedals', 'free music', 'art rock', 'music for video', 'prepared guitar', 'rock', 'noise rock', 'video games', 'royalty free music', 'noise', 'free rock']",Trouvée dans la traduction
14544,1790,19331.0,,Peace Love Respect Overdrive,21.0,Album,,Alpha Hydrae,320000.0,,552.0,,"[12, 32, 38]","[32, 12, 38]",CC0 1.0 Universal,17.0,"['experimental rock', 'dark', 'effect pedals', 'free music', 'art rock', 'music for video', 'prepared guitar', 'rock', 'noise rock', 'video games', 'royalty free music', 'noise', 'free rock']",Véritable niaiseux
14545,1791,19331.0,,Peace Love Respect Overdrive,21.0,Album,,Alpha Hydrae,320000.0,,556.0,,"[12, 32, 38]","[32, 12, 38]",CC0 1.0 Universal,18.0,"['experimental rock', 'dark', 'effect pedals', 'free music', 'art rock', 'music for video', 'prepared guitar', 'rock', 'noise rock', 'video games', 'royalty free music', 'noise', 'free rock']",Overdrive
14546,1792,19331.0,,Peace Love Respect Overdrive,21.0,Album,,Alpha Hydrae,320000.0,,429.0,,[],[],CC0 1.0 Universal,2.0,"['experimental rock', 'dark', 'effect pedals', 'free music', 'art rock', 'music for video', 'prepared guitar', 'rock', 'noise rock', 'video games', 'royalty free music', 'noise', 'free rock']",Vivre sur le fil
14590,1793,19319.0,Cheyenne Hohman,FMA Fundrasier 2015,4.0,Album,,Fairy Moshpit Applesauce,320000.0,,50.0,,[],[],CC0 1.0 Universal,2.0,['public domain'],French-kiss Mommy's Aunt
14723,1794,19319.0,Cheyenne Hohman,FMA Fundrasier 2015,4.0,Album,,gentil,320000.0,,121.0,,[],[],CC0 1.0 Universal,3.0,['public domain'],Good Files
15524,1795,20056.0,,Instrumentals,10.0,Album,,TRG Banks,320000.0,,238.0,Instrumental,"[18, 1235]","[18, 1235]",CC0 1.0 Universal,1.0,[],David Hemmings
15525,1796,20056.0,,Instrumentals,10.0,Album,,TRG Banks,320000.0,,157.0,Instrumental,"[18, 1235]","[18, 1235]",CC0 1.0 Universal,2.0,[],Cigar
15526,1797,20056.0,,Instrumentals,10.0,Album,,TRG Banks,320000.0,,131.0,Instrumental,"[18, 1235]","[18, 1235]",CC0 1.0 Universal,3.0,[],Horse ride 1
15527,1798,20056.0,,Instrumentals,10.0,Album,,TRG Banks,320000.0,,322.0,Instrumental,"[18, 1235]","[18, 1235]",CC0 1.0 Universal,4.0,[],Keith in 1987
15528,1799,20056.0,,Instrumentals,10.0,Album,,TRG Banks,320000.0,,228.0,Instrumental,"[18, 1235]","[18, 1235]",CC0 1.0 Universal,5.0,[],Horse ride 2
15529,1800,20056.0,,Instrumentals,10.0,Album,,TRG Banks,320000.0,,168.0,Instrumental,"[18, 1235]","[18, 1235]",CC0 1.0 Universal,6.0,[],New world
15530,1801,20056.0,,Instrumentals,10.0,Album,,TRG Banks,320000.0,,219.0,Instrumental,"[18, 1235]","[18, 1235]",CC0 1.0 Universal,7.0,[],Horse ride 3
15531,1802,20056.0,,Instrumentals,10.0,Album,,TRG Banks,320000.0,,211.0,Instrumental,"[18, 1235]","[18, 1235]",CC0 1.0 Universal,8.0,[],Packed lunch
15532,1803,20056.0,,Instrumentals,10.0,Album,,TRG Banks,320000.0,,159.0,Instrumental,"[18, 1235]","[18, 1235]",CC0 1.0 Universal,9.0,[],Horse ride 4
15533,1804,20056.0,,Instrumentals,10.0,Album,,TRG Banks,320000.0,,164.0,Instrumental,"[18, 1235]","[18, 1235]",CC0 1.0 Universal,10.0,[],Smooth jacket
15534,1805,20057.0,,Kevelin and Chestnut's Adventures,19.0,Album,,TRG Banks,320000.0,,344.0,Instrumental,"[18, 1235]","[18, 1235]",CC0 1.0 Universal,19.0,[],Into the sunset
15535,1806,20057.0,,Kevelin and Chestnut's Adventures,19.0,Album,,TRG Banks,320000.0,,166.0,Instrumental,"[18, 1235]","[18, 1235]",CC0 1.0 Universal,18.0,[],Journey with Russ
15536,1807,20057.0,,Kevelin and Chestnut's Adventures,19.0,Album,,TRG Banks,320000.0,,262.0,Instrumental,"[18, 1235]","[18, 1235]",CC0 1.0 Universal,17.0,[],Twilight valley
15537,1808,20057.0,,Kevelin and Chestnut's Adventures,19.0,Album,,TRG Banks,320000.0,,235.0,Instrumental,"[18, 1235]","[18, 1235]",CC0 1.0 Universal,16.0,[],Rainbow
15538,1809,20057.0,,Kevelin and Chestnut's Adventures,19.0,Album,,TRG Banks,320000.0,,250.0,Instrumental,"[18, 1235]","[18, 1235]",CC0 1.0 Universal,15.0,[],Coast
15539,1810,20057.0,,Kevelin and Chestnut's Adventures,19.0,Album,,TRG Banks,320000.0,,525.0,Instrumental,"[18, 1235]","[18, 1235]",CC0 1.0 Universal,14.0,[],Adventures with Paddy
15540,1811,20057.0,,Kevelin and Chestnut's Adventures,19.0,Album,,TRG Banks,320000.0,,280.0,Instrumental,"[18, 1235]","[18, 1235]",CC0 1.0 Universal,13.0,[],After midnight
15541,1812,20057.0,,Kevelin and Chestnut's Adventures,19.0,Album,,TRG Banks,320000.0,,233.0,Instrumental,"[18, 1235]","[18, 1235]",CC0 1.0 Universal,12.0,[],Extravaganza
15542,1813,20057.0,,Kevelin and Chestnut's Adventures,19.0,Album,,TRG Banks,320000.0,,192.0,Instrumental,"[18, 1235]","[18, 1235]",CC0 1.0 Universal,11.0,[],Castle Lane
15543,1814,20057.0,,Kevelin and Chestnut's Adventures,19.0,Album,,TRG Banks,320000.0,,134.0,Instrumental,"[18, 1235]","[18, 1235]",CC0 1.0 Universal,10.0,[],City
15544,1815,20057.0,,Kevelin and Chestnut's Adventures,19.0,Album,,TRG Banks,320000.0,,185.0,Instrumental,"[18, 1235]","[18, 1235]",CC0 1.0 Universal,9.0,[],Flying
15545,1816,20057.0,,Kevelin and Chestnut's Adventures,19.0,Album,,TRG Banks,320000.0,,313.0,Instrumental,"[18, 1235]","[18, 1235]",CC0 1.0 Universal,8.0,[],Across the border
15546,1817,20057.0,,Kevelin and Chestnut's Adventures,19.0,Album,,TRG Banks,320000.0,,198.0,Instrumental,"[18, 1235]","[18, 1235]",CC0 1.0 Universal,7.0,[],Ride with the moon
15547,1818,20057.0,,Kevelin and Chestnut's Adventures,19.0,Album,,TRG Banks,320000.0,,239.0,Instrumental,"[18, 1235]","[18, 1235]",CC0 1.0 Universal,6.0,[],Farmhouse loaf
15548,1819,20057.0,,Kevelin and Chestnut's Adventures,19.0,Album,,TRG Banks,320000.0,,182.0,Instrumental,"[18, 1235]","[18, 1235]",CC0 1.0 Universal,5.0,[],Stop the ice cream van
15549,1820,20057.0,,Kevelin and Chestnut's Adventures,19.0,Album,,TRG Banks,320000.0,,262.0,Instrumental,"[18, 1235]","[18, 1235]",CC0 1.0 Universal,4.0,[],Michael Landon
15550,1821,20057.0,,Kevelin and Chestnut's Adventures,19.0,Album,,TRG Banks,320000.0,,167.0,Instrumental,"[18, 1235]","[18, 1235]",CC0 1.0 Universal,3.0,[],Fresh pastures
15551,1822,20057.0,,Kevelin and Chestnut's Adventures,19.0,Album,,TRG Banks,320000.0,,682.0,Instrumental,"[18, 1235]","[18, 1235]",CC0 1.0 Universal,2.0,[],Fading road
15552,1823,20057.0,,Kevelin and Chestnut's Adventures,19.0,Album,,TRG Banks,320000.0,,213.0,Instrumental,"[18, 1235]","[18, 1235]",CC0 1.0 Universal,1.0,[],Kevelin and Chestnut
15681,1824,20149.0,,Titan,-1.0,,,Nihilore,320000.0,James Opie,327.0,Electronic,"[236, 286, 495]","[495, 236, 286, 15]",Creative Commons Attribution,1.0,[],Satellites and Waterfalls
15682,1825,20149.0,,Titan,-1.0,,,Nihilore,320000.0,James Opie,292.0,Electronic,"[236, 286, 495]","[495, 236, 286, 15]",Creative Commons Attribution,2.0,[],Moonlit Skyline
15683,1826,20149.0,,Titan,-1.0,,,Nihilore,320000.0,James Opie,252.0,Electronic,"[236, 286, 495]","[495, 236, 286, 15]",Creative Commons Attribution,3.0,[],The Dining Dead
15684,1827,20149.0,,Titan,-1.0,,,Nihilore,320000.0,James Opie,315.0,Electronic,"[236, 286, 495]","[495, 236, 286, 15]",Creative Commons Attribution,4.0,[],Semantic Satiation
15685,1828,20149.0,,Titan,-1.0,,,Nihilore,320000.0,James Opie,335.0,Electronic,"[236, 286, 495]","[495, 236, 286, 15]",Creative Commons Attribution,5.0,[],As Nihilism Gives Way To Existentialism
15686,1829,20149.0,,Titan,-1.0,,,Nihilore,320000.0,James Opie,301.0,Electronic,"[236, 286, 495]","[495, 236, 286, 15]",Creative Commons Attribution,6.0,[],Captain Socrates
15687,1830,20149.0,,Titan,-1.0,,,Nihilore,320000.0,James Opie,141.0,Electronic,"[236, 286, 495]","[495, 236, 286, 15]",Creative Commons Attribution,7.0,[],"Aquamarine, My Distant Blue"
15688,1831,20149.0,,Titan,-1.0,,,Nihilore,320000.0,James Opie,499.0,Electronic,"[236, 286, 495]","[495, 236, 286, 15]",Creative Commons Attribution,8.0,[],The Origination
15689,1832,20149.0,,Titan,-1.0,,,Nihilore,320000.0,James Opie,194.0,Electronic,"[236, 286, 495]","[495, 236, 286, 15]",Creative Commons Attribution,9.0,[],What Lurks in the Blind Spot of a God?
15690,1833,20149.0,,Titan,-1.0,,,Nihilore,320000.0,James Opie,370.0,Electronic,"[236, 286, 495]","[495, 236, 286, 15]",Creative Commons Attribution,10.0,[],Let's Make a Memory
15783,1834,20180.0,,Inversions,2.0,Album,,TRG Banks,264892.0,,1186.0,Instrumental,"[18, 107, 1235]","[107, 18, 1235]",CC0 1.0 Universal,1.0,[],Inversions - Part 1
15784,1835,20180.0,,Inversions,2.0,Album,,TRG Banks,255853.0,,1234.0,Instrumental,"[18, 107, 1235]","[107, 18, 1235]",CC0 1.0 Universal,2.0,[],Inversions - Part 2
15799,1836,20189.0,,This train doesn't stop at Rugby,11.0,Album,,TRG Banks,264702.0,,164.0,Instrumental,"[18, 107, 1235]","[107, 18, 1235]",CC0 1.0 Universal,1.0,[],This train doesn't stop at Rugby
15800,1837,20189.0,,This train doesn't stop at Rugby,11.0,Album,,TRG Banks,263961.0,,240.0,Instrumental,"[18, 107, 1235]","[107, 18, 1235]",CC0 1.0 Universal,2.0,[],Goodbye Earth
15801,1838,20189.0,,This train doesn't stop at Rugby,11.0,Album,,TRG Banks,248636.0,,254.0,Instrumental,"[18, 107, 1235]","[107, 18, 1235]",CC0 1.0 Universal,3.0,[],Above the Earth
15802,1839,20189.0,,This train doesn't stop at Rugby,11.0,Album,,TRG Banks,250978.0,,234.0,Instrumental,"[18, 107, 1235]","[107, 18, 1235]",CC0 1.0 Universal,4.0,[],Through the asteroid belt
15803,1840,20189.0,,This train doesn't stop at Rugby,11.0,Album,,TRG Banks,303176.0,,213.0,Instrumental,"[18, 107, 1235]","[107, 18, 1235]",CC0 1.0 Universal,5.0,[],Interstellar breakfast
15804,1841,20189.0,,This train doesn't stop at Rugby,11.0,Album,,TRG Banks,244008.0,,262.0,Instrumental,"[18, 107, 1235]","[107, 18, 1235]",CC0 1.0 Universal,6.0,[],First stop
15805,1842,20189.0,,This train doesn't stop at Rugby,11.0,Album,,TRG Banks,267094.0,,269.0,Instrumental,"[18, 107, 1235]","[107, 18, 1235]",CC0 1.0 Universal,7.0,[],Through the gravitational field
15806,1843,20189.0,,This train doesn't stop at Rugby,11.0,Album,,TRG Banks,260188.0,,214.0,Instrumental,"[18, 107, 1235]","[107, 18, 1235]",CC0 1.0 Universal,8.0,[],Non-stop to Insideoutworld
15807,1844,20189.0,,This train doesn't stop at Rugby,11.0,Album,,TRG Banks,253001.0,,1244.0,Instrumental,"[18, 107, 1235]","[107, 18, 1235]",CC0 1.0 Universal,9.0,[],Insideoutworld
16484,1845,20832.0,MindsEye,MindsEye,2.0,Single Tracks,,MindsEye,320000.0,MindsEye,197.0,,"[42, 311, 1235]","[42, 13, 15, 1235, 311]",Creative Commons Attribution,4.0,"['summer', 'evening fires', 'beach', 'relax', 'surfing', 'melodic']",Hang Ten (The Ocean)
16589,1846,20876.0,,Pantomime Town,2.0,Album,,TRG Banks,320000.0,,1025.0,Instrumental,"[18, 107, 1235]","[107, 18, 1235]",CC0 1.0 Universal,1.0,[],Swan ride
16590,1847,20876.0,,Pantomime Town,2.0,Album,,TRG Banks,320000.0,,1071.0,Instrumental,"[18, 107, 1235]","[107, 18, 1235]",CC0 1.0 Universal,2.0,[],Pantomime Town
16933,1848,13438.0,,Coco,6.0,Album,,Jorge Mario Zuleta,128000.0,,419.0,Experimental,[514],"[514, 38]",CC0 1.0 Universal,0.0,"['computer music', 'trs-80']",Coco
16964,1849,-1.0,,,-1.0,,,He Can Jog,320000.0,,247.0,,[],[],CC0 1.0 Universal,1.0,[],100k Wavetables
16965,1850,21123.0,,It's time for adventure !,15.0,Album,,Komiku,320000.0,,107.0,,"[17, 18, 38]","[17, 18, 1235, 38]",CC0 1.0 Universal,1.0,"['role play', 'free music', 'ambiant', 'role playing game', 'ritual', 'folk', 'video game', 'royalty free music', 'classical', 'music for video']",Fouler l'horizon
16966,1851,21123.0,,It's time for adventure !,15.0,Album,,Komiku,320000.0,,104.0,,"[17, 18, 38]","[17, 18, 1235, 38]",CC0 1.0 Universal,2.0,"['role play', 'free music', 'ambiant', 'role playing game', 'ritual', 'folk', 'video game', 'royalty free music', 'classical', 'music for video']",Le Grand Village
16967,1852,21123.0,,It's time for adventure !,15.0,Album,,Komiku,320000.0,,118.0,,"[17, 18, 38]","[17, 18, 1235, 38]",CC0 1.0 Universal,3.0,"['role play', 'free music', 'ambiant', 'role playing game', 'ritual', 'folk', 'video game', 'royalty free music', 'classical', 'music for video']",Champ de tournesol
16968,1853,21123.0,,It's time for adventure !,15.0,Album,,Komiku,320000.0,,206.0,,"[17, 18, 38]","[17, 18, 1235, 38]",CC0 1.0 Universal,4.0,"['role play', 'free music', 'ambiant', 'role playing game', 'ritual', 'folk', 'video game', 'royalty free music', 'classical', 'music for video']",Barque sur le lac
16969,1854,21123.0,,It's time for adventure !,15.0,Album,,Komiku,320000.0,,162.0,,"[17, 18, 38]","[17, 18, 1235, 38]",CC0 1.0 Universal,5.0,"['role play', 'free music', 'ambiant', 'role playing game', 'ritual', 'folk', 'video game', 'royalty free music', 'classical', 'music for video']",La Citadelle
16970,1855,21123.0,,It's time for adventure !,15.0,Album,,Komiku,320000.0,,249.0,,"[17, 18, 38]","[17, 18, 1235, 38]",CC0 1.0 Universal,6.0,"['role play', 'free music', 'ambiant', 'role playing game', 'ritual', 'folk', 'video game', 'royalty free music', 'classical', 'music for video']",La ville aux ponts suspendus
16971,1856,21123.0,,It's time for adventure !,15.0,Album,,Komiku,320000.0,,218.0,,"[17, 18, 38]","[17, 18, 1235, 38]",CC0 1.0 Universal,7.0,"['role play', 'free music', 'ambiant', 'role playing game', 'ritual', 'folk', 'video game', 'royalty free music', 'classical', 'music for video']",La montagne
16972,1857,21123.0,,It's time for adventure !,15.0,Album,,Komiku,320000.0,,245.0,,"[17, 18, 38]","[17, 18, 1235, 38]",CC0 1.0 Universal,8.0,"['role play', 'free music', 'ambiant', 'role playing game', 'ritual', 'folk', 'video game', 'royalty free music', 'classical', 'music for video']",Un désert
16973,1858,21123.0,,It's time for adventure !,15.0,Album,,Komiku,320000.0,,244.0,,"[17, 18, 38]","[17, 18, 1235, 38]",CC0 1.0 Universal,9.0,"['role play', 'free music', 'ambiant', 'role playing game', 'ritual', 'folk', 'video game', 'royalty free music', 'classical', 'music for video']",De l'herbe sous les pieds
16974,1859,21123.0,,It's time for adventure !,15.0,Album,,Komiku,320000.0,,130.0,,"[17, 18, 38]","[17, 18, 1235, 38]",CC0 1.0 Universal,10.0,"['role play', 'free music', 'ambiant', 'role playing game', 'ritual', 'folk', 'video game', 'royalty free music', 'classical', 'music for video']",Quelques rues sombres
16975,1860,21123.0,,It's time for adventure !,15.0,Album,,Komiku,320000.0,,6.0,,"[17, 18, 38]","[17, 18, 1235, 38]",CC0 1.0 Universal,11.0,"['role play', 'free music', 'ambiant', 'role playing game', 'ritual', 'folk', 'video game', 'royalty free music', 'classical', 'music for video']",Trop la win
16976,1861,21123.0,,It's time for adventure !,15.0,Album,,Komiku,320000.0,,197.0,,"[17, 18, 38]","[17, 18, 1235, 38]",CC0 1.0 Universal,12.0,"['role play', 'free music', 'ambiant', 'role playing game', 'ritual', 'folk', 'video game', 'royalty free music', 'classical', 'music for video']",Pirates libertaires
16977,1862,21123.0,,It's time for adventure !,15.0,Album,,Komiku,320000.0,,211.0,,"[17, 18, 38]","[17, 18, 1235, 38]",CC0 1.0 Universal,13.0,"['role play', 'free music', 'ambiant', 'role playing game', 'ritual', 'folk', 'video game', 'royalty free music', 'classical', 'music for video']",Bleu
16978,1863,21123.0,,It's time for adventure !,15.0,Album,,Komiku,320000.0,,210.0,,"[17, 18, 38]","[17, 18, 1235, 38]",CC0 1.0 Universal,14.0,"['role play', 'free music', 'ambiant', 'role playing game', 'ritual', 'folk', 'video game', 'royalty free music', 'classical', 'music for video']",Un coin loin du monde
16979,1864,21123.0,,It's time for adventure !,15.0,Album,,Komiku,320000.0,,189.0,,"[17, 18, 38]","[17, 18, 1235, 38]",CC0 1.0 Universal,15.0,"['role play', 'free music', 'ambiant', 'role playing game', 'ritual', 'folk', 'video game', 'royalty free music', 'classical', 'music for video']",L'orage et l'aventure
16980,1865,21124.0,,Heat of the Summer,14.0,Album,,Monplaisir,320000.0,,321.0,,"[12, 32, 38]","[32, 12, 38]",CC0 1.0 Universal,1.0,"['prepared guitar', 'experimental', 'vapor', 'shoegaze', 'rock', 'dental floss strings', 'folk', 'free music']",Aluminium Flesh
16981,1866,21124.0,,Heat of the Summer,14.0,Album,,Monplaisir,320000.0,,241.0,,"[12, 32, 38]","[32, 12, 38]",CC0 1.0 Universal,2.0,"['prepared guitar', 'experimental', 'vapor', 'shoegaze', 'rock', 'dental floss strings', 'folk', 'free music']",Echoing your voice
16982,1867,21124.0,,Heat of the Summer,14.0,Album,,Monplaisir,320000.0,,69.0,,"[12, 32, 38]","[32, 12, 38]",CC0 1.0 Universal,3.0,"['prepared guitar', 'experimental', 'vapor', 'shoegaze', 'rock', 'dental floss strings', 'folk', 'free music']",10 bucks guitar and dental floss strings #1
16983,1868,21124.0,,Heat of the Summer,14.0,Album,,Monplaisir,320000.0,,319.0,,"[12, 32, 38]","[32, 12, 38]",CC0 1.0 Universal,4.0,"['prepared guitar', 'experimental', 'vapor', 'shoegaze', 'rock', 'dental floss strings', 'folk', 'free music']",Stage 1 Level 24
16984,1869,21124.0,,Heat of the Summer,14.0,Album,,Monplaisir,320000.0,,273.0,,"[12, 32, 38]","[32, 12, 38]",CC0 1.0 Universal,5.0,"['prepared guitar', 'experimental', 'vapor', 'shoegaze', 'rock', 'dental floss strings', 'folk', 'free music']",The night still in but the road is clear
16985,1870,21124.0,,Heat of the Summer,14.0,Album,,Monplaisir,320000.0,,257.0,,"[12, 32, 38]","[32, 12, 38]",CC0 1.0 Universal,6.0,"['prepared guitar', 'experimental', 'vapor', 'shoegaze', 'rock', 'dental floss strings', 'folk', 'free music']",A Happy Smile with a big long dull Knife
16986,1871,21124.0,,Heat of the Summer,14.0,Album,,Monplaisir,320000.0,,162.0,,"[12, 32, 38]","[32, 12, 38]",CC0 1.0 Universal,7.0,"['prepared guitar', 'experimental', 'vapor', 'shoegaze', 'rock', 'dental floss strings', 'folk', 'free music']",Potion Option
16987,1872,21124.0,,Heat of the Summer,14.0,Album,,Monplaisir,320000.0,,332.0,,"[12, 32, 38]","[32, 12, 38]",CC0 1.0 Universal,8.0,"['prepared guitar', 'experimental', 'vapor', 'shoegaze', 'rock', 'dental floss strings', 'folk', 'free music']",Masturbation Blues
16988,1873,21124.0,,Heat of the Summer,14.0,Album,,Monplaisir,320000.0,,129.0,,"[12, 32, 38]","[32, 12, 38]",CC0 1.0 Universal,9.0,"['prepared guitar', 'experimental', 'vapor', 'shoegaze', 'rock', 'dental floss strings', 'folk', 'free music']",10 bucks guitar and dental floss strings #2
16989,1874,21124.0,,Heat of the Summer,14.0,Album,,Monplaisir,320000.0,,375.0,,"[12, 32, 38]","[32, 12, 38]",CC0 1.0 Universal,10.0,"['prepared guitar', 'experimental', 'vapor', 'shoegaze', 'rock', 'dental floss strings', 'folk', 'free music']",Soft and Furious
16990,1875,21124.0,,Heat of the Summer,14.0,Album,,Monplaisir,320000.0,,109.0,,"[12, 32, 38]","[32, 12, 38]",CC0 1.0 Universal,11.0,"['prepared guitar', 'experimental', 'vapor', 'shoegaze', 'rock', 'dental floss strings', 'folk', 'free music']",Estampe Galactus# Barbare Epaulé Giraffe# Ennui
16991,1876,21124.0,,Heat of the Summer,14.0,Album,,Monplaisir,320000.0,,136.0,,"[12, 32, 38]","[32, 12, 38]",CC0 1.0 Universal,12.0,"['prepared guitar', 'experimental', 'vapor', 'shoegaze', 'rock', 'dental floss strings', 'folk', 'free music']",La Lettre à Machine
16992,1877,21124.0,,Heat of the Summer,14.0,Album,,Monplaisir,320000.0,,89.0,,"[12, 32, 38]","[32, 12, 38]",CC0 1.0 Universal,13.0,"['prepared guitar', 'experimental', 'vapor', 'shoegaze', 'rock', 'dental floss strings', 'folk', 'free music']",10 bucks guitar and dental floss strings #3
16993,1878,21124.0,,Heat of the Summer,14.0,Album,,Monplaisir,320000.0,,373.0,,"[12, 32, 38]","[32, 12, 38]",CC0 1.0 Universal,14.0,"['prepared guitar', 'experimental', 'vapor', 'shoegaze', 'rock', 'dental floss strings', 'folk', 'free music']",Du bleu sur ton visage
17014,1879,21157.0,,Vide,11.0,Album,,Monplaisir,128000.0,,124.0,,"[12, 32, 38]","[32, 12, 38]",CC0 1.0 Universal,1.0,"['void', 'rock', 'protest', 'music for video', 'anxiety', 'experimental', 'strike', 'royalty free music', 'distorsion', 'noise rock', 'fear', 'video game', 'free music', 'overdrive']",Inspiration profonde
17015,1880,21157.0,,Vide,11.0,Album,,Monplaisir,128000.0,,256.0,,"[12, 32, 38]","[32, 12, 38]",CC0 1.0 Universal,3.0,"['void', 'rock', 'protest', 'music for video', 'anxiety', 'experimental', 'strike', 'royalty free music', 'distorsion', 'noise rock', 'fear', 'video game', 'free music', 'overdrive']",L'été sera chaud
17016,1881,21157.0,,Vide,11.0,Album,,Monplaisir,128000.0,,227.0,,"[12, 32, 38]","[32, 12, 38]",CC0 1.0 Universal,4.0,"['void', 'rock', 'protest', 'music for video', 'anxiety', 'experimental', 'strike', 'royalty free music', 'distorsion', 'noise rock', 'fear', 'video game', 'free music', 'overdrive']",J'aurai toujours peur de me perdre
17017,1882,21157.0,,Vide,11.0,Album,,Monplaisir,128000.0,,210.0,,"[12, 32, 38]","[32, 12, 38]",CC0 1.0 Universal,5.0,"['void', 'rock', 'protest', 'music for video', 'anxiety', 'experimental', 'strike', 'royalty free music', 'distorsion', 'noise rock', 'fear', 'video game', 'free music', 'overdrive']",Nous serons tous seuls
17018,1883,21157.0,,Vide,11.0,Album,,Monplaisir,128000.0,,251.0,,"[12, 32, 38]","[32, 12, 38]",CC0 1.0 Universal,6.0,"['void', 'rock', 'protest', 'music for video', 'anxiety', 'experimental', 'strike', 'royalty free music', 'distorsion', 'noise rock', 'fear', 'video game', 'free music', 'overdrive']",Effraie moi
17019,1884,21157.0,,Vide,11.0,Album,,Monplaisir,128000.0,,132.0,,"[12, 32, 38]","[32, 12, 38]",CC0 1.0 Universal,7.0,"['void', 'rock', 'protest', 'music for video', 'anxiety', 'experimental', 'strike', 'royalty free music', 'distorsion', 'noise rock', 'fear', 'video game', 'free music', 'overdrive']",Vie et mort du fantôme de la machine
17020,1885,21157.0,,Vide,11.0,Album,,Monplaisir,128000.0,,319.0,,"[12, 32, 38]","[32, 12, 38]",CC0 1.0 Universal,8.0,"['void', 'rock', 'protest', 'music for video', 'anxiety', 'experimental', 'strike', 'royalty free music', 'distorsion', 'noise rock', 'fear', 'video game', 'free music', 'overdrive']",Le grand soir
17021,1886,21157.0,,Vide,11.0,Album,,Monplaisir,128000.0,,254.0,,"[12, 32, 38]","[32, 12, 38]",CC0 1.0 Universal,9.0,"['void', 'rock', 'protest', 'music for video', 'anxiety', 'experimental', 'strike', 'royalty free music', 'distorsion', 'noise rock', 'fear', 'video game', 'free music', 'overdrive']",Tous les soirs
17022,1887,21157.0,,Vide,11.0,Album,,Monplaisir,128000.0,,114.0,,"[12, 32, 38]","[32, 12, 38]",CC0 1.0 Universal,10.0,"['void', 'rock', 'protest', 'music for video', 'anxiety', 'experimental', 'strike', 'royalty free music', 'distorsion', 'noise rock', 'fear', 'video game', 'free music', 'overdrive']",Fin du jeu
17023,1888,21157.0,,Vide,11.0,Album,,Monplaisir,128000.0,,192.0,,"[12, 32, 38]","[32, 12, 38]",CC0 1.0 Universal,2.0,"['void', 'rock', 'protest', 'music for video', 'anxiety', 'experimental', 'strike', 'royalty free music', 'distorsion', 'noise rock', 'fear', 'video game', 'free music', 'overdrive']",Rien à ajouter
17025,1889,21162.0,,1408 Luis K,5.0,Album,,Marsel Minga,256000.0,,32.0,,"[12, 15, 38]","[12, 38, 15]",CC0 1.0 Universal,1.0,[],Demonstration
17026,1890,21162.0,,1408 Luis K,5.0,Album,,Marsel Minga,256000.0,,267.0,,"[12, 15, 38]","[12, 38, 15]",CC0 1.0 Universal,2.0,[],Youtube Star
17027,1891,21162.0,,1408 Luis K,5.0,Album,,Marsel Minga,256000.0,,368.0,,"[12, 15, 38]","[12, 38, 15]",CC0 1.0 Universal,3.0,[],Drum Machine Battle
17028,1892,21162.0,,1408 Luis K,5.0,Album,,Marsel Minga,256000.0,,124.0,,"[12, 15, 38]","[12, 38, 15]",CC0 1.0 Universal,4.0,[],Kar Designer
17029,1893,21162.0,,1408 Luis K,5.0,Album,,Marsel Minga,256000.0,,148.0,,"[12, 15, 38]","[12, 38, 15]",CC0 1.0 Universal,5.0,[],Saturn
17063,1894,21180.0,,Surtout ne pas se perdre (2011-2016),32.0,Album,,Monplaisir,320000.0,,257.0,,"[12, 32, 38]","[32, 12, 38]",CC0 1.0 Universal,1.0,"['melting pot', 'music for video', 'noise', 'acoustic', 'royalty free music', 'rock', 'free music', 'video game', 'free to use', 'experimental']",Everything is true
17064,1895,21180.0,,Surtout ne pas se perdre (2011-2016),32.0,Album,,Monplaisir,320000.0,,237.0,,"[12, 32, 38]","[32, 12, 38]",CC0 1.0 Universal,2.0,"['melting pot', 'music for video', 'noise', 'acoustic', 'royalty free music', 'rock', 'free music', 'video game', 'free to use', 'experimental']",a=landmine
17065,1896,21180.0,,Surtout ne pas se perdre (2011-2016),32.0,Album,,Monplaisir,320000.0,,255.0,,"[12, 32, 38]","[32, 12, 38]",CC0 1.0 Universal,3.0,"['melting pot', 'music for video', 'noise', 'acoustic', 'royalty free music', 'rock', 'free music', 'video game', 'free to use', 'experimental']",Tu peux partir si tu veux
17066,1897,21180.0,,Surtout ne pas se perdre (2011-2016),32.0,Album,,Monplaisir,320000.0,,301.0,,"[12, 32, 38]","[32, 12, 38]",CC0 1.0 Universal,4.0,"['melting pot', 'music for video', 'noise', 'acoustic', 'royalty free music', 'rock', 'free music', 'video game', 'free to use', 'experimental']",Grande vue
17067,1898,21180.0,,Surtout ne pas se perdre (2011-2016),32.0,Album,,Monplaisir,320000.0,,295.0,,"[12, 32, 38]","[32, 12, 38]",CC0 1.0 Universal,5.0,"['melting pot', 'music for video', 'noise', 'acoustic', 'royalty free music', 'rock', 'free music', 'video game', 'free to use', 'experimental']",In the name of loneliness
17068,1899,21180.0,,Surtout ne pas se perdre (2011-2016),32.0,Album,,Monplaisir,320000.0,,738.0,,"[12, 32, 38]","[32, 12, 38]",CC0 1.0 Universal,6.0,"['melting pot', 'music for video', 'noise', 'acoustic', 'royalty free music', 'rock', 'free music', 'video game', 'free to use', 'experimental']",Aimer les fourmis
17069,1900,21180.0,,Surtout ne pas se perdre (2011-2016),32.0,Album,,Monplaisir,320000.0,,158.0,,"[12, 32, 38]","[32, 12, 38]",CC0 1.0 Universal,7.0,"['melting pot', 'music for video', 'noise', 'acoustic', 'royalty free music', 'rock', 'free music', 'video game', 'free to use', 'experimental']",Untitled #1
17070,1901,21180.0,,Surtout ne pas se perdre (2011-2016),32.0,Album,,Monplaisir,320000.0,,238.0,,"[12, 32, 38]","[32, 12, 38]",CC0 1.0 Universal,8.0,"['melting pot', 'music for video', 'noise', 'acoustic', 'royalty free music', 'rock', 'free music', 'video game', 'free to use', 'experimental']",Catapulte
17071,1902,21180.0,,Surtout ne pas se perdre (2011-2016),32.0,Album,,Monplaisir,320000.0,,296.0,,"[12, 32, 38]","[32, 12, 38]",CC0 1.0 Universal,9.0,"['melting pot', 'music for video', 'noise', 'acoustic', 'royalty free music', 'rock', 'free music', 'video game', 'free to use', 'experimental']",Chat dans la gorge
17072,1903,21180.0,,Surtout ne pas se perdre (2011-2016),32.0,Album,,Monplaisir,320000.0,,219.0,,"[12, 32, 38]","[32, 12, 38]",CC0 1.0 Universal,10.0,"['melting pot', 'music for video', 'noise', 'acoustic', 'royalty free music', 'rock', 'free music', 'video game', 'free to use', 'experimental']",Carelage facile
17073,1904,21180.0,,Surtout ne pas se perdre (2011-2016),32.0,Album,,Monplaisir,320000.0,,77.0,,"[12, 32, 38]","[32, 12, 38]",CC0 1.0 Universal,11.0,"['melting pot', 'music for video', 'noise', 'acoustic', 'royalty free music', 'rock', 'free music', 'video game', 'free to use', 'experimental']",LSD
17074,1905,21180.0,,Surtout ne pas se perdre (2011-2016),32.0,Album,,Monplaisir,320000.0,,288.0,,"[12, 32, 38]","[32, 12, 38]",CC0 1.0 Universal,12.0,"['melting pot', 'music for video', 'noise', 'acoustic', 'royalty free music', 'rock', 'free music', 'video game', 'free to use', 'experimental']",Lumière jaune
17075,1906,21180.0,,Surtout ne pas se perdre (2011-2016),32.0,Album,,Monplaisir,320000.0,,237.0,,"[12, 32, 38]","[32, 12, 38]",CC0 1.0 Universal,13.0,"['melting pot', 'music for video', 'noise', 'acoustic', 'royalty free music', 'rock', 'free music', 'video game', 'free to use', 'experimental']",Le meilleur des mondes
17076,1907,21180.0,,Surtout ne pas se perdre (2011-2016),32.0,Album,,Monplaisir,320000.0,,416.0,,"[12, 32, 38]","[32, 12, 38]",CC0 1.0 Universal,14.0,"['melting pot', 'music for video', 'noise', 'acoustic', 'royalty free music', 'rock', 'free music', 'video game', 'free to use', 'experimental']",Untitled #2
17077,1908,21180.0,,Surtout ne pas se perdre (2011-2016),32.0,Album,,Monplaisir,320000.0,,228.0,,"[12, 32, 38]","[32, 12, 38]",CC0 1.0 Universal,15.0,"['melting pot', 'music for video', 'noise', 'acoustic', 'royalty free music', 'rock', 'free music', 'video game', 'free to use', 'experimental']",Crack Crikiti Crouk
17078,1909,21180.0,,Surtout ne pas se perdre (2011-2016),32.0,Album,,Monplaisir,320000.0,,138.0,,"[12, 32, 38]","[32, 12, 38]",CC0 1.0 Universal,16.0,"['melting pot', 'music for video', 'noise', 'acoustic', 'royalty free music', 'rock', 'free music', 'video game', 'free to use', 'experimental']",La bagarre
17079,1910,21180.0,,Surtout ne pas se perdre (2011-2016),32.0,Album,,Monplaisir,320000.0,,121.0,,"[12, 32, 38]","[32, 12, 38]",CC0 1.0 Universal,17.0,"['melting pot', 'music for video', 'noise', 'acoustic', 'royalty free music', 'rock', 'free music', 'video game', 'free to use', 'experimental']",Encore la bagarre
17080,1911,21180.0,,Surtout ne pas se perdre (2011-2016),32.0,Album,,Monplaisir,320000.0,,303.0,,"[12, 32, 38]","[32, 12, 38]",CC0 1.0 Universal,18.0,"['melting pot', 'music for video', 'noise', 'acoustic', 'royalty free music', 'rock', 'free music', 'video game', 'free to use', 'experimental']",Oui mais
17081,1912,21180.0,,Surtout ne pas se perdre (2011-2016),32.0,Album,,Monplaisir,320000.0,,159.0,,"[12, 32, 38]","[32, 12, 38]",CC0 1.0 Universal,19.0,"['melting pot', 'music for video', 'noise', 'acoustic', 'royalty free music', 'rock', 'free music', 'video game', 'free to use', 'experimental']",Well end blues
17082,1913,21180.0,,Surtout ne pas se perdre (2011-2016),32.0,Album,,Monplaisir,320000.0,,435.0,,"[12, 32, 38]","[32, 12, 38]",CC0 1.0 Universal,20.0,"['melting pot', 'music for video', 'noise', 'acoustic', 'royalty free music', 'rock', 'free music', 'video game', 'free to use', 'experimental']",Untitled #3
17083,1914,21180.0,,Surtout ne pas se perdre (2011-2016),32.0,Album,,Monplaisir,320000.0,,171.0,,"[12, 32, 38]","[32, 12, 38]",CC0 1.0 Universal,21.0,"['melting pot', 'music for video', 'noise', 'acoustic', 'royalty free music', 'rock', 'free music', 'video game', 'free to use', 'experimental']","Quand tu es là, il fait chaud et frais"
17084,1915,21180.0,,Surtout ne pas se perdre (2011-2016),32.0,Album,,Monplaisir,320000.0,,159.0,,"[12, 32, 38]","[32, 12, 38]",CC0 1.0 Universal,22.0,"['melting pot', 'music for video', 'noise', 'acoustic', 'royalty free music', 'rock', 'free music', 'video game', 'free to use', 'experimental']",Rock Alternatif de haute qualité
17085,1916,21180.0,,Surtout ne pas se perdre (2011-2016),32.0,Album,,Monplaisir,320000.0,,163.0,,"[12, 32, 38]","[32, 12, 38]",CC0 1.0 Universal,23.0,"['melting pot', 'music for video', 'noise', 'acoustic', 'royalty free music', 'rock', 'free music', 'video game', 'free to use', 'experimental']",A vault
17086,1917,21180.0,,Surtout ne pas se perdre (2011-2016),32.0,Album,,Monplaisir,320000.0,,359.0,,"[12, 32, 38]","[32, 12, 38]",CC0 1.0 Universal,24.0,"['melting pot', 'music for video', 'noise', 'acoustic', 'royalty free music', 'rock', 'free music', 'video game', 'free to use', 'experimental']",Ambiant Do Ré
17087,1918,21180.0,,Surtout ne pas se perdre (2011-2016),32.0,Album,,Monplaisir,320000.0,,571.0,,"[12, 32, 38]","[32, 12, 38]",CC0 1.0 Universal,25.0,"['melting pot', 'music for video', 'noise', 'acoustic', 'royalty free music', 'rock', 'free music', 'video game', 'free to use', 'experimental']",Fr(ustr)ance
17088,1919,21180.0,,Surtout ne pas se perdre (2011-2016),32.0,Album,,Monplaisir,320000.0,,248.0,,"[12, 32, 38]","[32, 12, 38]",CC0 1.0 Universal,26.0,"['melting pot', 'music for video', 'noise', 'acoustic', 'royalty free music', 'rock', 'free music', 'video game', 'free to use', 'experimental']",Untitled #4
17089,1920,21180.0,,Surtout ne pas se perdre (2011-2016),32.0,Album,,Monplaisir,320000.0,,189.0,,"[12, 32, 38]","[32, 12, 38]",CC0 1.0 Universal,27.0,"['melting pot', 'music for video', 'noise', 'acoustic', 'royalty free music', 'rock', 'free music', 'video game', 'free to use', 'experimental']",La balade du gentil robot
17090,1921,21180.0,,Surtout ne pas se perdre (2011-2016),32.0,Album,,Monplaisir,320000.0,,250.0,,"[12, 32, 38]","[32, 12, 38]",CC0 1.0 Universal,28.0,"['melting pot', 'music for video', 'noise', 'acoustic', 'royalty free music', 'rock', 'free music', 'video game', 'free to use', 'experimental']",Pourquoi Tu
17091,1922,21180.0,,Surtout ne pas se perdre (2011-2016),32.0,Album,,Monplaisir,320000.0,,625.0,,"[12, 32, 38]","[32, 12, 38]",CC0 1.0 Universal,29.0,"['melting pot', 'music for video', 'noise', 'acoustic', 'royalty free music', 'rock', 'free music', 'video game', 'free to use', 'experimental']",Quand nous partirons
17092,1923,21180.0,,Surtout ne pas se perdre (2011-2016),32.0,Album,,Monplaisir,320000.0,,705.0,,"[12, 32, 38]","[32, 12, 38]",CC0 1.0 Universal,30.0,"['melting pot', 'music for video', 'noise', 'acoustic', 'royalty free music', 'rock', 'free music', 'video game', 'free to use', 'experimental']",Untitled #5
17093,1924,21180.0,,Surtout ne pas se perdre (2011-2016),32.0,Album,,Monplaisir,320000.0,,365.0,,"[12, 32, 38]","[32, 12, 38]",CC0 1.0 Universal,31.0,"['melting pot', 'music for video', 'noise', 'acoustic', 'royalty free music', 'rock', 'free music', 'video game', 'free to use', 'experimental']",Pas de repos
17094,1925,21180.0,,Surtout ne pas se perdre (2011-2016),32.0,Album,,Monplaisir,320000.0,,341.0,,"[12, 32, 38]","[32, 12, 38]",CC0 1.0 Universal,32.0,"['melting pot', 'music for video', 'noise', 'acoustic', 'royalty free music', 'rock', 'free music', 'video game', 'free to use', 'experimental']",Percer la main
17108,1926,21199.0,James Opie,The Hermeneutic Circle,26.0,Album,,Nihilore,320000.0,,240.0,Electronic,"[15, 236, 296]","[296, 236, 15]",Creative Commons Attribution,1.0,[],Morning Bell
17109,1927,21199.0,James Opie,The Hermeneutic Circle,26.0,Album,,Nihilore,320000.0,,271.0,Electronic,"[15, 236, 296]","[296, 236, 15]",Creative Commons Attribution,2.0,[],Whispers Invoke Paranoia
17110,1928,21199.0,James Opie,The Hermeneutic Circle,26.0,Album,,Nihilore,320000.0,,294.0,Electronic,"[15, 236, 296]","[296, 236, 15]",Creative Commons Attribution,3.0,[],Authenticity
17111,1929,21199.0,James Opie,The Hermeneutic Circle,26.0,Album,,Nihilore,320000.0,,349.0,Electronic,"[15, 236, 296]","[296, 236, 15]",Creative Commons Attribution,4.0,[],Set Fire to Creation
17112,1930,21199.0,James Opie,The Hermeneutic Circle,26.0,Album,,Nihilore,320000.0,,296.0,Electronic,"[15, 236, 296]","[296, 236, 15]",Creative Commons Attribution,5.0,[],A Different World By Night
17113,1931,21199.0,James Opie,The Hermeneutic Circle,26.0,Album,,Nihilore,320000.0,,258.0,Electronic,"[15, 236, 495]","[495, 236, 15]",Creative Commons Attribution,6.0,[],The Other
17114,1932,21199.0,James Opie,The Hermeneutic Circle,26.0,Album,,Nihilore,320000.0,,393.0,Electronic,"[15, 236, 495]","[495, 236, 15]",Creative Commons Attribution,7.0,[],Laconic
17115,1933,21199.0,James Opie,The Hermeneutic Circle,26.0,Album,,Nihilore,320000.0,,319.0,Electronic,"[15, 236, 495]","[495, 236, 15]",Creative Commons Attribution,8.0,[],Dasein
17116,1934,21199.0,James Opie,The Hermeneutic Circle,26.0,Album,,Nihilore,320000.0,,221.0,Electronic,"[15, 236, 495]","[495, 236, 15]",Creative Commons Attribution,9.0,[],Kadupul
17117,1935,21199.0,James Opie,The Hermeneutic Circle,26.0,Album,,Nihilore,320000.0,,372.0,Electronic,"[15, 236, 495]","[495, 236, 15]",Creative Commons Attribution,11.0,[],"10,000 People Chanting, ""I'm an Individual"""
17118,1936,21199.0,James Opie,The Hermeneutic Circle,26.0,Album,,Nihilore,320000.0,,147.0,Electronic,"[15, 236, 495]","[495, 236, 15]",Creative Commons Attribution,12.0,[],Evening Drum
17119,1937,21199.0,James Opie,The Hermeneutic Circle,26.0,Album,,Nihilore,320000.0,,309.0,Electronic,"[15, 236, 495]","[495, 236, 15]",Creative Commons Attribution,10.0,[],The Absurd
17170,1938,21504.0,,Crisis,0.0,Album,,Jules,160000.0,,132.0,,[],[],Creative Commons Attribution,2.0,[],Crisis
17172,1939,21266.0,,"Bonjour from Paris, Nantes and Montreal",16.0,Album,,Monplaisir,320000.0,,161.0,,"[5, 17, 38]","[17, 5, 38]",CC0 1.0 Universal,1.0,"['guitar', 'folk', 'music for videos', 'classical', 'improvisation', 'prepared guitar', 'royalty free music']",Hélice
17173,1940,21266.0,,"Bonjour from Paris, Nantes and Montreal",16.0,Album,,Monplaisir,320000.0,,261.0,,"[5, 17, 38]","[17, 5, 38]",CC0 1.0 Universal,2.0,"['guitar', 'folk', 'music for videos', 'classical', 'improvisation', 'prepared guitar', 'royalty free music']",88 degrés et des poussières
17174,1941,21266.0,,"Bonjour from Paris, Nantes and Montreal",16.0,Album,,Monplaisir,320000.0,,140.0,,"[5, 17, 38]","[17, 5, 38]",CC0 1.0 Universal,3.0,"['guitar', 'folk', 'music for videos', 'classical', 'improvisation', 'prepared guitar', 'royalty free music']",Improvisation n°8818
17175,1942,21266.0,,"Bonjour from Paris, Nantes and Montreal",16.0,Album,,Monplaisir,320000.0,,109.0,,"[5, 17, 38]","[17, 5, 38]",CC0 1.0 Universal,4.0,"['guitar', 'folk', 'music for videos', 'classical', 'improvisation', 'prepared guitar', 'royalty free music']",Dormir rien de plus
17176,1943,21266.0,,"Bonjour from Paris, Nantes and Montreal",16.0,Album,,Monplaisir,320000.0,,217.0,,"[5, 17, 38]","[17, 5, 38]",CC0 1.0 Universal,5.0,"['guitar', 'folk', 'music for videos', 'classical', 'improvisation', 'prepared guitar', 'royalty free music']",Ce flou entre nous
17177,1944,21266.0,,"Bonjour from Paris, Nantes and Montreal",16.0,Album,,Monplaisir,320000.0,,153.0,,"[5, 17, 38]","[17, 5, 38]",CC0 1.0 Universal,6.0,"['guitar', 'folk', 'music for videos', 'classical', 'improvisation', 'prepared guitar', 'royalty free music']",Juillet
17178,1945,21266.0,,"Bonjour from Paris, Nantes and Montreal",16.0,Album,,Monplaisir,320000.0,,150.0,,"[5, 17, 38]","[17, 5, 38]",CC0 1.0 Universal,7.0,"['guitar', 'folk', 'music for videos', 'classical', 'improvisation', 'prepared guitar', 'royalty free music']",Blood in the fridge
17179,1946,21266.0,,"Bonjour from Paris, Nantes and Montreal",16.0,Album,,Monplaisir,320000.0,,252.0,,"[5, 17, 38]","[17, 5, 38]",CC0 1.0 Universal,8.0,"['guitar', 'folk', 'music for videos', 'classical', 'improvisation', 'prepared guitar', 'royalty free music']",Improvisation n°807713
17180,1947,21266.0,,"Bonjour from Paris, Nantes and Montreal",16.0,Album,,Monplaisir,320000.0,,253.0,,"[5, 17, 38]","[17, 5, 38]",CC0 1.0 Universal,9.0,"['guitar', 'folk', 'music for videos', 'classical', 'improvisation', 'prepared guitar', 'royalty free music']",Juan Garcia Madero
17181,1948,21266.0,,"Bonjour from Paris, Nantes and Montreal",16.0,Album,,Monplaisir,320000.0,,212.0,,"[5, 17, 38]","[17, 5, 38]",CC0 1.0 Universal,10.0,"['guitar', 'folk', 'music for videos', 'classical', 'improvisation', 'prepared guitar', 'royalty free music']",La même journée qu'hier
17182,1949,21266.0,,"Bonjour from Paris, Nantes and Montreal",16.0,Album,,Monplaisir,320000.0,,264.0,,"[5, 17, 38]","[17, 5, 38]",CC0 1.0 Universal,11.0,"['guitar', 'folk', 'music for videos', 'classical', 'improvisation', 'prepared guitar', 'royalty free music']",Improvisation n°15978
17183,1950,21266.0,,"Bonjour from Paris, Nantes and Montreal",16.0,Album,,Monplaisir,320000.0,,181.0,,"[5, 17, 38]","[17, 5, 38]",CC0 1.0 Universal,12.0,"['guitar', 'folk', 'music for videos', 'classical', 'improvisation', 'prepared guitar', 'royalty free music']",Poing Dauphin
17184,1951,21266.0,,"Bonjour from Paris, Nantes and Montreal",16.0,Album,,Monplaisir,320000.0,,320.0,,"[5, 17, 38]","[17, 5, 38]",CC0 1.0 Universal,13.0,"['guitar', 'folk', 'music for videos', 'classical', 'improvisation', 'prepared guitar', 'royalty free music']",Improvisation n°5077153
17185,1952,21266.0,,"Bonjour from Paris, Nantes and Montreal",16.0,Album,,Monplaisir,320000.0,,213.0,,"[5, 17, 38]","[17, 5, 38]",CC0 1.0 Universal,14.0,"['guitar', 'folk', 'music for videos', 'classical', 'improvisation', 'prepared guitar', 'royalty free music']",Un creux loin
17186,1953,21266.0,,"Bonjour from Paris, Nantes and Montreal",16.0,Album,,Monplaisir,320000.0,,229.0,,"[5, 17, 38]","[17, 5, 38]",CC0 1.0 Universal,15.0,"['guitar', 'folk', 'music for videos', 'classical', 'improvisation', 'prepared guitar', 'royalty free music']",Homeless California
17187,1954,21266.0,,"Bonjour from Paris, Nantes and Montreal",16.0,Album,,Monplaisir,320000.0,,169.0,,"[5, 17, 38]","[17, 5, 38]",CC0 1.0 Universal,16.0,"['guitar', 'folk', 'music for videos', 'classical', 'improvisation', 'prepared guitar', 'royalty free music']",Se recourber
17287,1955,-1.0,,,-1.0,,,Marsel Minga,320000.0,,254.0,,[],[],Public Domain,1.0,[],Amerigo Mancini
17288,1956,-1.0,,,-1.0,,,Marsel Minga,320000.0,,241.0,,[],[],Public Domain,1.0,[],Street Mame
17350,1957,21337.0,,Dreamland,13.0,Album,,TRG Banks,320000.0,,191.0,Instrumental,"[18, 107, 1235]","[107, 18, 1235]",CC0 1.0 Universal,1.0,[],Night train
17351,1958,21337.0,,Dreamland,13.0,Album,,TRG Banks,320000.0,,175.0,Instrumental,"[18, 107, 1235]","[107, 18, 1235]",CC0 1.0 Universal,2.0,[],Interchange
17352,1959,21337.0,,Dreamland,13.0,Album,,TRG Banks,320000.0,,206.0,Instrumental,"[18, 107, 1235]","[107, 18, 1235]",CC0 1.0 Universal,3.0,[],The town where Dave lived
17353,1960,21337.0,,Dreamland,13.0,Album,,TRG Banks,320000.0,,182.0,Instrumental,"[18, 107, 1235]","[107, 18, 1235]",CC0 1.0 Universal,4.0,[],Lake in the woods
17370,1961,21355.0,,(ﾟuu ﾟ)##)彡,11.0,,,Alpha Hydrae,320000.0,,221.0,,"[17, 32, 359]","[32, 38, 359, 12, 17]",CC0 1.0 Universal,1.0,"['roylaty free music', 'music for video', 'noise rock', 'guitar', 'classical guitar', 'rock', 'shoegaze']",Feet Gone Wild
17371,1962,21355.0,,(ﾟuu ﾟ)##)彡,11.0,,,Alpha Hydrae,320000.0,,236.0,,"[17, 32, 359]","[32, 38, 359, 12, 17]",CC0 1.0 Universal,2.0,"['roylaty free music', 'music for video', 'noise rock', 'guitar', 'classical guitar', 'rock', 'shoegaze']",Mosquito into your brain
17372,1963,21355.0,,(ﾟuu ﾟ)##)彡,11.0,,,Alpha Hydrae,320000.0,,235.0,,"[17, 32, 359]","[32, 38, 359, 12, 17]",CC0 1.0 Universal,3.0,"['roylaty free music', 'music for video', 'noise rock', 'guitar', 'classical guitar', 'rock', 'shoegaze']",Under the Flag of the Trash
17373,1964,21355.0,,(ﾟuu ﾟ)##)彡,11.0,,,Alpha Hydrae,320000.0,,303.0,,"[17, 32, 359]","[32, 38, 359, 12, 17]",CC0 1.0 Universal,4.0,"['roylaty free music', 'music for video', 'noise rock', 'guitar', 'classical guitar', 'rock', 'shoegaze']","Keratine, rust and a clear soul"
17374,1965,21355.0,,(ﾟuu ﾟ)##)彡,11.0,,,Alpha Hydrae,320000.0,,299.0,,"[17, 32, 359]","[32, 38, 359, 12, 17]",CC0 1.0 Universal,5.0,"['roylaty free music', 'music for video', 'noise rock', 'guitar', 'classical guitar', 'rock', 'shoegaze']",Concussion in your direction
17375,1966,21355.0,,(ﾟuu ﾟ)##)彡,11.0,,,Alpha Hydrae,320000.0,,248.0,,"[17, 32, 359]","[32, 38, 359, 12, 17]",CC0 1.0 Universal,6.0,"['roylaty free music', 'music for video', 'noise rock', 'guitar', 'classical guitar', 'rock', 'shoegaze']",I love fruits
17376,1967,21355.0,,(ﾟuu ﾟ)##)彡,11.0,,,Alpha Hydrae,320000.0,,320.0,,"[17, 32, 359]","[32, 38, 359, 12, 17]",CC0 1.0 Universal,7.0,"['roylaty free music', 'music for video', 'noise rock', 'guitar', 'classical guitar', 'rock', 'shoegaze']",Unfortunate
17377,1968,21355.0,,(ﾟuu ﾟ)##)彡,11.0,,,Alpha Hydrae,320000.0,,397.0,,"[17, 32, 359]","[32, 38, 359, 12, 17]",CC0 1.0 Universal,8.0,"['roylaty free music', 'music for video', 'noise rock', 'guitar', 'classical guitar', 'rock', 'shoegaze']",Puzzle
17378,1969,21355.0,,(ﾟuu ﾟ)##)彡,11.0,,,Alpha Hydrae,320000.0,,225.0,,"[17, 32, 359]","[32, 38, 359, 12, 17]",CC0 1.0 Universal,9.0,"['roylaty free music', 'music for video', 'noise rock', 'guitar', 'classical guitar', 'rock', 'shoegaze']",Tired to be wild
17379,1970,21355.0,,(ﾟuu ﾟ)##)彡,11.0,,,Alpha Hydrae,320000.0,,272.0,,"[17, 32, 359]","[32, 38, 359, 12, 17]",CC0 1.0 Universal,10.0,"['roylaty free music', 'music for video', 'noise rock', 'guitar', 'classical guitar', 'rock', 'shoegaze']",Won't see it comin' (Feat Aequality & N'sorte d'autruche)
17380,1971,21355.0,,(ﾟuu ﾟ)##)彡,11.0,,,Alpha Hydrae,320000.0,,786.0,,"[17, 32, 359]","[32, 38, 359, 12, 17]",CC0 1.0 Universal,11.0,"['roylaty free music', 'music for video', 'noise rock', 'guitar', 'classical guitar', 'rock', 'shoegaze']",A slow with your shadow
17424,1972,21337.0,,Dreamland,13.0,Album,,TRG Banks,320000.0,,301.0,Instrumental,"[18, 107, 1235]","[107, 18, 1235]",CC0 1.0 Universal,5.0,[],Above Birmingham
17476,1973,21337.0,,Dreamland,13.0,Album,,TRG Banks,320000.0,,367.0,Instrumental,"[18, 107, 1235]","[107, 18, 1235]",CC0 1.0 Universal,6.0,[],Goodbye Machineryhead
17552,1974,21337.0,,Dreamland,13.0,Album,,TRG Banks,320000.0,,1089.0,Instrumental,"[18, 107, 1235]","[107, 18, 1235]",CC0 1.0 Universal,7.0,[],The silver bus
17572,1975,21337.0,,Dreamland,13.0,Album,,TRG Banks,320000.0,,134.0,Instrumental,"[18, 107, 1235]","[107, 18, 1235]",CC0 1.0 Universal,8.0,[],Swanhead
17639,1976,21337.0,,Dreamland,13.0,Album,,TRG Banks,320000.0,,407.0,Instrumental,"[18, 107, 1235]","[107, 18, 1235]",CC0 1.0 Universal,9.0,[],Lost in Russia
17697,1977,21337.0,,Dreamland,13.0,Album,,TRG Banks,320000.0,,342.0,Instrumental,"[18, 107, 1235]","[107, 18, 1235]",CC0 1.0 Universal,10.0,[],Father Green
17729,1978,21337.0,,Dreamland,13.0,Album,,TRG Banks,320000.0,,171.0,Instrumental,"[18, 107, 1235]","[107, 18, 1235]",CC0 1.0 Universal,11.0,[],Kevin come back
17801,1979,21337.0,,Dreamland,13.0,Album,,TRG Banks,320000.0,,270.0,Instrumental,"[18, 107, 1235]","[107, 18, 1235]",CC0 1.0 Universal,12.0,[],Great Aunt Henrietta
17972,1980,21759.0,,It's time for adventure ! vol 2,15.0,,,Komiku,320000.0,,206.0,,"[17, 18, 38]","[17, 18, 1235, 38]",CC0 1.0 Universal,1.0,"['free to use', 'soundtrack', 'royalty free', 'ambiant', 'videogame', 'free music', 'role play', 'video game', 'folk', 'role playing game']",Balance
17973,1981,21759.0,,It's time for adventure ! vol 2,15.0,,,Komiku,320000.0,,187.0,,"[17, 18, 38]","[17, 18, 1235, 38]",CC0 1.0 Universal,2.0,"['free to use', 'soundtrack', 'royalty free', 'ambiant', 'videogame', 'free music', 'role play', 'video game', 'folk', 'role playing game']",Chill Out Theme
17974,1982,21759.0,,It's time for adventure ! vol 2,15.0,,,Komiku,320000.0,,165.0,,"[17, 18, 38]","[17, 18, 1235, 38]",CC0 1.0 Universal,3.0,"['free to use', 'soundtrack', 'royalty free', 'ambiant', 'videogame', 'free music', 'role play', 'video game', 'folk', 'role playing game']",Battle Theme
17975,1983,21759.0,,It's time for adventure ! vol 2,15.0,,,Komiku,320000.0,,182.0,,"[17, 18, 38]","[17, 18, 1235, 38]",CC0 1.0 Universal,4.0,"['free to use', 'soundtrack', 'royalty free', 'ambiant', 'videogame', 'free music', 'role play', 'video game', 'folk', 'role playing game']",Time
17976,1984,21759.0,,It's time for adventure ! vol 2,15.0,,,Komiku,320000.0,,114.0,,"[17, 18, 38]","[17, 18, 1235, 38]",CC0 1.0 Universal,5.0,"['free to use', 'soundtrack', 'royalty free', 'ambiant', 'videogame', 'free music', 'role play', 'video game', 'folk', 'role playing game']",Down the river
17977,1985,21759.0,,It's time for adventure ! vol 2,15.0,,,Komiku,320000.0,,97.0,,"[17, 18, 38]","[17, 18, 1235, 38]",CC0 1.0 Universal,6.0,"['free to use', 'soundtrack', 'royalty free', 'ambiant', 'videogame', 'free music', 'role play', 'video game', 'folk', 'role playing game']",Filthy
17978,1986,21759.0,,It's time for adventure ! vol 2,15.0,,,Komiku,320000.0,,210.0,,"[17, 18, 38]","[17, 18, 1235, 38]",CC0 1.0 Universal,7.0,"['free to use', 'soundtrack', 'royalty free', 'ambiant', 'videogame', 'free music', 'role play', 'video game', 'folk', 'role playing game']",Frozen Jungle
17979,1987,21759.0,,It's time for adventure ! vol 2,15.0,,,Komiku,320000.0,,171.0,,"[17, 18, 38]","[17, 18, 1235, 38]",CC0 1.0 Universal,8.0,"['free to use', 'soundtrack', 'royalty free', 'ambiant', 'videogame', 'free music', 'role play', 'video game', 'folk', 'role playing game']",Dreaming of you
17980,1988,21759.0,,It's time for adventure ! vol 2,15.0,,,Komiku,320000.0,,178.0,,"[17, 18, 38]","[17, 18, 1235, 38]",CC0 1.0 Universal,9.0,"['free to use', 'soundtrack', 'royalty free', 'ambiant', 'videogame', 'free music', 'role play', 'video game', 'folk', 'role playing game']",This one is tough
17981,1989,21759.0,,It's time for adventure ! vol 2,15.0,,,Komiku,320000.0,,211.0,,"[17, 18, 38]","[17, 18, 1235, 38]",CC0 1.0 Universal,10.0,"['free to use', 'soundtrack', 'royalty free', 'ambiant', 'videogame', 'free music', 'role play', 'video game', 'folk', 'role playing game']",Something to save
17982,1990,21759.0,,It's time for adventure ! vol 2,15.0,,,Komiku,320000.0,,213.0,,"[17, 18, 38]","[17, 18, 1235, 38]",CC0 1.0 Universal,11.0,"['free to use', 'soundtrack', 'royalty free', 'ambiant', 'videogame', 'free music', 'role play', 'video game', 'folk', 'role playing game']",Remember this shadow
17983,1991,21759.0,,It's time for adventure ! vol 2,15.0,,,Komiku,320000.0,,201.0,,"[17, 18, 38]","[17, 18, 1235, 38]",CC0 1.0 Universal,12.0,"['free to use', 'soundtrack', 'royalty free', 'ambiant', 'videogame', 'free music', 'role play', 'video game', 'folk', 'role playing game']",Tension
17984,1992,21759.0,,It's time for adventure ! vol 2,15.0,,,Komiku,320000.0,,187.0,,"[17, 18, 38]","[17, 18, 1235, 38]",CC0 1.0 Universal,13.0,"['free to use', 'soundtrack', 'royalty free', 'ambiant', 'videogame', 'free music', 'role play', 'video game', 'folk', 'role playing game']","Fight, run, breath deeply"
17985,1993,21759.0,,It's time for adventure ! vol 2,15.0,,,Komiku,320000.0,,191.0,,"[17, 18, 38]","[17, 18, 1235, 38]",CC0 1.0 Universal,14.0,"['free to use', 'soundtrack', 'royalty free', 'ambiant', 'videogame', 'free music', 'role play', 'video game', 'folk', 'role playing game']",Sad walk with sad melodica
17986,1994,21759.0,,It's time for adventure ! vol 2,15.0,,,Komiku,320000.0,,235.0,,"[17, 18, 38]","[17, 18, 1235, 38]",CC0 1.0 Universal,15.0,"['free to use', 'soundtrack', 'royalty free', 'ambiant', 'videogame', 'free music', 'role play', 'video game', 'folk', 'role playing game']",Victory
18023,1995,21783.0,,Sky,8.0,,,Monplaisir,320000.0,,428.0,,"[12, 32, 38]","[32, 12, 38]",CC0 1.0 Universal,1.0,"['creative commons', 'experimental', 'one long track album', 'death', 'folk', 'music for video', 'rock', 'ritual music', 'free to use', 'noise', 'royalty free music']",Sky 1 : Leaving Sky Valley
18024,1996,21783.0,,Sky,8.0,,,Monplaisir,320000.0,,243.0,,"[12, 32, 38]","[32, 12, 38]",CC0 1.0 Universal,2.0,"['creative commons', 'experimental', 'one long track album', 'death', 'folk', 'music for video', 'rock', 'ritual music', 'free to use', 'noise', 'royalty free music']",Sky 2 : Hell Batucada Dive Bomb
18025,1997,21783.0,,Sky,8.0,,,Monplaisir,320000.0,,276.0,,"[12, 32, 38]","[32, 12, 38]",CC0 1.0 Universal,3.0,"['creative commons', 'experimental', 'one long track album', 'death', 'folk', 'music for video', 'rock', 'ritual music', 'free to use', 'noise', 'royalty free music']",Sky 3 : The Choc
18026,1998,21783.0,,Sky,8.0,,,Monplaisir,320000.0,,475.0,,"[12, 32, 38]","[32, 12, 38]",CC0 1.0 Universal,4.0,"['creative commons', 'experimental', 'one long track album', 'death', 'folk', 'music for video', 'rock', 'ritual music', 'free to use', 'noise', 'royalty free music']",Sky 4 : Storm Of Idea But Can't Find The Self
18027,1999,21783.0,,Sky,8.0,,,Monplaisir,320000.0,,178.0,,"[12, 32, 38]","[32, 12, 38]",CC0 1.0 Universal,5.0,"['creative commons', 'experimental', 'one long track album', 'death', 'folk', 'music for video', 'rock', 'ritual music', 'free to use', 'noise', 'royalty free music']","Sky 5 : The Rise, The Walk, The Hope"
18028,2000,21783.0,,Sky,8.0,,,Monplaisir,320000.0,,261.0,,"[12, 32, 38]","[32, 12, 38]",CC0 1.0 Universal,6.0,"['creative commons', 'experimental', 'one long track album', 'death', 'folk', 'music for video', 'rock', 'ritual music', 'free to use', 'noise', 'royalty free music']",Sky 6 : But No
18029,2001,21783.0,,Sky,8.0,,,Monplaisir,320000.0,,215.0,,"[12, 32, 38]","[32, 12, 38]",CC0 1.0 Universal,7.0,"['creative commons', 'experimental', 'one long track album', 'death', 'folk', 'music for video', 'rock', 'ritual music', 'free to use', 'noise', 'royalty free music']",Sky 7 : Debauched Dance With The Self
18030,2002,21783.0,,Sky,8.0,,,Monplaisir,320000.0,,326.0,,"[12, 32, 38]","[32, 12, 38]",CC0 1.0 Universal,8.0,"['creative commons', 'experimental', 'one long track album', 'death', 'folk', 'music for video', 'rock', 'ritual music', 'free to use', 'noise', 'royalty free music']",Sky 8 : Notice That The Absence Of You Is Here
18043,2003,21787.0,,A Human Work,20.0,Album,,Nihilore,320000.0,,254.0,Electronic,"[15, 236, 495]","[495, 236, 15]",Creative Commons Attribution,1.0,[],Absolute Terror
18044,2004,21787.0,,A Human Work,20.0,Album,,Nihilore,320000.0,,250.0,Electronic,"[15, 236, 495]","[495, 236, 15]",Creative Commons Attribution,3.0,[],Jodie Foster
18045,2005,21787.0,,A Human Work,20.0,Album,,Nihilore,320000.0,,306.0,Electronic,"[15, 236, 495]","[495, 236, 15]",Creative Commons Attribution,7.0,[],Shapes Within the Jade
18046,2006,21787.0,,A Human Work,20.0,Album,,Nihilore,320000.0,,137.0,Electronic,"[15, 236, 495]","[495, 236, 15]",Creative Commons Attribution,9.0,[],Clay Heart
18047,2007,21787.0,,A Human Work,20.0,Album,,Nihilore,320000.0,,305.0,Electronic,"[15, 236, 495]","[495, 236, 15]",Creative Commons Attribution,10.0,[],ápeiros
18048,2008,21787.0,,A Human Work,20.0,Album,,Nihilore,320000.0,,292.0,Electronic,"[15, 236, 495]","[495, 236, 15]",Creative Commons Attribution,11.0,[],Sturgeon's Law
18049,2009,21787.0,,A Human Work,20.0,Album,,Nihilore,320000.0,,265.0,Electronic,"[15, 236, 495]","[495, 236, 15]",Creative Commons Attribution,12.0,[],Facticity
18050,2010,21787.0,,A Human Work,20.0,Album,,Nihilore,320000.0,,234.0,Electronic,"[15, 236, 495]","[495, 236, 15]",Creative Commons Attribution,2.0,[],Girl in the Moon
18051,2011,21787.0,,A Human Work,20.0,Album,,Nihilore,320000.0,,334.0,Electronic,"[15, 236, 495]","[495, 236, 15]",Creative Commons Attribution,4.0,[],The Cage
18052,2012,21787.0,,A Human Work,20.0,Album,,Nihilore,320000.0,,240.0,Electronic,"[15, 236, 495]","[495, 236, 15]",Creative Commons Attribution,5.0,[],Throne of the Soul
18053,2013,21787.0,,A Human Work,20.0,Album,,Nihilore,320000.0,,312.0,Electronic,"[15, 236, 495]","[495, 236, 15]",Creative Commons Attribution,8.0,[],Samsara
18058,2014,21791.0,,Nous avons vu le Diable,9.0,,,cuicuitte (feat renoncule) / comme ça,320000.0,,496.0,,"[17, 18, 38]","[17, 18, 1235, 38]",CC0 1.0 Universal,1.0,"['folk', 'free music', 'banjo', 'noise', 'art brut', 'video game', 'royalty free music', 'classical guitar', 'ambiant', 'brutfolk', 'music for video', 'prepared bass', 'harsh noise', 'classical']",Il a du sable dans les yeux
18059,2015,21791.0,,Nous avons vu le Diable,9.0,,,cuicuitte (feat renoncule) / comme ça,320000.0,,380.0,,"[17, 18, 38]","[17, 18, 1235, 38]",CC0 1.0 Universal,2.0,"['folk', 'free music', 'banjo', 'noise', 'art brut', 'video game', 'royalty free music', 'classical guitar', 'ambiant', 'brutfolk', 'music for video', 'prepared bass', 'harsh noise', 'classical']",La salle mal éclairée
18060,2016,21791.0,,Nous avons vu le Diable,9.0,,,cuicuitte (feat renoncule) / comme ça,320000.0,,188.0,,"[17, 18, 38]","[17, 18, 1235, 38]",CC0 1.0 Universal,3.0,"['folk', 'free music', 'banjo', 'noise', 'art brut', 'video game', 'royalty free music', 'classical guitar', 'ambiant', 'brutfolk', 'music for video', 'prepared bass', 'harsh noise', 'classical']",Poissons grêlons
18061,2017,21791.0,,Nous avons vu le Diable,9.0,,,cuicuitte (feat renoncule) / comme ça,320000.0,,736.0,,"[17, 18, 38]","[17, 18, 1235, 38]",CC0 1.0 Universal,4.0,"['folk', 'free music', 'banjo', 'noise', 'art brut', 'video game', 'royalty free music', 'classical guitar', 'ambiant', 'brutfolk', 'music for video', 'prepared bass', 'harsh noise', 'classical']",La chambre blanche
18062,2018,21791.0,,Nous avons vu le Diable,9.0,,,cuicuitte (feat renoncule) / comme ça,320000.0,,291.0,,"[17, 18, 38]","[17, 18, 1235, 38]",CC0 1.0 Universal,5.0,"['folk', 'free music', 'banjo', 'noise', 'art brut', 'video game', 'royalty free music', 'classical guitar', 'ambiant', 'brutfolk', 'music for video', 'prepared bass', 'harsh noise', 'classical']",Viville à l'horizon
18063,2019,21791.0,,Nous avons vu le Diable,9.0,,,cuicuitte (feat renoncule) / comme ça,320000.0,,323.0,,"[17, 18, 38]","[17, 18, 1235, 38]",CC0 1.0 Universal,6.0,"['folk', 'free music', 'banjo', 'noise', 'art brut', 'video game', 'royalty free music', 'classical guitar', 'ambiant', 'brutfolk', 'music for video', 'prepared bass', 'harsh noise', 'classical']",Le vent et l’aveugle
18064,2020,21791.0,,Nous avons vu le Diable,9.0,,,cuicuitte (feat renoncule) / comme ça,320000.0,,498.0,,"[17, 18, 38]","[17, 18, 1235, 38]",CC0 1.0 Universal,7.0,"['folk', 'free music', 'banjo', 'noise', 'art brut', 'video game', 'royalty free music', 'classical guitar', 'ambiant', 'brutfolk', 'music for video', 'prepared bass', 'harsh noise', 'classical']",Des animaux grignotent
18065,2021,21791.0,,Nous avons vu le Diable,9.0,,,cuicuitte (feat renoncule) / comme ça,320000.0,,572.0,,"[17, 18, 38]","[17, 18, 1235, 38]",CC0 1.0 Universal,8.0,"['folk', 'free music', 'banjo', 'noise', 'art brut', 'video game', 'royalty free music', 'classical guitar', 'ambiant', 'brutfolk', 'music for video', 'prepared bass', 'harsh noise', 'classical']",Sa rumeur remontait l’escalier
18066,2022,21791.0,,Nous avons vu le Diable,9.0,,,cuicuitte (feat renoncule) / comme ça,320000.0,,309.0,,"[17, 18, 38]","[17, 18, 1235, 38]",CC0 1.0 Universal,9.0,"['folk', 'free music', 'banjo', 'noise', 'art brut', 'video game', 'royalty free music', 'classical guitar', 'ambiant', 'brutfolk', 'music for video', 'prepared bass', 'harsh noise', 'classical']",Ne laissons rien traîner ni limes ni ficelles
18107,2023,21422.0,,Making Waves,5.0,Album,,Greg Atkinson,320000.0,,179.0,,[],[],Creative Commons Attribution,1.0,[],Making Waves
18554,2024,22106.0,,On ne court plus,16.0,,,Monplaisir,320000.0,,169.0,,"[12, 32, 38]","[32, 12, 38]",CC0 1.0 Universal,1.0,"['noise', 'experimental', 'music for video', 'improvisation', 'free music', 'rock', 'video game', 'royalty free music']",Ne pas courir
18555,2025,22106.0,,On ne court plus,16.0,,,Monplaisir,320000.0,,238.0,,"[12, 32, 38]","[32, 12, 38]",CC0 1.0 Universal,2.0,"['noise', 'experimental', 'music for video', 'improvisation', 'free music', 'rock', 'video game', 'royalty free music']",Je ne suis rien
18556,2026,22106.0,,On ne court plus,16.0,,,Monplaisir,320000.0,,40.0,,"[12, 32, 38]","[32, 12, 38]",CC0 1.0 Universal,3.0,"['noise', 'experimental', 'music for video', 'improvisation', 'free music', 'rock', 'video game', 'royalty free music']",Sans toi
18557,2027,22106.0,,On ne court plus,16.0,,,Monplaisir,320000.0,,117.0,,"[12, 32, 38]","[32, 12, 38]",CC0 1.0 Universal,4.0,"['noise', 'experimental', 'music for video', 'improvisation', 'free music', 'rock', 'video game', 'royalty free music']",Tu n'as pas de non
18558,2028,22106.0,,On ne court plus,16.0,,,Monplaisir,320000.0,,240.0,,"[12, 32, 38]","[32, 12, 38]",CC0 1.0 Universal,5.0,"['noise', 'experimental', 'music for video', 'improvisation', 'free music', 'rock', 'video game', 'royalty free music']",La Bête te survivra
18559,2029,22106.0,,On ne court plus,16.0,,,Monplaisir,320000.0,,226.0,,"[12, 32, 38]","[32, 12, 38]",CC0 1.0 Universal,6.0,"['noise', 'experimental', 'music for video', 'improvisation', 'free music', 'rock', 'video game', 'royalty free music']",Chrono
18560,2030,22106.0,,On ne court plus,16.0,,,Monplaisir,320000.0,,217.0,,"[12, 32, 38]","[32, 12, 38]",CC0 1.0 Universal,7.0,"['noise', 'experimental', 'music for video', 'improvisation', 'free music', 'rock', 'video game', 'royalty free music']",Le jeu de la conversation
18561,2031,22106.0,,On ne court plus,16.0,,,Monplaisir,320000.0,,220.0,,"[12, 32, 38]","[32, 12, 38]",CC0 1.0 Universal,8.0,"['noise', 'experimental', 'music for video', 'improvisation', 'free music', 'rock', 'video game', 'royalty free music']",This is so vain
18562,2032,22106.0,,On ne court plus,16.0,,,Monplaisir,320000.0,,176.0,,"[12, 32, 38]","[32, 12, 38]",CC0 1.0 Universal,9.0,"['noise', 'experimental', 'music for video', 'improvisation', 'free music', 'rock', 'video game', 'royalty free music']",C
18563,2033,22106.0,,On ne court plus,16.0,,,Monplaisir,320000.0,,225.0,,"[12, 32, 38]","[32, 12, 38]",CC0 1.0 Universal,10.0,"['noise', 'experimental', 'music for video', 'improvisation', 'free music', 'rock', 'video game', 'royalty free music']",Strike
18564,2034,22106.0,,On ne court plus,16.0,,,Monplaisir,320000.0,,120.0,,"[12, 32, 38]","[32, 12, 38]",CC0 1.0 Universal,11.0,"['noise', 'experimental', 'music for video', 'improvisation', 'free music', 'rock', 'video game', 'royalty free music']",FUCK ME
18565,2035,22106.0,,On ne court plus,16.0,,,Monplaisir,320000.0,,208.0,,"[12, 32, 38]","[32, 12, 38]",CC0 1.0 Universal,12.0,"['noise', 'experimental', 'music for video', 'improvisation', 'free music', 'rock', 'video game', 'royalty free music']",Forbidden VHS
18566,2036,22106.0,,On ne court plus,16.0,,,Monplaisir,320000.0,,285.0,,"[12, 32, 38]","[32, 12, 38]",CC0 1.0 Universal,13.0,"['noise', 'experimental', 'music for video', 'improvisation', 'free music', 'rock', 'video game', 'royalty free music']",Love you like
18567,2037,22106.0,,On ne court plus,16.0,,,Monplaisir,320000.0,,160.0,,"[12, 32, 38]","[32, 12, 38]",CC0 1.0 Universal,14.0,"['noise', 'experimental', 'music for video', 'improvisation', 'free music', 'rock', 'video game', 'royalty free music']",Walk
18568,2038,22106.0,,On ne court plus,16.0,,,Monplaisir,320000.0,,205.0,,"[12, 32, 38]","[32, 12, 38]",CC0 1.0 Universal,15.0,"['noise', 'experimental', 'music for video', 'improvisation', 'free music', 'rock', 'video game', 'royalty free music']",Call from outerearth
18569,2039,22106.0,,On ne court plus,16.0,,,Monplaisir,320000.0,,396.0,,"[12, 32, 38]","[32, 12, 38]",CC0 1.0 Universal,16.0,"['noise', 'experimental', 'music for video', 'improvisation', 'free music', 'rock', 'video game', 'royalty free music']",To dream a super market
18748,2040,22210.0,,Lack of Feedback,12.0,,,Monplaisir,320000.0,,258.0,,"[32, 38, 359]","[32, 12, 38, 359]",CC0 1.0 Universal,1.0,"['royalty free music', 'free music', 'video game', 'noise', 'music for video', 'shoegaze', 'experimental', 'rock', 'voice', 'vapor', 'folk', 'guitar']",Bonsoir
18749,2041,22210.0,,Lack of Feedback,12.0,,,Monplaisir,320000.0,,290.0,,"[32, 38, 359]","[32, 12, 38, 359]",CC0 1.0 Universal,2.0,"['royalty free music', 'free music', 'video game', 'noise', 'music for video', 'shoegaze', 'experimental', 'rock', 'voice', 'vapor', 'folk', 'guitar']",Bloqué par le cadre
18750,2042,22210.0,,Lack of Feedback,12.0,,,Monplaisir,320000.0,,148.0,,"[32, 38, 359]","[32, 12, 38, 359]",CC0 1.0 Universal,3.0,"['royalty free music', 'free music', 'video game', 'noise', 'music for video', 'shoegaze', 'experimental', 'rock', 'voice', 'vapor', 'folk', 'guitar']",J'ai mangé mon visage
18751,2043,22210.0,,Lack of Feedback,12.0,,,Monplaisir,320000.0,,366.0,,"[32, 38, 359]","[32, 12, 38, 359]",CC0 1.0 Universal,4.0,"['royalty free music', 'free music', 'video game', 'noise', 'music for video', 'shoegaze', 'experimental', 'rock', 'voice', 'vapor', 'folk', 'guitar']",Etincelle
18752,2044,22210.0,,Lack of Feedback,12.0,,,Monplaisir,320000.0,,320.0,,"[32, 38, 359]","[32, 12, 38, 359]",CC0 1.0 Universal,6.0,"['royalty free music', 'free music', 'video game', 'noise', 'music for video', 'shoegaze', 'experimental', 'rock', 'voice', 'vapor', 'folk', 'guitar']",Toi + Moi + Plat du jour et dessert
18753,2045,22210.0,,Lack of Feedback,12.0,,,Monplaisir,320000.0,,166.0,,"[32, 38, 359]","[32, 12, 38, 359]",CC0 1.0 Universal,7.0,"['royalty free music', 'free music', 'video game', 'noise', 'music for video', 'shoegaze', 'experimental', 'rock', 'voice', 'vapor', 'folk', 'guitar']",Des câbles au plafond
18754,2046,22210.0,,Lack of Feedback,12.0,,,Monplaisir,320000.0,,305.0,,"[32, 38, 359]","[32, 12, 38, 359]",CC0 1.0 Universal,8.0,"['royalty free music', 'free music', 'video game', 'noise', 'music for video', 'shoegaze', 'experimental', 'rock', 'voice', 'vapor', 'folk', 'guitar']",Hors du cadre
18755,2047,22210.0,,Lack of Feedback,12.0,,,Monplaisir,320000.0,,156.0,,"[32, 38, 359]","[32, 12, 38, 359]",CC0 1.0 Universal,9.0,"['royalty free music', 'free music', 'video game', 'noise', 'music for video', 'shoegaze', 'experimental', 'rock', 'voice', 'vapor', 'folk', 'guitar']",Un message pour toi
18756,2048,22210.0,,Lack of Feedback,12.0,,,Monplaisir,320000.0,,399.0,,"[32, 38, 359]","[32, 12, 38, 359]",CC0 1.0 Universal,10.0,"['royalty free music', 'free music', 'video game', 'noise', 'music for video', 'shoegaze', 'experimental', 'rock', 'voice', 'vapor', 'folk', 'guitar']",Plongée dans l'eau gelée
18757,2049,22210.0,,Lack of Feedback,12.0,,,Monplaisir,320000.0,,205.0,,"[32, 38, 359]","[32, 12, 38, 359]",CC0 1.0 Universal,11.0,"['royalty free music', 'free music', 'video game', 'noise', 'music for video', 'shoegaze', 'experimental', 'rock', 'voice', 'vapor', 'folk', 'guitar']","J'ai dormi, rêvé peut-être ?"
18758,2050,22210.0,,Lack of Feedback,12.0,,,Monplaisir,320000.0,,48.0,,"[32, 38, 359]","[32, 12, 38, 359]",CC0 1.0 Universal,5.0,"['royalty free music', 'free music', 'video game', 'noise', 'music for video', 'shoegaze', 'experimental', 'rock', 'voice', 'vapor', 'folk', 'guitar']",Clipping is magic
19082,2051,22520.0,,Petite Nature Vivante,23.0,,,BG du 72,320000.0,,61.0,,"[32, 76, 77, 362]","[32, 2, 38, 10, 362, 76, 77]",CC0 1.0 Universal,3.0,[],Glace à l'eau
19083,2052,22520.0,,Petite Nature Vivante,23.0,,,BG du 72,320000.0,,52.0,,"[32, 76, 77, 362]","[32, 2, 38, 10, 362, 76, 77]",CC0 1.0 Universal,4.0,[],Lâche
19084,2053,22520.0,,Petite Nature Vivante,23.0,,,BG du 72,320000.0,,127.0,,"[32, 76, 77, 362]","[32, 2, 38, 10, 362, 76, 77]",CC0 1.0 Universal,5.0,[],Frapper
19085,2054,22520.0,,Petite Nature Vivante,23.0,,,BG du 72,320000.0,,46.0,,"[32, 76, 77, 362]","[32, 2, 38, 10, 362, 76, 77]",CC0 1.0 Universal,6.0,[],Mascu
19086,2055,22520.0,,Petite Nature Vivante,23.0,,,BG du 72,320000.0,,53.0,,"[32, 76, 77, 362]","[32, 2, 38, 10, 362, 76, 77]",CC0 1.0 Universal,7.0,[],Je vous ai menti
19087,2056,22520.0,,Petite Nature Vivante,23.0,,,BG du 72,320000.0,,121.0,,"[32, 76, 77, 362]","[32, 2, 38, 10, 362, 76, 77]",CC0 1.0 Universal,8.0,[],Ne m'excuse pas
19088,2057,22520.0,,Petite Nature Vivante,23.0,,,BG du 72,320000.0,,120.0,,"[32, 76, 77, 362]","[32, 2, 38, 10, 362, 76, 77]",CC0 1.0 Universal,2.0,[],Vous êtes belleaux
19089,2058,22520.0,,Petite Nature Vivante,23.0,,,BG du 72,320000.0,,52.0,,"[32, 76, 77, 362]","[32, 2, 38, 10, 362, 76, 77]",CC0 1.0 Universal,1.0,[],Une heure
19100,2059,22544.0,,Baisers de Sonora,30.0,Album,,Monplaisir,320000.0,,263.0,,"[17, 18, 38]","[17, 18, 1235, 38]",CC0 1.0 Universal,4.0,"['royalty free music', 'death country', 'folk', 'music for video', 'dark americana', 'gothic country', 'soundtrack', 'psych folk', 'savage detectives']",Impala / Camaro
19101,2060,22544.0,,Baisers de Sonora,30.0,Album,,Monplaisir,320000.0,,198.0,,"[17, 18, 38]","[17, 18, 1235, 38]",CC0 1.0 Universal,7.0,"['royalty free music', 'death country', 'folk', 'music for video', 'dark americana', 'gothic country', 'soundtrack', 'psych folk', 'savage detectives']",Belano
19102,2061,22544.0,,Baisers de Sonora,30.0,Album,,Monplaisir,320000.0,,213.0,,"[17, 18, 38]","[17, 18, 1235, 38]",CC0 1.0 Universal,8.0,"['royalty free music', 'death country', 'folk', 'music for video', 'dark americana', 'gothic country', 'soundtrack', 'psych folk', 'savage detectives']",Pela Divina
19103,2062,22544.0,,Baisers de Sonora,30.0,Album,,Monplaisir,320000.0,,169.0,,"[17, 18, 38]","[17, 18, 1235, 38]",CC0 1.0 Universal,10.0,"['royalty free music', 'death country', 'folk', 'music for video', 'dark americana', 'gothic country', 'soundtrack', 'psych folk', 'savage detectives']",Maria
19104,2063,22544.0,,Baisers de Sonora,30.0,Album,,Monplaisir,320000.0,,338.0,,"[17, 18, 38]","[17, 18, 1235, 38]",CC0 1.0 Universal,2.0,"['royalty free music', 'death country', 'folk', 'music for video', 'dark americana', 'gothic country', 'soundtrack', 'psych folk', 'savage detectives']",Lima
19105,2064,22544.0,,Baisers de Sonora,30.0,Album,,Monplaisir,320000.0,,187.0,,"[17, 18, 38]","[17, 18, 1235, 38]",CC0 1.0 Universal,9.0,"['royalty free music', 'death country', 'folk', 'music for video', 'dark americana', 'gothic country', 'soundtrack', 'psych folk', 'savage detectives']",Tinajero
19106,2065,22544.0,,Baisers de Sonora,30.0,Album,,Monplaisir,320000.0,,193.0,,"[17, 18, 38]","[17, 18, 1235, 38]",CC0 1.0 Universal,11.0,"['royalty free music', 'death country', 'folk', 'music for video', 'dark americana', 'gothic country', 'soundtrack', 'psych folk', 'savage detectives']",Realismo Visceral
19107,2066,22544.0,,Baisers de Sonora,30.0,Album,,Monplaisir,320000.0,,170.0,,"[17, 18, 38]","[17, 18, 1235, 38]",CC0 1.0 Universal,12.0,"['royalty free music', 'death country', 'folk', 'music for video', 'dark americana', 'gothic country', 'soundtrack', 'psych folk', 'savage detectives']",Requena
19108,2067,22544.0,,Baisers de Sonora,30.0,Album,,Monplaisir,320000.0,,161.0,,"[17, 18, 38]","[17, 18, 1235, 38]",CC0 1.0 Universal,14.0,"['royalty free music', 'death country', 'folk', 'music for video', 'dark americana', 'gothic country', 'soundtrack', 'psych folk', 'savage detectives']",All that begins in comedy ends in tragedy
19109,2068,22544.0,,Baisers de Sonora,30.0,Album,,Monplaisir,320000.0,,441.0,,"[17, 18, 38]","[17, 18, 1235, 38]",CC0 1.0 Universal,1.0,"['royalty free music', 'death country', 'folk', 'music for video', 'dark americana', 'gothic country', 'soundtrack', 'psych folk', 'savage detectives']",Lupe
19110,2069,22544.0,,Baisers de Sonora,30.0,Album,,Monplaisir,320000.0,,101.0,,"[17, 18, 38]","[17, 18, 1235, 38]",CC0 1.0 Universal,3.0,"['royalty free music', 'death country', 'folk', 'music for video', 'dark americana', 'gothic country', 'soundtrack', 'psych folk', 'savage detectives']",Sonora
19111,2070,22544.0,,Baisers de Sonora,30.0,Album,,Monplaisir,320000.0,,205.0,,"[17, 18, 38]","[17, 18, 1235, 38]",CC0 1.0 Universal,5.0,"['royalty free music', 'death country', 'folk', 'music for video', 'dark americana', 'gothic country', 'soundtrack', 'psych folk', 'savage detectives']","Sword fight, are we still in a dream ?"
19112,2071,22544.0,,Baisers de Sonora,30.0,Album,,Monplaisir,320000.0,,177.0,,"[17, 18, 38]","[17, 18, 1235, 38]",CC0 1.0 Universal,13.0,"['royalty free music', 'death country', 'folk', 'music for video', 'dark americana', 'gothic country', 'soundtrack', 'psych folk', 'savage detectives']",Mexico DF 1996
19113,2072,22544.0,,Baisers de Sonora,30.0,Album,,Monplaisir,320000.0,,204.0,,"[17, 18, 38]","[17, 18, 1235, 38]",CC0 1.0 Universal,6.0,"['royalty free music', 'death country', 'folk', 'music for video', 'dark americana', 'gothic country', 'soundtrack', 'psych folk', 'savage detectives']",Heimito
19136,2073,22599.0,,Le chant des Stompbox,13.0,,,Monplaisir,320000.0,,176.0,,"[12, 32, 38]","[32, 12, 38]",CC0 1.0 Universal,1.0,"['one shot', 'royalty free music', 'free music', 'effect pedals', 'improvisation', 'noise rock', 'looper', 'agata style', 'guitar', 'noise', 'solo guitar', 'experimental']",Dépression post bad
19137,2074,22599.0,,Le chant des Stompbox,13.0,,,Monplaisir,320000.0,,322.0,,"[12, 32, 38]","[32, 12, 38]",CC0 1.0 Universal,2.0,"['one shot', 'royalty free music', 'free music', 'effect pedals', 'improvisation', 'noise rock', 'looper', 'agata style', 'guitar', 'noise', 'solo guitar', 'experimental']",Débordement
19138,2075,22599.0,,Le chant des Stompbox,13.0,,,Monplaisir,320000.0,,393.0,,"[12, 32, 38]","[32, 12, 38]",CC0 1.0 Universal,3.0,"['one shot', 'royalty free music', 'free music', 'effect pedals', 'improvisation', 'noise rock', 'looper', 'agata style', 'guitar', 'noise', 'solo guitar', 'experimental']",Ca avait l'air d'être facile
19139,2076,22599.0,,Le chant des Stompbox,13.0,,,Monplaisir,320000.0,,427.0,,"[12, 32, 38]","[32, 12, 38]",CC0 1.0 Universal,4.0,"['one shot', 'royalty free music', 'free music', 'effect pedals', 'improvisation', 'noise rock', 'looper', 'agata style', 'guitar', 'noise', 'solo guitar', 'experimental']",Ceci n'est pas un exercice
19140,2077,22599.0,,Le chant des Stompbox,13.0,,,Monplaisir,320000.0,,448.0,,"[12, 32, 38]","[32, 12, 38]",CC0 1.0 Universal,5.0,"['one shot', 'royalty free music', 'free music', 'effect pedals', 'improvisation', 'noise rock', 'looper', 'agata style', 'guitar', 'noise', 'solo guitar', 'experimental']",Réalité Trémolotée
19141,2078,22599.0,,Le chant des Stompbox,13.0,,,Monplaisir,320000.0,,746.0,,"[12, 32, 38]","[32, 12, 38]",CC0 1.0 Universal,6.0,"['one shot', 'royalty free music', 'free music', 'effect pedals', 'improvisation', 'noise rock', 'looper', 'agata style', 'guitar', 'noise', 'solo guitar', 'experimental']","Des oiseaux, à perte de vue"
19142,2079,22599.0,,Le chant des Stompbox,13.0,,,Monplaisir,320000.0,,314.0,,"[12, 32, 38]","[32, 12, 38]",CC0 1.0 Universal,7.0,"['one shot', 'royalty free music', 'free music', 'effect pedals', 'improvisation', 'noise rock', 'looper', 'agata style', 'guitar', 'noise', 'solo guitar', 'experimental']",Cette histoire n'a pas de fin
19143,2080,22599.0,,Le chant des Stompbox,13.0,,,Monplaisir,320000.0,,559.0,,"[12, 32, 38]","[32, 12, 38]",CC0 1.0 Universal,8.0,"['one shot', 'royalty free music', 'free music', 'effect pedals', 'improvisation', 'noise rock', 'looper', 'agata style', 'guitar', 'noise', 'solo guitar', 'experimental']",Comme ces morceaux longs et chiants des albums de tes parents
19144,2081,22599.0,,Le chant des Stompbox,13.0,,,Monplaisir,320000.0,,369.0,,"[12, 32, 38]","[32, 12, 38]",CC0 1.0 Universal,9.0,"['one shot', 'royalty free music', 'free music', 'effect pedals', 'improvisation', 'noise rock', 'looper', 'agata style', 'guitar', 'noise', 'solo guitar', 'experimental']",J'ai eu peur alors j'ai fui
19145,2082,22599.0,,Le chant des Stompbox,13.0,,,Monplaisir,320000.0,,343.0,,"[12, 32, 38]","[32, 12, 38]",CC0 1.0 Universal,10.0,"['one shot', 'royalty free music', 'free music', 'effect pedals', 'improvisation', 'noise rock', 'looper', 'agata style', 'guitar', 'noise', 'solo guitar', 'experimental']",Tu vois le genre
19146,2083,22599.0,,Le chant des Stompbox,13.0,,,Monplaisir,320000.0,,544.0,,"[12, 32, 38]","[32, 12, 38]",CC0 1.0 Universal,11.0,"['one shot', 'royalty free music', 'free music', 'effect pedals', 'improvisation', 'noise rock', 'looper', 'agata style', 'guitar', 'noise', 'solo guitar', 'experimental']",Une cathedrale au fond de mon sac
19147,2084,22599.0,,Le chant des Stompbox,13.0,,,Monplaisir,320000.0,,371.0,,"[12, 32, 38]","[32, 12, 38]",CC0 1.0 Universal,12.0,"['one shot', 'royalty free music', 'free music', 'effect pedals', 'improvisation', 'noise rock', 'looper', 'agata style', 'guitar', 'noise', 'solo guitar', 'experimental']",Les anges ne savent pas chanter
19148,2085,22599.0,,Le chant des Stompbox,13.0,,,Monplaisir,320000.0,,628.0,,"[12, 32, 38]","[32, 12, 38]",CC0 1.0 Universal,13.0,"['one shot', 'royalty free music', 'free music', 'effect pedals', 'improvisation', 'noise rock', 'looper', 'agata style', 'guitar', 'noise', 'solo guitar', 'experimental']",Tu n'es pas prêt.e
19153,2086,22622.0,,Vaisselle Sale,8.0,,,Alpha Hydrae,320000.0,,470.0,,"[38, 53, 250]","[38, 12, 45, 53, 250]",CC0 1.0 Universal,1.0,"['royalty free music', 'guitar solo', 'noise', 'free music', 'one shot', 'ichirou agata style', 'noise guitar', 'effect pedals', 'noise rock']",Poumpoumpoum
19154,2087,22622.0,,Vaisselle Sale,8.0,,,Alpha Hydrae,320000.0,,191.0,,"[38, 53, 250]","[38, 12, 45, 53, 250]",CC0 1.0 Universal,2.0,"['royalty free music', 'guitar solo', 'noise', 'free music', 'one shot', 'ichirou agata style', 'noise guitar', 'effect pedals', 'noise rock']",Burnt steak
19155,2088,22622.0,,Vaisselle Sale,8.0,,,Alpha Hydrae,320000.0,,327.0,,"[38, 53, 250]","[38, 12, 45, 53, 250]",CC0 1.0 Universal,3.0,"['royalty free music', 'guitar solo', 'noise', 'free music', 'one shot', 'ichirou agata style', 'noise guitar', 'effect pedals', 'noise rock']",Bolduc
19156,2089,22622.0,,Vaisselle Sale,8.0,,,Alpha Hydrae,320000.0,,801.0,,"[38, 53, 250]","[38, 12, 45, 53, 250]",CC0 1.0 Universal,4.0,"['royalty free music', 'guitar solo', 'noise', 'free music', 'one shot', 'ichirou agata style', 'noise guitar', 'effect pedals', 'noise rock']",Drôle de voix dans l'évier
19157,2090,22622.0,,Vaisselle Sale,8.0,,,Alpha Hydrae,320000.0,,560.0,,"[38, 53, 250]","[38, 12, 45, 53, 250]",CC0 1.0 Universal,5.0,"['royalty free music', 'guitar solo', 'noise', 'free music', 'one shot', 'ichirou agata style', 'noise guitar', 'effect pedals', 'noise rock']",Baleine de brasier
19158,2091,22622.0,,Vaisselle Sale,8.0,,,Alpha Hydrae,320000.0,,158.0,,"[38, 53, 250]","[38, 12, 45, 53, 250]",CC0 1.0 Universal,6.0,"['royalty free music', 'guitar solo', 'noise', 'free music', 'one shot', 'ichirou agata style', 'noise guitar', 'effect pedals', 'noise rock']",Dessert
19159,2092,22622.0,,Vaisselle Sale,8.0,,,Alpha Hydrae,320000.0,,597.0,,"[38, 53, 250]","[38, 12, 45, 53, 250]",CC0 1.0 Universal,7.0,"['royalty free music', 'guitar solo', 'noise', 'free music', 'one shot', 'ichirou agata style', 'noise guitar', 'effect pedals', 'noise rock']",Cette gorgée était celle de trop
19160,2093,22622.0,,Vaisselle Sale,8.0,,,Alpha Hydrae,320000.0,,585.0,,"[38, 53, 250]","[38, 12, 45, 53, 250]",CC0 1.0 Universal,8.0,"['royalty free music', 'guitar solo', 'noise', 'free music', 'one shot', 'ichirou agata style', 'noise guitar', 'effect pedals', 'noise rock']",Futur dans le feu
19161,2094,22623.0,,Relaxing Ukulele,8.0,,,Monplaisir,320000.0,,136.0,,"[17, 18]","[17, 18, 1235]",CC0 1.0 Universal,1.0,[],"Red Hair, Blue Sky"
19162,2095,22623.0,,Relaxing Ukulele,8.0,,,Monplaisir,320000.0,,101.0,,"[17, 18]","[17, 18, 1235]",CC0 1.0 Universal,2.0,[],Sincere Love
19163,2096,22623.0,,Relaxing Ukulele,8.0,,,Monplaisir,320000.0,,115.0,,"[17, 18]","[17, 18, 1235]",CC0 1.0 Universal,3.0,[],Time Gap
19164,2097,22623.0,,Relaxing Ukulele,8.0,,,Monplaisir,320000.0,,109.0,,"[17, 18]","[17, 18, 1235]",CC0 1.0 Universal,4.0,[],First
19165,2098,22623.0,,Relaxing Ukulele,8.0,,,Monplaisir,320000.0,,133.0,,"[17, 18]","[17, 18, 1235]",CC0 1.0 Universal,5.0,[],Stay Quiet
19166,2099,22623.0,,Relaxing Ukulele,8.0,,,Monplaisir,320000.0,,118.0,,"[17, 18]","[17, 18, 1235]",CC0 1.0 Universal,6.0,[],"On the road, looking at your feet"
19167,2100,22623.0,,Relaxing Ukulele,8.0,,,Monplaisir,320000.0,,165.0,,"[17, 18]","[17, 18, 1235]",CC0 1.0 Universal,7.0,[],Floating Temple
19168,2101,22623.0,,Relaxing Ukulele,8.0,,,Monplaisir,320000.0,,158.0,,"[17, 18]","[17, 18, 1235]",CC0 1.0 Universal,8.0,[],Hop
19220,2102,22652.0,,Free To Use,13.0,,,Monplaisir,320000.0,,192.0,,"[17, 18, 1235]","[17, 18, 1235]",CC0 1.0 Universal,1.0,"['prepared guitar', 'folk', 'fingerstyle', 'royalty free music', 'improvisation', 'instrumental', 'music for videos', 'guitar', 'ambiant']",Free To Use 1
19221,2103,22652.0,,Free To Use,13.0,,,Monplaisir,320000.0,,155.0,,"[17, 18, 1235]","[17, 18, 1235]",CC0 1.0 Universal,2.0,"['prepared guitar', 'folk', 'fingerstyle', 'royalty free music', 'improvisation', 'instrumental', 'music for videos', 'guitar', 'ambiant']",Free To Use 2
19222,2104,22652.0,,Free To Use,13.0,,,Monplaisir,320000.0,,186.0,,"[17, 18, 1235]","[17, 18, 1235]",CC0 1.0 Universal,3.0,"['prepared guitar', 'folk', 'fingerstyle', 'royalty free music', 'improvisation', 'instrumental', 'music for videos', 'guitar', 'ambiant']",Free To Use 3
19223,2105,22652.0,,Free To Use,13.0,,,Monplaisir,320000.0,,85.0,,"[17, 18, 1235]","[17, 18, 1235]",CC0 1.0 Universal,4.0,"['prepared guitar', 'folk', 'fingerstyle', 'royalty free music', 'improvisation', 'instrumental', 'music for videos', 'guitar', 'ambiant']",Free To Use 4
19224,2106,22652.0,,Free To Use,13.0,,,Monplaisir,320000.0,,88.0,,"[17, 18, 1235]","[17, 18, 1235]",CC0 1.0 Universal,5.0,"['prepared guitar', 'folk', 'fingerstyle', 'royalty free music', 'improvisation', 'instrumental', 'music for videos', 'guitar', 'ambiant']",Free To Use 5
19225,2107,22652.0,,Free To Use,13.0,,,Monplaisir,320000.0,,101.0,,"[17, 18, 1235]","[17, 18, 1235]",CC0 1.0 Universal,6.0,"['prepared guitar', 'folk', 'fingerstyle', 'royalty free music', 'improvisation', 'instrumental', 'music for videos', 'guitar', 'ambiant']",Free To Use 6
19226,2108,22652.0,,Free To Use,13.0,,,Monplaisir,320000.0,,48.0,,"[17, 18, 1235]","[17, 18, 1235]",CC0 1.0 Universal,7.0,"['prepared guitar', 'folk', 'fingerstyle', 'royalty free music', 'improvisation', 'instrumental', 'music for videos', 'guitar', 'ambiant']",Free To Use 7
19227,2109,22652.0,,Free To Use,13.0,,,Monplaisir,320000.0,,60.0,,"[17, 18, 1235]","[17, 18, 1235]",CC0 1.0 Universal,8.0,"['prepared guitar', 'folk', 'fingerstyle', 'royalty free music', 'improvisation', 'instrumental', 'music for videos', 'guitar', 'ambiant']",Free To Use 8
19228,2110,22652.0,,Free To Use,13.0,,,Monplaisir,320000.0,,182.0,,"[17, 18, 1235]","[17, 18, 1235]",CC0 1.0 Universal,9.0,"['prepared guitar', 'folk', 'fingerstyle', 'royalty free music', 'improvisation', 'instrumental', 'music for videos', 'guitar', 'ambiant']",Free To Use 9
19229,2111,22652.0,,Free To Use,13.0,,,Monplaisir,320000.0,,76.0,,"[17, 18, 1235]","[17, 18, 1235]",CC0 1.0 Universal,10.0,"['prepared guitar', 'folk', 'fingerstyle', 'royalty free music', 'improvisation', 'instrumental', 'music for videos', 'guitar', 'ambiant']",Free To Use 10
19230,2112,22652.0,,Free To Use,13.0,,,Monplaisir,320000.0,,163.0,,"[17, 18, 1235]","[17, 18, 1235]",CC0 1.0 Universal,11.0,"['prepared guitar', 'folk', 'fingerstyle', 'royalty free music', 'improvisation', 'instrumental', 'music for videos', 'guitar', 'ambiant']",Free To Use 11
19231,2113,22652.0,,Free To Use,13.0,,,Monplaisir,320000.0,,113.0,,"[17, 18, 1235]","[17, 18, 1235]",CC0 1.0 Universal,12.0,"['prepared guitar', 'folk', 'fingerstyle', 'royalty free music', 'improvisation', 'instrumental', 'music for videos', 'guitar', 'ambiant']",Free To Use 12
19232,2114,22652.0,,Free To Use,13.0,,,Monplaisir,320000.0,,199.0,,"[17, 18, 1235]","[17, 18, 1235]",CC0 1.0 Universal,13.0,"['prepared guitar', 'folk', 'fingerstyle', 'royalty free music', 'improvisation', 'instrumental', 'music for videos', 'guitar', 'ambiant']",Free To Use 13
19234,2115,22656.0,,Fifty seconds of rain,8.0,,,Monplaisir,320000.0,,121.0,,"[17, 1235]","[17, 1235]",CC0 1.0 Universal,1.0,"['music for video', 'royalty free music', 'video games', 'classic guitar', 'improvisation', 'guitar', 'ine shot', 'ambiant', 'freemusic', 'solo']",No need to
19235,2116,22656.0,,Fifty seconds of rain,8.0,,,Monplaisir,320000.0,,136.0,,"[17, 1235]","[17, 1235]",CC0 1.0 Universal,2.0,"['music for video', 'royalty free music', 'video games', 'classic guitar', 'improvisation', 'guitar', 'ine shot', 'ambiant', 'freemusic', 'solo']",Close to you
19236,2117,22656.0,,Fifty seconds of rain,8.0,,,Monplaisir,320000.0,,141.0,,"[17, 1235]","[17, 1235]",CC0 1.0 Universal,3.0,"['music for video', 'royalty free music', 'video games', 'classic guitar', 'improvisation', 'guitar', 'ine shot', 'ambiant', 'freemusic', 'solo']",Narcissus smells like headache
19237,2118,22656.0,,Fifty seconds of rain,8.0,,,Monplaisir,320000.0,,94.0,,"[17, 1235]","[17, 1235]",CC0 1.0 Universal,4.0,"['music for video', 'royalty free music', 'video games', 'classic guitar', 'improvisation', 'guitar', 'ine shot', 'ambiant', 'freemusic', 'solo']",Skysand
19238,2119,22656.0,,Fifty seconds of rain,8.0,,,Monplaisir,320000.0,,304.0,,"[17, 1235]","[17, 1235]",CC0 1.0 Universal,5.0,"['music for video', 'royalty free music', 'video games', 'classic guitar', 'improvisation', 'guitar', 'ine shot', 'ambiant', 'freemusic', 'solo']",Spell me your love
19239,2120,22656.0,,Fifty seconds of rain,8.0,,,Monplaisir,320000.0,,116.0,,"[17, 1235]","[17, 1235]",CC0 1.0 Universal,6.0,"['music for video', 'royalty free music', 'video games', 'classic guitar', 'improvisation', 'guitar', 'ine shot', 'ambiant', 'freemusic', 'solo']",Waves
19240,2121,22656.0,,Fifty seconds of rain,8.0,,,Monplaisir,320000.0,,178.0,,"[17, 1235]","[17, 1235]",CC0 1.0 Universal,7.0,"['music for video', 'royalty free music', 'video games', 'classic guitar', 'improvisation', 'guitar', 'ine shot', 'ambiant', 'freemusic', 'solo']",Try to do something
19241,2122,22656.0,,Fifty seconds of rain,8.0,,,Monplaisir,320000.0,,253.0,,"[17, 1235]","[17, 1235]",CC0 1.0 Universal,8.0,"['music for video', 'royalty free music', 'video games', 'classic guitar', 'improvisation', 'guitar', 'ine shot', 'ambiant', 'freemusic', 'solo']",This is not a rock song
19249,2123,22688.0,,It's time for adventure ! vol 3,9.0,,,Komiku,320000.0,,140.0,,"[17, 18, 38]","[17, 18, 1235, 38]",CC0 1.0 Universal,1.0,"['joy', 'classical guitar', 'keyboard', 'music for videogame', 'free music', 'folk', 'ambiant', 'toy', 'music for video', 'sad', 'melodica', 'battle theme', 'videogame', 'royalty free music', 'j-rpg', 'rpg']",Childhood scene
19250,2124,22688.0,,It's time for adventure ! vol 3,9.0,,,Komiku,320000.0,,210.0,,"[17, 18, 38]","[17, 18, 1235, 38]",CC0 1.0 Universal,2.0,"['joy', 'classical guitar', 'keyboard', 'music for videogame', 'free music', 'folk', 'ambiant', 'toy', 'music for video', 'sad', 'melodica', 'battle theme', 'videogame', 'royalty free music', 'j-rpg', 'rpg']",The first person crossing the bridge since a century
19251,2125,22688.0,,It's time for adventure ! vol 3,9.0,,,Komiku,320000.0,,297.0,,"[17, 18, 38]","[17, 18, 1235, 38]",CC0 1.0 Universal,3.0,"['joy', 'classical guitar', 'keyboard', 'music for videogame', 'free music', 'folk', 'ambiant', 'toy', 'music for video', 'sad', 'melodica', 'battle theme', 'videogame', 'royalty free music', 'j-rpg', 'rpg']","Big person, tiny cities (world map's theme)"
19252,2126,22688.0,,It's time for adventure ! vol 3,9.0,,,Komiku,320000.0,,228.0,,"[17, 18, 38]","[17, 18, 1235, 38]",CC0 1.0 Universal,4.0,"['joy', 'classical guitar', 'keyboard', 'music for videogame', 'free music', 'folk', 'ambiant', 'toy', 'music for video', 'sad', 'melodica', 'battle theme', 'videogame', 'royalty free music', 'j-rpg', 'rpg']","Save me from my prison, heroic principal character"
19253,2127,22688.0,,It's time for adventure ! vol 3,9.0,,,Komiku,320000.0,,281.0,,"[17, 18, 38]","[17, 18, 1235, 38]",CC0 1.0 Universal,5.0,"['joy', 'classical guitar', 'keyboard', 'music for videogame', 'free music', 'folk', 'ambiant', 'toy', 'music for video', 'sad', 'melodica', 'battle theme', 'videogame', 'royalty free music', 'j-rpg', 'rpg']",How to evade a place with no wall
19254,2128,22688.0,,It's time for adventure ! vol 3,9.0,,,Komiku,320000.0,,156.0,,"[17, 18, 38]","[17, 18, 1235, 38]",CC0 1.0 Universal,6.0,"['joy', 'classical guitar', 'keyboard', 'music for videogame', 'free music', 'folk', 'ambiant', 'toy', 'music for video', 'sad', 'melodica', 'battle theme', 'videogame', 'royalty free music', 'j-rpg', 'rpg']",A good bass for gambling
19255,2129,22688.0,,It's time for adventure ! vol 3,9.0,,,Komiku,320000.0,,185.0,,"[17, 18, 38]","[17, 18, 1235, 38]",CC0 1.0 Universal,7.0,"['joy', 'classical guitar', 'keyboard', 'music for videogame', 'free music', 'folk', 'ambiant', 'toy', 'music for video', 'sad', 'melodica', 'battle theme', 'videogame', 'royalty free music', 'j-rpg', 'rpg']",The place that never get old
19256,2130,22688.0,,It's time for adventure ! vol 3,9.0,,,Komiku,320000.0,,212.0,,"[17, 18, 38]","[17, 18, 1235, 38]",CC0 1.0 Universal,8.0,"['joy', 'classical guitar', 'keyboard', 'music for videogame', 'free music', 'folk', 'ambiant', 'toy', 'music for video', 'sad', 'melodica', 'battle theme', 'videogame', 'royalty free music', 'j-rpg', 'rpg']",Decisive battle with the childhood friend
19257,2131,22688.0,,It's time for adventure ! vol 3,9.0,,,Komiku,320000.0,,314.0,,"[17, 18, 38]","[17, 18, 1235, 38]",CC0 1.0 Universal,9.0,"['joy', 'classical guitar', 'keyboard', 'music for videogame', 'free music', 'folk', 'ambiant', 'toy', 'music for video', 'sad', 'melodica', 'battle theme', 'videogame', 'royalty free music', 'j-rpg', 'rpg']","You, yourself and the main character"
19391,2132,22778.0,,Back of Feedlack,11.0,,,Monplaisir,320000.0,,165.0,,"[12, 32, 38]","[32, 12, 38]",CC0 1.0 Universal,1.0,[],The Break
19392,2133,22778.0,,Back of Feedlack,11.0,,,Monplaisir,320000.0,,245.0,,"[12, 32, 38]","[32, 12, 38]",CC0 1.0 Universal,2.0,[],To Lose
19393,2134,22778.0,,Back of Feedlack,11.0,,,Monplaisir,320000.0,,102.0,,"[12, 32, 38]","[32, 12, 38]",CC0 1.0 Universal,3.0,[],Could have been a hit from summer
19394,2135,22778.0,,Back of Feedlack,11.0,,,Monplaisir,320000.0,,175.0,,"[12, 32, 38]","[32, 12, 38]",CC0 1.0 Universal,4.0,[],The Bird and The Rainbow
19395,2136,22778.0,,Back of Feedlack,11.0,,,Monplaisir,320000.0,,257.0,,"[12, 32, 38]","[32, 12, 38]",CC0 1.0 Universal,5.0,[],The Discipline
19396,2137,22778.0,,Back of Feedlack,11.0,,,Monplaisir,320000.0,,167.0,,"[12, 32, 38]","[32, 12, 38]",CC0 1.0 Universal,6.0,[],Lost somewhere between the sleep and the wake
19397,2138,22778.0,,Back of Feedlack,11.0,,,Monplaisir,320000.0,,205.0,,"[12, 32, 38]","[32, 12, 38]",CC0 1.0 Universal,7.0,[],Stonehead
19398,2139,22778.0,,Back of Feedlack,11.0,,,Monplaisir,320000.0,,353.0,,"[12, 32, 38]","[32, 12, 38]",CC0 1.0 Universal,8.0,[],Sans retour
19399,2140,22778.0,,Back of Feedlack,11.0,,,Monplaisir,320000.0,,278.0,,"[12, 32, 38]","[32, 12, 38]",CC0 1.0 Universal,9.0,[],Pigeon
19400,2141,22778.0,,Back of Feedlack,11.0,,,Monplaisir,320000.0,,67.0,,"[12, 32, 38]","[32, 12, 38]",CC0 1.0 Universal,10.0,[],Curve
19401,2142,22778.0,,Back of Feedlack,11.0,,,Monplaisir,320000.0,,107.0,,"[12, 32, 38]","[32, 12, 38]",CC0 1.0 Universal,11.0,[],Hahaha
19494,2143,22816.0,,Space Porn,9.0,,,Monplaisir,320000.0,,237.0,,"[12, 32, 359]","[32, 12, 38, 359]",CC0 1.0 Universal,1.0,"['reverb', 'instrumental', 'noisy', 'royalty free music', 'ambiant', 'distorsion', 'creative commons 0', 'pop', 'shoegaze', 'shoegazing', 'noise rock', 'shoegazer', 'stargaze']",Yellow Star
19495,2144,22816.0,,Space Porn,9.0,,,Monplaisir,320000.0,,156.0,,"[12, 32, 359]","[32, 12, 38, 359]",CC0 1.0 Universal,2.0,"['reverb', 'instrumental', 'noisy', 'royalty free music', 'ambiant', 'distorsion', 'creative commons 0', 'pop', 'shoegaze', 'shoegazing', 'noise rock', 'shoegazer', 'stargaze']","Love is love, You is love"
19496,2145,22816.0,,Space Porn,9.0,,,Monplaisir,320000.0,,189.0,,"[12, 32, 359]","[32, 12, 38, 359]",CC0 1.0 Universal,3.0,"['reverb', 'instrumental', 'noisy', 'royalty free music', 'ambiant', 'distorsion', 'creative commons 0', 'pop', 'shoegaze', 'shoegazing', 'noise rock', 'shoegazer', 'stargaze']",Super Ray
19497,2146,22816.0,,Space Porn,9.0,,,Monplaisir,320000.0,,119.0,,"[12, 32, 359]","[32, 12, 38, 359]",CC0 1.0 Universal,4.0,"['reverb', 'instrumental', 'noisy', 'royalty free music', 'ambiant', 'distorsion', 'creative commons 0', 'pop', 'shoegaze', 'shoegazing', 'noise rock', 'shoegazer', 'stargaze']",Protect
19498,2147,22816.0,,Space Porn,9.0,,,Monplaisir,320000.0,,225.0,,"[12, 32, 359]","[32, 12, 38, 359]",CC0 1.0 Universal,5.0,"['reverb', 'instrumental', 'noisy', 'royalty free music', 'ambiant', 'distorsion', 'creative commons 0', 'pop', 'shoegaze', 'shoegazing', 'noise rock', 'shoegazer', 'stargaze']",Overdriven Rain
19499,2148,22816.0,,Space Porn,9.0,,,Monplaisir,320000.0,,66.0,,"[12, 32, 359]","[32, 12, 38, 359]",CC0 1.0 Universal,6.0,"['reverb', 'instrumental', 'noisy', 'royalty free music', 'ambiant', 'distorsion', 'creative commons 0', 'pop', 'shoegaze', 'shoegazing', 'noise rock', 'shoegazer', 'stargaze']",Lonely Planet
19500,2149,22816.0,,Space Porn,9.0,,,Monplaisir,320000.0,,308.0,,"[12, 32, 359]","[32, 12, 38, 359]",CC0 1.0 Universal,7.0,"['reverb', 'instrumental', 'noisy', 'royalty free music', 'ambiant', 'distorsion', 'creative commons 0', 'pop', 'shoegaze', 'shoegazing', 'noise rock', 'shoegazer', 'stargaze']",Dance
19501,2150,22816.0,,Space Porn,9.0,,,Monplaisir,320000.0,,268.0,,"[12, 32, 359]","[32, 12, 38, 359]",CC0 1.0 Universal,8.0,"['reverb', 'instrumental', 'noisy', 'royalty free music', 'ambiant', 'distorsion', 'creative commons 0', 'pop', 'shoegaze', 'shoegazing', 'noise rock', 'shoegazer', 'stargaze']",Stargazer
19502,2151,22816.0,,Space Porn,9.0,,,Monplaisir,320000.0,,185.0,,"[12, 32, 359]","[32, 12, 38, 359]",CC0 1.0 Universal,9.0,"['reverb', 'instrumental', 'noisy', 'royalty free music', 'ambiant', 'distorsion', 'creative commons 0', 'pop', 'shoegaze', 'shoegazing', 'noise rock', 'shoegazer', 'stargaze']",Breakdown
19560,2152,22852.0,,A Monplaisir Best-Of ! Let's hear that crap.,41.0,,,Alpha Hydrae,320000.0,,221.0,,"[12, 32, 38]","[32, 12, 38]",CC0 1.0 Universal,7.0,"['alternative rock', 'folk', 'musique libre', 'alt rock', 'royalty free music', 'autoproduction', 'free to use', 'alt folk', 'free music', 'self production', 'best of', 'diy', 'experimental', 'noise rock', 'rock', 'noise']",Feet gone wild
19561,2153,22852.0,,A Monplaisir Best-Of ! Let's hear that crap.,41.0,,,Alpha Hydrae,320000.0,,303.0,,"[12, 32, 38]","[32, 12, 38]",CC0 1.0 Universal,11.0,"['alternative rock', 'folk', 'musique libre', 'alt rock', 'royalty free music', 'autoproduction', 'free to use', 'alt folk', 'free music', 'self production', 'best of', 'diy', 'experimental', 'noise rock', 'rock', 'noise']","Keratine, rust and clear soul"
19562,2154,22852.0,,A Monplaisir Best-Of ! Let's hear that crap.,41.0,,,Alpha Hydrae,320000.0,,144.0,,"[12, 32, 38]","[32, 12, 38]",CC0 1.0 Universal,13.0,"['alternative rock', 'folk', 'musique libre', 'alt rock', 'royalty free music', 'autoproduction', 'free to use', 'alt folk', 'free music', 'self production', 'best of', 'diy', 'experimental', 'noise rock', 'rock', 'noise']",Fish Attack !!!!
19563,2155,22852.0,,A Monplaisir Best-Of ! Let's hear that crap.,41.0,,,Alpha Hydrae,320000.0,,167.0,,"[12, 32, 38]","[32, 12, 38]",CC0 1.0 Universal,19.0,"['alternative rock', 'folk', 'musique libre', 'alt rock', 'royalty free music', 'autoproduction', 'free to use', 'alt folk', 'free music', 'self production', 'best of', 'diy', 'experimental', 'noise rock', 'rock', 'noise']",Trystan
19564,2156,22852.0,,A Monplaisir Best-Of ! Let's hear that crap.,41.0,,,Alpha Hydrae,320000.0,,243.0,,"[12, 32, 38]","[32, 12, 38]",CC0 1.0 Universal,23.0,"['alternative rock', 'folk', 'musique libre', 'alt rock', 'royalty free music', 'autoproduction', 'free to use', 'alt folk', 'free music', 'self production', 'best of', 'diy', 'experimental', 'noise rock', 'rock', 'noise']",Les enfants de l'autodestruction
19565,2157,22852.0,,A Monplaisir Best-Of ! Let's hear that crap.,41.0,,,Alpha Hydrae,320000.0,,194.0,,"[12, 32, 38]","[32, 12, 38]",CC0 1.0 Universal,24.0,"['alternative rock', 'folk', 'musique libre', 'alt rock', 'royalty free music', 'autoproduction', 'free to use', 'alt folk', 'free music', 'self production', 'best of', 'diy', 'experimental', 'noise rock', 'rock', 'noise']",Zapan Marche (feat The Tox)
19566,2158,22852.0,,A Monplaisir Best-Of ! Let's hear that crap.,41.0,,,Alpha Hydrae,320000.0,,177.0,,"[12, 32, 38]","[32, 12, 38]",CC0 1.0 Universal,25.0,"['alternative rock', 'folk', 'musique libre', 'alt rock', 'royalty free music', 'autoproduction', 'free to use', 'alt folk', 'free music', 'self production', 'best of', 'diy', 'experimental', 'noise rock', 'rock', 'noise']",Feet Gone Wild
19567,2159,22852.0,,A Monplaisir Best-Of ! Let's hear that crap.,41.0,,,Alpha Hydrae,320000.0,,368.0,,"[12, 32, 38]","[32, 12, 38]",CC0 1.0 Universal,26.0,"['alternative rock', 'folk', 'musique libre', 'alt rock', 'royalty free music', 'autoproduction', 'free to use', 'alt folk', 'free music', 'self production', 'best of', 'diy', 'experimental', 'noise rock', 'rock', 'noise']",Il y a du bruit partout
19568,2160,22852.0,,A Monplaisir Best-Of ! Let's hear that crap.,41.0,,,Alpha Hydrae,320000.0,,157.0,,"[12, 32, 38]","[32, 12, 38]",CC0 1.0 Universal,38.0,"['alternative rock', 'folk', 'musique libre', 'alt rock', 'royalty free music', 'autoproduction', 'free to use', 'alt folk', 'free music', 'self production', 'best of', 'diy', 'experimental', 'noise rock', 'rock', 'noise']",Hashi&Kiku (Traumerei cover)
19569,2161,22852.0,,A Monplaisir Best-Of ! Let's hear that crap.,41.0,,,Alpha Hydrae,320000.0,,678.0,,"[12, 32, 38]","[32, 12, 38]",CC0 1.0 Universal,40.0,"['alternative rock', 'folk', 'musique libre', 'alt rock', 'royalty free music', 'autoproduction', 'free to use', 'alt folk', 'free music', 'self production', 'best of', 'diy', 'experimental', 'noise rock', 'rock', 'noise']",Gotcha
19570,2162,22852.0,,A Monplaisir Best-Of ! Let's hear that crap.,41.0,,,Alpha Hydrae,320000.0,,258.0,,"[12, 32, 38]","[32, 12, 38]",CC0 1.0 Universal,41.0,"['alternative rock', 'folk', 'musique libre', 'alt rock', 'royalty free music', 'autoproduction', 'free to use', 'alt folk', 'free music', 'self production', 'best of', 'diy', 'experimental', 'noise rock', 'rock', 'noise']",Silence
19571,2163,22852.0,,A Monplaisir Best-Of ! Let's hear that crap.,41.0,,,Alpha Hydrae,320000.0,,372.0,,"[12, 32, 38]","[32, 12, 38]",CC0 1.0 Universal,43.0,"['alternative rock', 'folk', 'musique libre', 'alt rock', 'royalty free music', 'autoproduction', 'free to use', 'alt folk', 'free music', 'self production', 'best of', 'diy', 'experimental', 'noise rock', 'rock', 'noise']",YFMIFY
19572,2164,22852.0,,A Monplaisir Best-Of ! Let's hear that crap.,41.0,,,Comme Jospin,320000.0,,202.0,,"[12, 32, 38]","[32, 12, 38]",CC0 1.0 Universal,27.0,"['alternative rock', 'folk', 'musique libre', 'alt rock', 'royalty free music', 'autoproduction', 'free to use', 'alt folk', 'free music', 'self production', 'best of', 'diy', 'experimental', 'noise rock', 'rock', 'noise']",Pinçon
19573,2165,22852.0,,A Monplaisir Best-Of ! Let's hear that crap.,41.0,,,Cuicuitte,320000.0,,76.0,,"[12, 32, 38]","[32, 12, 38]",CC0 1.0 Universal,5.0,"['alternative rock', 'folk', 'musique libre', 'alt rock', 'royalty free music', 'autoproduction', 'free to use', 'alt folk', 'free music', 'self production', 'best of', 'diy', 'experimental', 'noise rock', 'rock', 'noise']",Viville qui court vite
19574,2166,22852.0,,A Monplaisir Best-Of ! Let's hear that crap.,41.0,,,Cuicuitte,320000.0,,200.0,,"[12, 32, 38]","[32, 12, 38]",CC0 1.0 Universal,31.0,"['alternative rock', 'folk', 'musique libre', 'alt rock', 'royalty free music', 'autoproduction', 'free to use', 'alt folk', 'free music', 'self production', 'best of', 'diy', 'experimental', 'noise rock', 'rock', 'noise']",Mort au chevalier de fer
19575,2167,22852.0,,A Monplaisir Best-Of ! Let's hear that crap.,41.0,,,Cuicuitte (feat Renoncule),320000.0,,309.0,,"[12, 32, 38]","[32, 12, 38]",CC0 1.0 Universal,35.0,"['alternative rock', 'folk', 'musique libre', 'alt rock', 'royalty free music', 'autoproduction', 'free to use', 'alt folk', 'free music', 'self production', 'best of', 'diy', 'experimental', 'noise rock', 'rock', 'noise']","Ne laissons rien trainer, ni limes, ni ficelles"
19576,2168,22852.0,,A Monplaisir Best-Of ! Let's hear that crap.,41.0,,,Demoiselle Döner,320000.0,,790.0,,"[12, 32, 38]","[32, 12, 38]",CC0 1.0 Universal,44.0,"['alternative rock', 'folk', 'musique libre', 'alt rock', 'royalty free music', 'autoproduction', 'free to use', 'alt folk', 'free music', 'self production', 'best of', 'diy', 'experimental', 'noise rock', 'rock', 'noise']",Enter The Dogwave
19577,2169,22852.0,,A Monplaisir Best-Of ! Let's hear that crap.,41.0,,,Frederic Lardon,320000.0,,224.0,,"[12, 32, 38]","[32, 12, 38]",CC0 1.0 Universal,29.0,"['alternative rock', 'folk', 'musique libre', 'alt rock', 'royalty free music', 'autoproduction', 'free to use', 'alt folk', 'free music', 'self production', 'best of', 'diy', 'experimental', 'noise rock', 'rock', 'noise']",De quel couleur est ton Power Rangers ?
19578,2170,22852.0,,A Monplaisir Best-Of ! Let's hear that crap.,41.0,,,Komiku,320000.0,,297.0,,"[12, 32, 38]","[32, 12, 38]",CC0 1.0 Universal,3.0,"['alternative rock', 'folk', 'musique libre', 'alt rock', 'royalty free music', 'autoproduction', 'free to use', 'alt folk', 'free music', 'self production', 'best of', 'diy', 'experimental', 'noise rock', 'rock', 'noise']","Big Person, Tiny cities (world map's theme)"
19579,2171,22852.0,,A Monplaisir Best-Of ! Let's hear that crap.,41.0,,,Komiku,320000.0,,165.0,,"[12, 32, 38]","[32, 12, 38]",CC0 1.0 Universal,10.0,"['alternative rock', 'folk', 'musique libre', 'alt rock', 'royalty free music', 'autoproduction', 'free to use', 'alt folk', 'free music', 'self production', 'best of', 'diy', 'experimental', 'noise rock', 'rock', 'noise']",Battle Theme
19580,2172,22852.0,,A Monplaisir Best-Of ! Let's hear that crap.,41.0,,,Komiku,320000.0,,249.0,,"[12, 32, 38]","[32, 12, 38]",CC0 1.0 Universal,14.0,"['alternative rock', 'folk', 'musique libre', 'alt rock', 'royalty free music', 'autoproduction', 'free to use', 'alt folk', 'free music', 'self production', 'best of', 'diy', 'experimental', 'noise rock', 'rock', 'noise']",La ville aux ponts suspendus
19581,2173,22852.0,,A Monplaisir Best-Of ! Let's hear that crap.,41.0,,,Komiku,320000.0,,212.0,,"[12, 32, 38]","[32, 12, 38]",CC0 1.0 Universal,16.0,"['alternative rock', 'folk', 'musique libre', 'alt rock', 'royalty free music', 'autoproduction', 'free to use', 'alt folk', 'free music', 'self production', 'best of', 'diy', 'experimental', 'noise rock', 'rock', 'noise']",Decisive battle with the childhood friend
19582,2174,22852.0,,A Monplaisir Best-Of ! Let's hear that crap.,41.0,,,Komiku,320000.0,,191.0,,"[12, 32, 38]","[32, 12, 38]",CC0 1.0 Universal,32.0,"['alternative rock', 'folk', 'musique libre', 'alt rock', 'royalty free music', 'autoproduction', 'free to use', 'alt folk', 'free music', 'self production', 'best of', 'diy', 'experimental', 'noise rock', 'rock', 'noise']",Sad walk with sad piano
19583,2175,22852.0,,A Monplaisir Best-Of ! Let's hear that crap.,41.0,,,Monplaisir,320000.0,,191.0,,"[12, 32, 38]","[32, 12, 38]",CC0 1.0 Universal,1.0,"['alternative rock', 'folk', 'musique libre', 'alt rock', 'royalty free music', 'autoproduction', 'free to use', 'alt folk', 'free music', 'self production', 'best of', 'diy', 'experimental', 'noise rock', 'rock', 'noise']",Rien à ajouter
19584,2176,22852.0,,A Monplaisir Best-Of ! Let's hear that crap.,41.0,,,Monplaisir,320000.0,,257.0,,"[12, 32, 38]","[32, 12, 38]",CC0 1.0 Universal,4.0,"['alternative rock', 'folk', 'musique libre', 'alt rock', 'royalty free music', 'autoproduction', 'free to use', 'alt folk', 'free music', 'self production', 'best of', 'diy', 'experimental', 'noise rock', 'rock', 'noise']",Everything is true
19585,2177,22852.0,,A Monplaisir Best-Of ! Let's hear that crap.,41.0,,,Monplaisir,320000.0,,121.0,,"[12, 32, 38]","[32, 12, 38]",CC0 1.0 Universal,6.0,"['alternative rock', 'folk', 'musique libre', 'alt rock', 'royalty free music', 'autoproduction', 'free to use', 'alt folk', 'free music', 'self production', 'best of', 'diy', 'experimental', 'noise rock', 'rock', 'noise']",Encore la bagarre
19586,2178,22852.0,,A Monplaisir Best-Of ! Let's hear that crap.,41.0,,,Monplaisir,320000.0,,120.0,,"[12, 32, 38]","[32, 12, 38]",CC0 1.0 Universal,12.0,"['alternative rock', 'folk', 'musique libre', 'alt rock', 'royalty free music', 'autoproduction', 'free to use', 'alt folk', 'free music', 'self production', 'best of', 'diy', 'experimental', 'noise rock', 'rock', 'noise']",FUCK ME
19587,2179,22852.0,,A Monplaisir Best-Of ! Let's hear that crap.,41.0,,,Monplaisir,320000.0,,166.0,,"[12, 32, 38]","[32, 12, 38]",CC0 1.0 Universal,15.0,"['alternative rock', 'folk', 'musique libre', 'alt rock', 'royalty free music', 'autoproduction', 'free to use', 'alt folk', 'free music', 'self production', 'best of', 'diy', 'experimental', 'noise rock', 'rock', 'noise']",Des câbles au plafond
19588,2180,22852.0,,A Monplaisir Best-Of ! Let's hear that crap.,41.0,,,Monplaisir,320000.0,,153.0,,"[12, 32, 38]","[32, 12, 38]",CC0 1.0 Universal,17.0,"['alternative rock', 'folk', 'musique libre', 'alt rock', 'royalty free music', 'autoproduction', 'free to use', 'alt folk', 'free music', 'self production', 'best of', 'diy', 'experimental', 'noise rock', 'rock', 'noise']",Juillet
19589,2181,22852.0,,A Monplaisir Best-Of ! Let's hear that crap.,41.0,,,Monplaisir,320000.0,,208.0,,"[12, 32, 38]","[32, 12, 38]",CC0 1.0 Universal,18.0,"['alternative rock', 'folk', 'musique libre', 'alt rock', 'royalty free music', 'autoproduction', 'free to use', 'alt folk', 'free music', 'self production', 'best of', 'diy', 'experimental', 'noise rock', 'rock', 'noise']",Forbidden VHS
19590,2182,22852.0,,A Monplaisir Best-Of ! Let's hear that crap.,41.0,,,Monplaisir,320000.0,,250.0,,"[12, 32, 38]","[32, 12, 38]",CC0 1.0 Universal,20.0,"['alternative rock', 'folk', 'musique libre', 'alt rock', 'royalty free music', 'autoproduction', 'free to use', 'alt folk', 'free music', 'self production', 'best of', 'diy', 'experimental', 'noise rock', 'rock', 'noise']",Effraie moi
19591,2183,22852.0,,A Monplaisir Best-Of ! Let's hear that crap.,41.0,,,Monplaisir,320000.0,,256.0,,"[12, 32, 38]","[32, 12, 38]",CC0 1.0 Universal,22.0,"['alternative rock', 'folk', 'musique libre', 'alt rock', 'royalty free music', 'autoproduction', 'free to use', 'alt folk', 'free music', 'self production', 'best of', 'diy', 'experimental', 'noise rock', 'rock', 'noise']",L'été sera chaud
19592,2184,22852.0,,A Monplaisir Best-Of ! Let's hear that crap.,41.0,,,Monplaisir,320000.0,,178.0,,"[12, 32, 38]","[32, 12, 38]",CC0 1.0 Universal,34.0,"['alternative rock', 'folk', 'musique libre', 'alt rock', 'royalty free music', 'autoproduction', 'free to use', 'alt folk', 'free music', 'self production', 'best of', 'diy', 'experimental', 'noise rock', 'rock', 'noise']","The Rise, The Walk, The Hope"
19593,2185,22852.0,,A Monplaisir Best-Of ! Let's hear that crap.,41.0,,,Monplaisir,320000.0,,320.0,,"[12, 32, 38]","[32, 12, 38]",CC0 1.0 Universal,37.0,"['alternative rock', 'folk', 'musique libre', 'alt rock', 'royalty free music', 'autoproduction', 'free to use', 'alt folk', 'free music', 'self production', 'best of', 'diy', 'experimental', 'noise rock', 'rock', 'noise']",Toi + Moi + Plat du jour et dessert
19594,2186,22852.0,,A Monplaisir Best-Of ! Let's hear that crap.,41.0,,,Monplaisir,320000.0,,373.0,,"[12, 32, 38]","[32, 12, 38]",CC0 1.0 Universal,39.0,"['alternative rock', 'folk', 'musique libre', 'alt rock', 'royalty free music', 'autoproduction', 'free to use', 'alt folk', 'free music', 'self production', 'best of', 'diy', 'experimental', 'noise rock', 'rock', 'noise']",Du bleu sur ton visage
19595,2187,22852.0,,A Monplaisir Best-Of ! Let's hear that crap.,41.0,,,Monplaisir,320000.0,,217.0,,"[12, 32, 38]","[32, 12, 38]",CC0 1.0 Universal,42.0,"['alternative rock', 'folk', 'musique libre', 'alt rock', 'royalty free music', 'autoproduction', 'free to use', 'alt folk', 'free music', 'self production', 'best of', 'diy', 'experimental', 'noise rock', 'rock', 'noise']",Ce flou entre nous
19596,2188,22852.0,,A Monplaisir Best-Of ! Let's hear that crap.,41.0,,,Monplaisir feat Southman,320000.0,,185.0,,"[12, 32, 38]","[32, 12, 38]",CC0 1.0 Universal,36.0,"['alternative rock', 'folk', 'musique libre', 'alt rock', 'royalty free music', 'autoproduction', 'free to use', 'alt folk', 'free music', 'self production', 'best of', 'diy', 'experimental', 'noise rock', 'rock', 'noise']",Harmonie dans l'arythmie
19597,2189,22852.0,,A Monplaisir Best-Of ! Let's hear that crap.,41.0,,,U-Man,320000.0,,81.0,,"[12, 32, 38]","[32, 12, 38]",CC0 1.0 Universal,8.0,"['alternative rock', 'folk', 'musique libre', 'alt rock', 'royalty free music', 'autoproduction', 'free to use', 'alt folk', 'free music', 'self production', 'best of', 'diy', 'experimental', 'noise rock', 'rock', 'noise']",Koala (radio edit)
19598,2190,22852.0,,A Monplaisir Best-Of ! Let's hear that crap.,41.0,,,U-Man,320000.0,,138.0,,"[12, 32, 38]","[32, 12, 38]",CC0 1.0 Universal,28.0,"['alternative rock', 'folk', 'musique libre', 'alt rock', 'royalty free music', 'autoproduction', 'free to use', 'alt folk', 'free music', 'self production', 'best of', 'diy', 'experimental', 'noise rock', 'rock', 'noise']",Pizza
19599,2191,22852.0,,A Monplaisir Best-Of ! Let's hear that crap.,41.0,,,U-Man,320000.0,,166.0,,"[12, 32, 38]","[32, 12, 38]",CC0 1.0 Universal,33.0,"['alternative rock', 'folk', 'musique libre', 'alt rock', 'royalty free music', 'autoproduction', 'free to use', 'alt folk', 'free music', 'self production', 'best of', 'diy', 'experimental', 'noise rock', 'rock', 'noise']","Et vous, avez-vous votre code ?"
19687,2192,22910.0,,It's time for adventure ! vol 4,14.0,,,Komiku,320000.0,,121.0,,"[17, 18, 38]","[17, 18, 1235, 38]",CC0 1.0 Universal,1.0,"['j rpg', 'video game', 'role playing game', 'royalty free music', 'theme', 'soundtrack', 'rpg', 'folk', 'role play', 'creative commons 0', 'domaine publique', 'public domain']",Opening
19688,2193,22910.0,,It's time for adventure ! vol 4,14.0,,,Komiku,320000.0,,213.0,,"[17, 18, 38]","[17, 18, 1235, 38]",CC0 1.0 Universal,2.0,"['j rpg', 'video game', 'role playing game', 'royalty free music', 'theme', 'soundtrack', 'rpg', 'folk', 'role play', 'creative commons 0', 'domaine publique', 'public domain']",Every myths are true stories
19689,2194,22910.0,,It's time for adventure ! vol 4,14.0,,,Komiku,320000.0,,117.0,,"[17, 18, 38]","[17, 18, 1235, 38]",CC0 1.0 Universal,3.0,"['j rpg', 'video game', 'role playing game', 'royalty free music', 'theme', 'soundtrack', 'rpg', 'folk', 'role play', 'creative commons 0', 'domaine publique', 'public domain']",Where you hear the prayer (McGuffin theme)
19690,2195,22910.0,,It's time for adventure ! vol 4,14.0,,,Komiku,320000.0,,141.0,,"[17, 18, 38]","[17, 18, 1235, 38]",CC0 1.0 Universal,4.0,"['j rpg', 'video game', 'role playing game', 'royalty free music', 'theme', 'soundtrack', 'rpg', 'folk', 'role play', 'creative commons 0', 'domaine publique', 'public domain']",I got 99 broadswords but this one isn't one (store's theme)
19691,2196,22910.0,,It's time for adventure ! vol 4,14.0,,,Komiku,320000.0,,184.0,,"[17, 18, 38]","[17, 18, 1235, 38]",CC0 1.0 Universal,5.0,"['j rpg', 'video game', 'role playing game', 'royalty free music', 'theme', 'soundtrack', 'rpg', 'folk', 'role play', 'creative commons 0', 'domaine publique', 'public domain']","Sorry, I'm maybe available in an other minor quest ! (Bonus Character's theme)"
19692,2197,22910.0,,It's time for adventure ! vol 4,14.0,,,Komiku,320000.0,,169.0,,"[17, 18, 38]","[17, 18, 1235, 38]",CC0 1.0 Universal,6.0,"['j rpg', 'video game', 'role playing game', 'royalty free music', 'theme', 'soundtrack', 'rpg', 'folk', 'role play', 'creative commons 0', 'domaine publique', 'public domain']",Someday I'll like you but before let me rest in my solitude (Lonely character's theme)
19693,2198,22910.0,,It's time for adventure ! vol 4,14.0,,,Komiku,320000.0,,117.0,,"[17, 18, 38]","[17, 18, 1235, 38]",CC0 1.0 Universal,7.0,"['j rpg', 'video game', 'role playing game', 'royalty free music', 'theme', 'soundtrack', 'rpg', 'folk', 'role play', 'creative commons 0', 'domaine publique', 'public domain']",STOP TALKING AND MOVING !! (Game's Mascott's theme)
19694,2199,22910.0,,It's time for adventure ! vol 4,14.0,,,Komiku,320000.0,,196.0,,"[17, 18, 38]","[17, 18, 1235, 38]",CC0 1.0 Universal,8.0,"['j rpg', 'video game', 'role playing game', 'royalty free music', 'theme', 'soundtrack', 'rpg', 'folk', 'role play', 'creative commons 0', 'domaine publique', 'public domain']","Fight the apocalypse, but before a quick nap"
19695,2200,22910.0,,It's time for adventure ! vol 4,14.0,,,Komiku,320000.0,,189.0,,"[17, 18, 38]","[17, 18, 1235, 38]",CC0 1.0 Universal,9.0,"['j rpg', 'video game', 'role playing game', 'royalty free music', 'theme', 'soundtrack', 'rpg', 'folk', 'role play', 'creative commons 0', 'domaine publique', 'public domain']",Run ! That boss was a bearing wall !
19696,2201,22910.0,,It's time for adventure ! vol 4,14.0,,,Komiku,320000.0,,166.0,,"[17, 18, 38]","[17, 18, 1235, 38]",CC0 1.0 Universal,10.0,"['j rpg', 'video game', 'role playing game', 'royalty free music', 'theme', 'soundtrack', 'rpg', 'folk', 'role play', 'creative commons 0', 'domaine publique', 'public domain']","My hobby, destroy the universe, why ? (Evil character's theme)"
19697,2202,22910.0,,It's time for adventure ! vol 4,14.0,,,Komiku,320000.0,,177.0,,"[17, 18, 38]","[17, 18, 1235, 38]",CC0 1.0 Universal,11.0,"['j rpg', 'video game', 'role playing game', 'royalty free music', 'theme', 'soundtrack', 'rpg', 'folk', 'role play', 'creative commons 0', 'domaine publique', 'public domain']","Wake up, heroic figure"
19698,2203,22910.0,,It's time for adventure ! vol 4,14.0,,,Komiku,320000.0,,193.0,,"[17, 18, 38]","[17, 18, 1235, 38]",CC0 1.0 Universal,12.0,"['j rpg', 'video game', 'role playing game', 'royalty free music', 'theme', 'soundtrack', 'rpg', 'folk', 'role play', 'creative commons 0', 'domaine publique', 'public domain']",The Upside Down World
19699,2204,22910.0,,It's time for adventure ! vol 4,14.0,,,Komiku,320000.0,,226.0,,"[17, 18, 38]","[17, 18, 1235, 38]",CC0 1.0 Universal,13.0,"['j rpg', 'video game', 'role playing game', 'royalty free music', 'theme', 'soundtrack', 'rpg', 'folk', 'role play', 'creative commons 0', 'domaine publique', 'public domain']",Nothing will grow here
19700,2205,22910.0,,It's time for adventure ! vol 4,14.0,,,Komiku,320000.0,,289.0,,"[17, 18, 38]","[17, 18, 1235, 38]",CC0 1.0 Universal,14.0,"['j rpg', 'video game', 'role playing game', 'royalty free music', 'theme', 'soundtrack', 'rpg', 'folk', 'role play', 'creative commons 0', 'domaine publique', 'public domain']",The Ultimate Threat
19724,2206,22931.0,,Dog Wave,3.0,,,Demoiselle Döner,320000.0,,790.0,,"[15, 32, 38]","[32, 38, 15]",CC0 1.0 Universal,1.0,"['noise', 'stretching is magic', 'free music', 'sample', 'psychedelic', 'dogs', 'dog wave', 'vaporwave', 'public domain', 'electro', 'paulstretch', 'dogwave', 'sad', 'doggos', 'royalty free music', 'remix', 'cold']",Enter the Dogwave
19725,2207,22931.0,,Dog Wave,3.0,,,Demoiselle Döner,320000.0,,625.0,,"[15, 32, 38]","[32, 38, 15]",CC0 1.0 Universal,2.0,"['noise', 'stretching is magic', 'free music', 'sample', 'psychedelic', 'dogs', 'dog wave', 'vaporwave', 'public domain', 'electro', 'paulstretch', 'dogwave', 'sad', 'doggos', 'royalty free music', 'remix', 'cold']",Bark as Hell
19726,2208,22931.0,,Dog Wave,3.0,,,Demoiselle Döner,320000.0,,568.0,,"[15, 32, 38]","[32, 38, 15]",CC0 1.0 Universal,3.0,"['noise', 'stretching is magic', 'free music', 'sample', 'psychedelic', 'dogs', 'dog wave', 'vaporwave', 'public domain', 'electro', 'paulstretch', 'dogwave', 'sad', 'doggos', 'royalty free music', 'remix', 'cold']",Fetch for your Life
